,Species,Carbon source,model,RSS,RMSD,bic,aic,weighted_bic,weighted_aic,y0,K,r,nu,q0,v,has_lag,has_nu,max_growth_rate,min_doubling_time,lag,Binary growth evaluation,Yield
0,At,Acetate,Model(BaranyiRoberts),0.342541699,0.028558282,-2950.63744,-2974.878968,0.11836731,0.528149506,0.05221787,1.020732745,0.132840143,0.733051619,0.0001,0.805843328,TRUE,FALSE,0.102861715,6.585279724,19.87949374,1,0.943733333
1,At,Adenosine,Model(LogisticLag2),0.009154006,0.004495277,-4866.104011,-4886.683471,0.42883423,0.550660871,0.048881388,0.206117461,0.019478372,1,0.034240917,0.405796188,TRUE,FALSE,0.013901283,56.89793961,14.39990459,1,0.0611
2,At,Cysteine,Model(BaranyiRoberts),0.554284958,0.052125648,-1173.363336,-1193.272056,0.00030748,0.024762138,0.034964245,0.493507524,0.623142594,1.200788904,17897772.82,43357695.47,FALSE,FALSE,0.57070843,1.190704593,1.302379856,1,0.510566667
3,At,D-Arabinose,Model(BaranyiRoberts),0.612285607,0.043471489,-1997.216721,-2019.901182,0.048000209,0.255067273,0.049512928,1.384247179,0.207414487,0.560823785,0.0001,1.024618563,TRUE,TRUE,0.145818031,4.485332555,16.19764433,1,1.2653
4,At,D-Glucose,Model(BaranyiRoberts),0.460481107,0.040846172,-1731.541666,-1753.264072,0.003405841,0.090030568,0.020835288,1.385030018,1.069021094,0.1,2.91622E+11,2.10565E+11,FALSE,TRUE,0.239356984,2.025414303,5.542732148,1,1.321533333
5,At,D-Xylose,Model(BaranyiRoberts),0.514576041,0.040226405,-2009.043028,-2031.615336,0.002968835,0.090030593,0.019595626,1.355156311,1.081639308,0.1,2.76426E+11,1.99885E+11,FALSE,TRUE,0.242512819,2.01548771,5.568367182,1,1.330333333
6,At,Formate,Model(BaranyiRoberts),0.01406308,0.005571744,-4665.487445,-4690.182798,0.867784693,0.980912657,0.047146348,0.187516062,1.189670601,0.100000002,0.0001,0.378671466,TRUE,TRUE,0.077808041,9.974140807,23.17122896,1,0.141966667
7,At,Fumarate,Model(BaranyiRoberts),0.024695694,0.012346763,-1393.247502,-1411.77308,0.005690615,0.090030573,0.02686432,0.735547615,0.618025924,0.397541285,1.72781E+11,1.26058E+11,FALSE,TRUE,0.366247898,1.620787454,2.58911964,1,0.677633333
8,At,Glutarate,Model(BaranyiRoberts),0.164494795,0.019055791,-3551.412766,-3576.108119,0.002104006,0.09003055,0.022092196,0.611677743,0.604889899,0.100000001,7207127100,5214989002,FALSE,TRUE,0.12911974,4.458138694,6.157932384,1,0.553
9,At,Glycerol,Model(BaranyiRoberts),0.732077419,0.044723724,-2239.092056,-2262.507856,0.002589794,0.090030578,0.015164479,1.316791203,0.850463638,0.1,1.22239E+11,88279609787,FALSE,TRUE,0.191788334,2.441886331,7.751114095,1,1.2713
10,At,Glycine,,,,,,,,,,,,,,,,,,,0,0
11,At,Inosine,Model(BaranyiRoberts),0.052874454,0.010803733,-4065.549023,-4090.244376,0.04592196,0.273714822,0.047964479,0.325868504,0.045919262,1.278050503,0.008069258,0.149117788,TRUE,TRUE,0.033668494,21.45951507,40.27333833,1,0.152733333
12,At,L-Alanine,Model(BaranyiRoberts),0.178892453,0.021583924,-2910.195548,-2933.899403,1.27E-12,9.16E-12,0.018770682,0.853743354,0.196551219,0.515061827,1.72898E+11,1.24994E+11,TRUE,TRUE,0.134886997,4.227310644,10.22155335,1,0.8133
13,At,L-Arginine,Model(BaranyiRoberts),0.077934668,0.015654954,-2609.259266,-2631.831575,0.216813636,0.928842446,0.048414378,1.008572369,0.161569173,0.782727522,0.000100001,2.560142838,FALSE,TRUE,0.128747409,5.038719275,10.84352722,1,0.924733333
14,At,L-Aspartate,Model(BaranyiRoberts),0.067804901,0.019092996,-1441.182869,-1460.537349,0.004917553,0.101536068,0.049557138,0.831033504,0.194438124,1.392419625,0.000100583,10.55666817,FALSE,TRUE,0.179717416,3.69103826,6.183872373,1,0.780433333
15,At,L-Glutamate,Model(BaranyiRoberts),0.192614678,0.029455622,-1532.626428,-1553.042492,0.985978139,0.999529982,0.052010005,1.167758637,0.467626062,0.300290583,0.0001,1.586825248,TRUE,TRUE,0.227984319,2.96185074,9.17811268,1,1.038866667
16,At,L-Glutamine,Model(BaranyiRoberts),0.08096246,0.018844058,-1778.454219,-1799.030292,0.004096688,0.090030584,0.021991259,1.090519021,1.376141929,0.1,3.86204E+11,2.79265E+11,FALSE,TRUE,0.304983061,1.673061951,3.762648615,1,1.029933333
17,At,L-Histidine,Model(BaranyiRoberts),0.118485242,0.020497815,-2158.663008,-2180.51445,0.005930231,0.149795915,0.048166753,0.92499685,0.100765614,2.369356654,0.000100001,3.903923986,FALSE,TRUE,0.098979396,6.913872206,15.14728692,1,0.875433333
18,At,L-Isoleucine,,,,,,,,,,,,,,,,,,,0,0.0099
19,At,L-Lactate,Model(BaranyiRoberts),0.147982347,0.025147628,-1690.90819,-1711.640117,0.111273513,0.438467243,0.049296517,1.065754188,1.209093638,0.1,0.0001,2.919163927,TRUE,TRUE,0.251954751,2.614684129,5.720848752,1,0.981933333
20,At,L-leucine,Model(BaranyiRoberts),0.028143759,0.0078821,-4351.20841,-4375.903762,0.002723742,0.087527029,0.053242447,0.120426343,0.580695431,0.100000421,0.003505666,0.139794597,TRUE,FALSE,0.019959539,57.42687132,33.76975438,1,0.059
21,At,Malate,Model(BaranyiRoberts),0.06255428,0.015393116,-2170.329111,-2191.784805,0.003555581,0.090030699,0.041929904,0.765812774,1.415749412,0.100000001,216191320.6,157153365.6,FALSE,TRUE,0.289898332,2.201507063,1.896038484,1,0.7233
22,At,Mannitol,Model(BaranyiRoberts),0.082488103,0.020108542,-1561.988403,-1581.897123,0.00456032,0.090030572,0.004017784,0.99774524,1.851449269,0.1,64553988403,46785696069,FALSE,TRUE,0.426744964,0.918543544,4.869780981,1,0.941133333
23,At,Mannose,Model(BaranyiRoberts),0.391755599,0.039428235,-1596.393066,-1617.569641,0.090381409,0.368571236,0.043800134,1.380629788,1.138147548,0.100000003,0.059368528,0.339526769,TRUE,TRUE,0.179288157,3.95064509,11.87289354,1,1.1949
24,At,Myo-inositol,Model(BaranyiRoberts),0.444853576,0.044171395,-1389.997031,-1410.573105,0.004096687,0.090030572,0.033924578,1.397989542,1.085441085,0.1,1.92375E+11,1.39017E+11,FALSE,TRUE,0.238212402,2.24342398,4.344368887,1,1.286333333
25,At,Orotate,Model(BaranyiRoberts),0.02191383,0.009110814,-2447.243127,-2468.698822,0.788383661,0.957023912,0.049918212,0.180406919,1.334125857,0.100000033,0.0001,1.34283849,TRUE,TRUE,0.115073084,7.176913024,6.808122446,1,0.129466667
26,At,Phenylalanine,,,,,,,,,,,,,,,,,,,0,0.0383
27,At,Proline,Model(BaranyiRoberts),0.546599306,0.043118225,-1814.45852,-1836.559999,0.003203624,0.090030552,0.012151749,1.380642583,0.870803676,0.100000013,28745315176,20791507480,FALSE,TRUE,0.197661978,2.255616728,8.311804976,1,1.22
28,At,Ribose,Model(BaranyiRoberts),0.680631881,0.043481538,-2222.18495,-2245.501574,0.002411031,0.093056301,0.049778223,1.406911204,0.091559621,1.42276439,0.000110017,3.957039077,FALSE,TRUE,0.085398124,7.68590813,18.62767421,1,1.303666667
29,At,Sucrose,Model(BaranyiRoberts),0.14921101,0.027877243,-1343.153749,-1362.698721,0.162626297,0.834611502,0.050224666,1.088676028,1.589953484,0.1,0.0001,3.678284248,FALSE,TRUE,0.331251329,2.017142142,4.446511542,1,1.018833333
30,At,Uridine,Model(BaranyiRoberts),0.066031087,0.012073276,-3964.890001,-3989.585353,0.922959516,0.989451848,0.049503484,1.045645987,0.310866617,0.1,0.0001,0.701840832,TRUE,TRUE,0.064563042,10.35194917,22.98532551,1,0.5915
31,At,No CS,,,,,,,,,,,,,,,,,,,0,0
32,Ct,Acetate,Model(BaranyiRoberts),0.090836411,0.022848377,-1284.094234,-1303.048565,0.090181981,0.324780707,0.050478899,1.332169858,0.891126857,0.204632404,0.0001,1.378835731,TRUE,TRUE,0.324664011,2.147119342,9.108176146,1,1.173
33,Ct,Adenosine,,,,,,,,,,,,,,,,,,,0,0.001666667
34,Ct,Cysteine,Model(BaranyiRoberts),0.038853088,0.025447032,-415.9726699,-428.5387373,0.004727866,0.045249002,0.044816355,0.153357271,0.284200373,9.592340124,0.678787216,26.20686488,FALSE,FALSE,0.287818686,2.439050161,0.887627085,1,0.138666667
35,Ct,D-arabinose,,,,,,,,,,,,,,,,,,,0,0.006666667
36,Ct,D-Glucose,,,,,,,,,,,,,,,,,,,0,0.013333333
37,Ct,D-xylose,,,,,,,,,,,,,,,,,,,0,0.011
38,Ct,Formate,,,,,,,,,,,,,,,,,,,0,0.007333333
39,Ct,Fumarate,Model(BaranyiRoberts),1.628430553,0.076812178,-1382.926024,-1404.64843,0.000483135,0.042621298,0.0001,0.957986606,3.74928836,0.116838909,12183526528,9466088494,FALSE,FALSE,1.06084621,0.27619286,3.682985332,1,0.997333333
40,Ct,Glutarate,Model(BaranyiRoberts),0.109333265,0.022192165,-1658.343033,-1678.759097,0.002059331,0.112475949,0.04979666,1.251372843,0.146123026,1.214171033,0.000100146,4.841466479,FALSE,FALSE,0.132291194,4.924076855,11.2065006,1,1.098666667
41,Ct,Glycerol,,,,,,,,,,,,,,,,,,,0,0.01
42,Ct,Glycine,Model(BaranyiRoberts),0.124275655,0.017201582,-3376.471777,-3400.713305,0.166011136,0.600119291,0.048264055,0.634580311,0.57358507,0.339246672,0.0001,0.255849779,TRUE,TRUE,0.144187018,4.903931709,36.06784393,1,0.587666667
43,Ct,Inosine,,,,,,,,,,,,,,,,,,,0,0.003666667
44,Ct,L-alanine,Model(BaranyiRoberts),0.009206213,0.004508078,-4857.41192,-4882.107272,0.00406223,0.142272556,0.049588331,0.194929646,0.519350858,0.100023182,0.012408866,0.095134095,TRUE,FALSE,0.025956918,29.62017573,38.32743434,1,0.097333333
45,Ct,L-arginine,,,,,,,,,,,,,,,,,,,0,0.008333333
46,Ct,L-aspartate,Model(BaranyiRoberts),0.247714773,0.044339489,-756.1839691,-773.2016606,0.038786599,0.268403731,0.049426625,1.001924043,0.430040916,1.357555345,0.0001,2.039344542,TRUE,FALSE,0.400262295,1.743590813,7.210219648,1,1.038666667
47,Ct,L-glutamate,Model(BaranyiRoberts),0.110448131,0.029606967,-857.9581972,-874.9758887,0.108269459,0.333944797,0.049547341,1.397687934,2.794039927,0.1,0.0001,2.431312885,TRUE,TRUE,0.566137821,1.218412857,5.098341506,1,1.349
48,Ct,L-glutamine,Model(BaranyiRoberts),0.115273705,0.028293318,-996.9384494,-1014.757329,4.98E-06,2.20E-05,0.007768531,1.488542199,1.795320813,0.1,1.36379E+11,98921427812,TRUE,TRUE,0.412734729,1.008425092,4.692373032,1,1.341
49,Ct,L-histidine,Model(BaranyiRoberts),0.072749771,0.017410458,-1911.444592,-1932.328426,0.110332631,0.414103195,0.050800174,1.054287171,0.279038962,0.87968276,0.0001,0.667645406,TRUE,FALSE,0.217248898,3.242117117,17.94440307,1,1.004666667
50,Ct,L-isoleucine,Model(BaranyiRoberts),0.291606721,0.025371706,-3292.057981,-3316.753333,0.070380557,0.372171518,0.047106336,1.102633245,1.37248176,1.388093472,0.00691418,0.042386846,TRUE,FALSE,0.078755901,8.991839061,51.463273,1,0.998
51,Ct,L-Lactate,Model(BaranyiRoberts),0.10930005,0.027550465,-1004.601048,-1022.419928,0.936904805,0.98497417,0.047860458,1.320895592,0.607562686,0.56011623,0.0001,1.396451856,TRUE,TRUE,0.41441368,1.680708486,8.985911594,1,1.275333333
52,Ct,L-leucine,Model(BaranyiRoberts),0.124287621,0.020560812,-2249.907094,-2272.008573,0.063549446,0.299750014,0.056090803,1.327668992,0.843056538,0.135907903,0.0001,0.601165837,TRUE,TRUE,0.195561631,3.628600823,18.44786757,1,1.192666667
53,Ct,Malate,Model(BaranyiRoberts),0.189320135,0.032985554,-1156.31225,-1175.266582,0.005313753,0.090030569,0.001297435,0.978191977,3.623299496,0.1,7223730930,5305856950,FALSE,TRUE,0.85848217,0.406211767,3.094536541,1,0.969
54,Ct,Mannitol,,,,,,,,,,,,,,,,,,,0,0.007333333
55,Ct,Mannose,,,,,,,,,,,,,,,,,,,0,0.009
56,Ct,myo-inositol,,,,,,,,,,,,,,,,,,,0,0.015
57,Ct,Orotate,Model(BaranyiRoberts),0.034396655,0.008713828,-4260.321346,-4285.016699,0.009541765,0.220359806,0.051569836,0.105305742,2.958114412,5.378748886,0.001017456,0.036374044,TRUE,FALSE,0.016093295,72.99257591,32.58912297,1,0.055666667
58,Ct,Phenylalanine,Model(BaranyiRoberts),0.099789792,0.015874332,-3245.408539,-3269.297025,0.470507874,0.866759007,0.056097646,1.141333247,0.643224902,0.1,0.0001,0.520496634,TRUE,TRUE,0.120963514,5.944694695,22.29848542,1,0.932
59,Ct,Proline,Model(BaranyiRoberts),0.036599766,0.010830833,-2789.365569,-2811.823588,0.199631073,0.618432397,0.053638714,1.321551572,0.44081574,0.404103083,0.0001,0.666874784,TRUE,TRUE,0.233776787,3.018212657,17.18739331,1,1.259333333
60,Ct,Ribose,,,,,,,,,,,,,,,,,,,0,0.003
61,Ct,Sucrose,,,,,,,,,,,,,,,,,,,0,0.007
62,Ct,Uridine,,,,,,,,,,,,,,,,,,,0,0.027666667
63,Ct,No CS,,,,,,,,,,,,,,,,,,,0,0.004333333
64,Oa,Acetate,Model(BaranyiRoberts),0.3353122,0.03524056,-1773.010572,-1794.601104,0.96235928,0.993571165,0.057874403,1.149499914,1.49835984,0.1,0.000128499,0.605243094,TRUE,TRUE,0.227578349,3.107148815,16.67519529,1,1.102
65,Oa,Adenosine,,,,,,,,,,,,,,,,,,,0,0.039666667
66,Oa,Cysteine,Model(BaranyiRoberts),0.100265136,0.016551388,-2966.725032,-2990.140832,0.000365255,0.048264398,0.041206367,0.268834772,0.359049202,1.879908187,44869827668,33740517622,FALSE,FALSE,0.341051279,2.075603381,1.045227682,1,0.236
67,Oa,D-arabinose,Model(BaranyiRoberts),0.50399298,0.034890892,-2742.223194,-2766.37839,0.999174323,0.999889614,0.044614409,1.066922077,0.729808802,2.584515559,0.013775564,0.063005344,TRUE,TRUE,0.127454862,5.593468468,40.68836234,1,1.037666667
68,Oa,D-Glucose,Model(BaranyiRoberts),0.591842259,0.048462154,-1492.417369,-1513.593944,0.998874868,0.999807157,0.048951236,1.115225556,2.674368077,0.100000044,0.0001,0.630926043,TRUE,TRUE,0.34038268,2.059378823,15.53023261,1,1.153
69,Oa,D-xylose,Model(BaranyiRoberts),0.312828304,0.032619654,-1978.528605,-2000.630083,0.064954959,0.312921547,0.055873179,1.136891488,0.533839054,0.781619855,0.004073761,0.253070286,TRUE,FALSE,0.219059588,3.236319653,21.90597218,1,1.139333333
70,Oa,Formate,,,,,,,,,,,,,,,,,,,0,0.003
71,Oa,Fumarate,Model(BaranyiRoberts),0.165251138,0.032546923,-1038.323471,-1056.622607,1.60E-10,7.36E-10,0.007042983,1.078689946,0.474719573,1.22824355,3.302793326,791.089785,TRUE,TRUE,0.44534627,1.456678901,6.365106318,1,1.061333333
72,Oa,Glutarate,Model(BaranyiRoberts),0.29965175,0.03099068,-2133.360881,-2155.8189,0.999732289,0.999958792,0.056466786,1.087608458,3.017803422,0.1,0.0001,0.532255634,TRUE,TRUE,0.31307643,2.237640418,17.61793268,1,1.102666667
73,Oa,Glycerol,,,,,,,,,,,,,,,,,,,0,0.018333333
74,Oa,Glycine,Model(BaranyiRoberts),0.012840241,0.006974043,-2588.360075,-2609.81577,0.062703064,0.285648058,0.047434465,0.175379573,7.998608532,2.851059169,0.000550158,0.09470839,TRUE,TRUE,0.068927718,11.35977644,25.23495732,1,0.131333333
75,Oa,Inosine,Model(LogisticLag2),0.007283644,0.004009823,-4969.641865,-4990.221326,0.23832832,0.193656709,0.050135555,0.401261769,0.08552949,1,0.0001,0.174398556,TRUE,TRUE,0.053596926,13.37441608,57.57162256,1,0.153666667
76,Oa,L-alanine,Model(BaranyiRoberts),1.064368928,0.062786202,-1461.140239,-1482.730771,0.003479086,0.090030568,0.0001,1.086934101,1.613830114,0.113292685,31450054460,22785098419,FALSE,TRUE,0.417038407,0.675467134,9.196648412,1,1.123
77,Oa,L-arginine,Model(BaranyiRoberts),0.064058132,0.016071681,-2015.744902,-2036.825474,0.003526885,0.087201753,0.031557179,1.013207479,0.219452641,9.99963873,0.363104326,0.000100003,FALSE,TRUE,0.058672216,11.85119842,37.12241464,1,0.9345
78,Oa,L-aspartate,Model(BaranyiRoberts),0.563404581,0.041319325,-2068.245926,-2091.040482,0.002859625,0.09007302,0.046223781,2.155509944,0.372379314,0.100000523,16.19178497,0.000100001,FALSE,TRUE,0.07728874,6.715020576,14.40941994,1,1.015666667
79,Oa,L-glutamate,Model(BaranyiRoberts),0.59319815,0.046872489,-1618.98463,-1640.575162,5.99E-08,2.19E-06,0.000777273,0.989167273,0.481312896,0.641402183,33584285547,24287665021,TRUE,FALSE,0.374023046,1.440996552,10.88483324,1,1.022333333
80,Oa,L-glutamine,Model(BaranyiRoberts),0.447668397,0.031436133,-3097.881015,-3122.576368,0.002668269,0.111539826,0.049213911,1.081787457,0.056758715,6.353443477,0.0001,2.746867607,FALSE,TRUE,0.056780039,12.24099099,33.49113295,1,1.061
81,Oa,L-histidine,Model(BaranyiRoberts),0.226389066,0.028956485,-1879.068459,-1900.658991,1,1,0.060878304,1.145853315,1.626085988,0.1,0.002820053,0.357970902,TRUE,TRUE,0.188066938,3.782615949,17.53424151,1,1.098333333
82,Oa,L-isoleucine,Model(BaranyiRoberts),0.023674313,0.007229189,-4429.547964,-4454.243317,0.002167231,0.077355214,0.049179022,0.221604843,0.603498121,0.101490768,0.051223185,0.068721885,TRUE,FALSE,0.025909338,28.71343566,29.74383837,1,0.130333333
83,Oa,L-Lactate,Model(BaranyiRoberts),0.319893691,0.037960013,-1420.00649,-1440.422554,0.999119575,0.99983926,0.051206109,1.072080829,3.342828147,0.1,0.0001,0.706669629,TRUE,TRUE,0.392532775,1.814133578,13.58904937,1,1.091333333
84,Oa,L-leucine,,,,,,,,,,,,,,,,,,,0,0.138
85,Oa,Malate,Model(BaranyiRoberts),0.258353086,0.040695326,-968.6131818,-986.9123178,0.005900052,0.09003056,0.000234919,1.210025862,2.7491696,0.100000011,45742571650,33231402121,FALSE,TRUE,0.645104062,0.442206095,5.421537508,1,1.190333333
86,Oa,Mannitol,Model(BaranyiRoberts),0.235791439,0.022814708,-3388.301622,-3412.996974,0.998900088,0.999859389,0.040962504,1.259489621,0.186457634,4.211077715,0.03545931,0.060128045,TRUE,TRUE,0.106100147,6.649427205,55.29079936,1,1.244666667
87,Oa,Mannose,Model(BaranyiRoberts),0.192115651,0.024128171,-2423.293074,-2446.08763,0.374834278,0.932404569,0.051444473,1.151667039,0.98613847,0.239292329,0.002035446,0.199265099,TRUE,FALSE,0.163179206,4.348251029,29.78769965,1,1.116
88,Oa,myo-inositol,Model(BaranyiRoberts),0.527523021,0.043251,-1737.523053,-1759.374496,0.997828594,0.999647908,0.053470201,1.075603275,2.922644878,0.100000001,0.0001,0.508897234,TRUE,TRUE,0.305730227,2.304624069,18.44599332,1,1.095666667
89,Oa,Orotate,,,,,,,,,,,,,,,,,,,0,0.011
90,Oa,Phenylalanine,,,,,,,,,,,,,,,,,,,0,0.016666667
91,Oa,Proline,Model(BaranyiRoberts),0.493393876,0.038666949,-2112.03369,-2134.828246,0.692705785,0.939187978,0.046485212,1.423795073,0.168985149,1.936174333,0.410642041,0.047411779,TRUE,TRUE,0.09548437,7.320473251,24.71516784,1,1.402
92,Oa,Ribose,Model(BaranyiRoberts),0.264513318,0.025462069,-2959.113785,-2983.181388,0.122244916,0.508572291,0.046577225,1.084386079,0.198034431,1.412573714,0.04163253,0.092278534,TRUE,FALSE,0.10292366,6.873470693,35.93227212,1,1.065
93,Oa,Sucrose,Model(BaranyiRoberts),0.323114129,0.037645282,-1462.897656,-1483.47373,0.999699027,0.999945805,0.05125849,1.259697956,2.926737825,0.100000001,0.0001,0.595113326,TRUE,TRUE,0.354890044,1.977255033,16.27322222,1,1.257666667
94,Oa,Uridine,,,,,,,,,,,,,,,,,,,0,0.016666667
95,Oa,No CS,,,,,,,,,,,,,,,,,,,0,6.94E-18
96,Ml,Acetate,Model(BaranyiRoberts),0.493929812,0.041128341,-1829.517248,-1851.577771,0.338895859,0.763173643,0.086170028,0.873000279,0.717810389,0.1,0.006988722,0.171983148,TRUE,TRUE,0.068824481,10.44746135,29.26869,1,0.80555
97,Ml,Adenosine,Model(BaranyiRoberts),0.244890085,0.023645502,-3243.76083,-3268.254144,0.999982363,0.999997709,0.062600291,0.696842239,7.581729179,7.009901755,0.003066134,0.012870289,TRUE,TRUE,0.046284516,15.4885441,40.88592208,1,0.655433333
98,Ml,Cysteine,Model(BaranyiRoberts),0.536189857,0.03625177,-2670.822328,-2694.889931,0.002329525,0.090028535,0.043300382,0.40594571,2.323426386,0.100000001,29372871346,21439272298,FALSE,TRUE,0.323481428,1.769408297,0.464313858,1,0.399366667
99,Ml,D-arabinose,Model(BaranyiRoberts),1.460083877,0.057736685,-2461.738248,-2486.231562,0.999999995,0.999999999,0.05332703,1.205034796,1.012965485,0.1,0.0001,0.298615374,TRUE,TRUE,0.141812686,4.968023579,33.72480329,1,1.1281
100,Ml,D-Glucose,Model(BaranyiRoberts),0.236579166,0.031933333,-1565.38424,-1586.064664,0.004028497,0.090030583,0.076474855,1.093093608,0.621139363,0.1,2.28838E+11,1.65488E+11,FALSE,TRUE,0.122681733,5.456150595,3.43296235,1,0.94985
101,Ml,D-xylose,Model(BaranyiRoberts),0.11077301,0.015903032,-3591.23776,-3615.731074,0.999554187,0.999942073,0.038955454,1.47684111,0.596871292,0.1,0.0001,0.337544913,TRUE,TRUE,0.119533615,5.844733623,34.86423412,1,1.065766667
102,Ml,Formate,Model(BaranyiRoberts),0.008858314,0.004497161,-4697.681271,-4722.174584,1,1,0.045897234,0.254296495,0.132769613,0.314855861,0.0001,0.619076609,TRUE,TRUE,0.046417857,16.80360916,16.56166113,1,0.158233333
103,Ml,Fumarate,Model(BaranyiRoberts),0.874716474,0.057561445,-1473.932714,-1495.388409,0.274533567,0.771422751,0.109946028,0.90131691,7.998489974,6.669904938,0.004732425,0.020261647,TRUE,TRUE,0.067557397,10.65529418,20.80140221,1,0.8565
104,Ml,Glutarate,Model(BaranyiRoberts),0.512265853,0.041884784,-1818.873759,-1840.934282,0.003172305,0.084665357,0.049523588,1.885377625,0.229953088,0.100007282,14.09618333,0.000100009,FALSE,TRUE,0.046810307,11.5433489,21.15599939,1,0.7873
105,Ml,Glycerol,Model(BaranyiRoberts),0.586723415,0.04106077,-2187.007459,-2210.120673,0.002719677,0.090029289,0.103836471,1.18210965,0.067470682,2.323817324,1.80804E+11,1.30516E+11,FALSE,TRUE,0.065847478,10.38990379,12.54013582,1,1.123
106,Ml,Glycine,,,,,,,,,,,,,,,,,,,0,0.1007
107,Ml,Inosine,Model(BaranyiRoberts),1.403090679,0.06191592,-2000.99206,-2024.40786,0.005542546,0.112594762,0.045374342,0.927747723,7.290441552,1.318904618,0.005199892,0.02359976,FALSE,TRUE,0.066762406,10.50011122,27.91780554,1,0.8414
108,Ml,L-alanine,Model(BaranyiRoberts),0.203409123,0.026393306,-2088.572083,-2110.632605,0.971834882,0.999267164,0.052922764,1.430401846,0.300614706,0.10000001,0.0001,0.901801878,TRUE,TRUE,0.063977064,9.716869647,22.44606429,1,0.7731
109,Ml,L-arginine,Model(BaranyiRoberts),0.530097969,0.034788925,-2905.514297,-2930.00761,0.833600735,0.974728308,0.07069976,0.592052598,2.035146467,0.1,0.0001,0.312214257,TRUE,TRUE,0.140605148,5.11414192,28.09828781,1,0.5899
110,Ml,L-aspartate,Model(BaranyiRoberts),0.030699772,0.009919511,-2844.210995,-2866.669014,0.002956918,0.088198337,0.062097291,0.539705288,0.054930488,3.785688955,9.354677418,0.0001,FALSE,TRUE,0.049401349,13.99826215,15.4146122,1,0.455466667
111,Ml,L-glutamate,Model(BaranyiRoberts),0.196043471,0.023734854,-2568.491009,-2591.604224,0.00013896,0.02428309,0.04841807,0.737691759,0.103703314,1.01233879,4426049473,3198928046,FALSE,FALSE,0.088562718,7.371607719,8.842714999,1,0.658833333
112,Ml,L-glutamine,Model(Logistic),0.414351218,0.037669763,-1897.845912,-1908.876173,1.20E-05,1.38E-06,0.102177315,2.420884008,0.037636189,1,0,0,FALSE,TRUE,0.032689007,19.57985764,32.79820028,1,0.9344
113,Ml,L-histidine,Model(BaranyiRoberts),0.082212751,0.016391129,-2481.599658,-2503.941169,0.946686466,0.991324769,0.062289304,0.576961775,0.415479002,1.451321065,0.01318325,0.12345853,TRUE,TRUE,0.113039532,6.328606384,26.37055294,1,0.5314
114,Ml,L-isoleucine,Model(BaranyiRoberts),0.028334013,0.00804298,-4188.415807,-4212.90912,0.16776819,0.653895194,0.050730641,0.246598083,7.441439471,5.720396816,0.000565971,0.036456436,TRUE,FALSE,0.043065987,17.97255589,52.41205735,1,0.165133333
115,Ml,L-Lactate,Model(BaranyiRoberts),1.62025296,0.060821112,-2416.147528,-2440.640842,0.002174061,0.090029447,0.052743508,2.001862957,0.256041859,0.100000017,43402304.11,26960425.78,FALSE,TRUE,0.055807476,9.716869647,17.7050046,1,0.994333333
116,Ml,L-leucine,Model(BaranyiRoberts),0.0015057,0.002270794,-3521.112869,-3543.173391,0.998067157,0.999692032,0.050122628,0.240642103,7.916657417,5.028526788,0.000827857,0.028164482,TRUE,TRUE,0.034770772,21.91775108,46.39072188,1,0.15925
117,Ml,Malate,Model(BaranyiRoberts),0.309651738,0.026588859,-3140.989053,-3165.482366,0.002174251,0.090030568,0.082796158,0.654067892,0.055948512,7.393583809,5831139607,4215441009,FALSE,TRUE,0.055970628,12.42005895,15.14500368,1,0.626133333
118,Ml,Mannitol,Model(BaranyiRoberts),0.302533875,0.030557266,-2225.638534,-2248.322995,0.002774559,0.089345427,0.083127245,1.237317448,0.081478223,1.590488056,1.69192E+11,1.21732E+11,FALSE,TRUE,0.076587854,8.700464353,11.8734107,1,1.139333333
119,Ml,Mannose,Model(BaranyiRoberts),0.700563377,0.046936441,-1910.926833,-1933.499141,0.002968834,0.090030582,0.066056804,1.240902205,0.61588321,0.100000001,1.18005E+11,85188536627,FALSE,TRUE,0.126383949,4.985680125,4.507232379,1,1.035433333
120,Ml,myo-inositol,Model(BaranyiRoberts),1.797816221,0.064067178,-2370.599719,-2395.093032,0.053845998,0.304667836,0.044729525,1.587725373,0.659066597,0.100002829,0.0001,0.318602203,TRUE,TRUE,0.125272872,5.625556112,35.5036639,1,1.1745
121,Ml,Orotate,,,,,,,,,,,,,,,,,,,0,0
122,Ml,Phenylalanine,Model(BaranyiRoberts),0.018152933,0.006437783,-4383.426912,-4407.920226,1,1,0.059621849,0.308513784,5.376991826,9.999991217,0.002348685,0.016941176,TRUE,TRUE,0.033563311,22.50222445,40.3360802,1,0.254433333
123,Ml,Proline,Model(BaranyiRoberts),1.781724059,0.063779802,-2374.537886,-2399.0312,0.044908086,0.26579163,0.070545334,0.956337941,0.508282168,0.867792795,0.0001,0.223095229,TRUE,FALSE,0.179124948,3.945195195,39.66444895,1,1.003633333
124,Ml,Ribose,Model(BaranyiRoberts),2.263195866,0.071882639,-2269.769843,-2294.263156,0.155955526,0.589967998,0.048041292,1.216569529,0.101379005,3.2774575,0.0001,0.366180681,TRUE,TRUE,0.100713116,6.867562006,41.30589013,1,1.2107
125,Ml,Sucrose,Model(BaranyiRoberts),0.177420272,0.023620444,-2347.656424,-2370.228733,0.002968834,0.090030581,0.05914746,1.062152202,0.842890086,0.1,2.72795E+11,1.97017E+11,FALSE,TRUE,0.172045137,3.659701368,3.159261745,1,0.998366667
126,Ml,Uridine,Model(BaranyiRoberts),0.008292932,0.00435128,-4726.56861,-4751.061923,0.999994967,0.999999346,0.046805353,0.310318557,7.963277125,4.495304183,0.001892492,0.018499073,TRUE,TRUE,0.036796361,19.79903515,36.52656753,1,0.260133333
127,Ml,No CS,,,,,,,,,,,,,,,,,,,0,0.0492