,Metabolite,Strain,Carbon source,Rate [mmol/gDW/h],Std. Err [mmol/gDW/h],Std. Dev [mmol/gDW/h],Metabolite ID,Metabolite value [gDW/mmol],log10(Rate [mmol/gDW/h]),log10(Metabolite value [gDW/mmol])
0,Acetic acid,Enterobacter,D-Fructose,2.6039247174752314,0.05758064485817449,0.08143132888861898,ac,0.027925047523608137,0.41562842411362416,-1.5540060791175203
1,Acetic acid,Enterobacter,D-Glucose,2.4608225885900845,0.053585751510336954,0.07578169653587308,ac,0.027878011136683867,0.3910803046521411,-1.5547382127538518
2,Acetic acid,Enterobacter,Glycerol,0.7608808041737549,0.09989768731497661,0.14127666425054664,ac,0.027744727809453362,-0.11868337232811613,-1.5568195314889317
3,Acetic acid,Enterobacter,L-Malate,1.0639069083698602,0.15638720702095935,0.22116490915068962,ac,0.02799433723010003,0.02690362894586969,-1.5529298100306725
4,Acetic acid,Enterobacter,Pyruvate,0.2399861380797981,0.0562184152176857,0.07950484525597311,ac,0.027428236266630046,-0.6198138429938733,-1.5618021181810047
5,Acetic acid,Pseudomonas,D-Fructose,0.1717529747256799,0.0011954963437982302,0.0016906871431669056,ac,0.02917317807328637,-0.7650957323134768,-1.5350162570452435
6,Acetic acid,Pseudomonas,D-Glucose,0.079439682092983,0.021824088487083237,0.030863921924863633,ac,0.02940086465125502,-1.099962502497815,-1.5316398972154948
7,Acetic acid,Pseudomonas,Glycerol,0.16616506946700396,0.010108901564532563,0.01429614569325655,ac,0.02917317807325792,-0.7794602665454107,-1.535016257045667
8,Acetic acid,Pseudomonas,L-Malate,0.035835131769910676,0.0037882853585334136,0.005357444532177376,ac,0.029485707990262178,-1.4456909942406284,-1.530388439784678
9,Acetic acid,Pseudomonas,Pyruvate,0.0,0.0,0.0,ac,0.028667976235281778,-inf,-1.5426029642168082
10,Acetyl-ornithine,Enterobacter,D-Fructose,0.0009420833283740241,0.00030549731021976,0.0004320384393812853,acorn,0.12738066355301725,-3.025910681652457,-0.8948964931119744
11,Acetyl-ornithine,Enterobacter,D-Glucose,0.0017614598316987654,0.00019510709524276498,0.00027592310020753744,acorn,0.12728396704292932,-2.7541272560140917,-0.8952262975506229
12,Acetyl-ornithine,Enterobacter,Glycerol,0.00023454239630472782,2.448085617995475e-05,3.46211588281972e-05,acorn,0.1259183800581598,-3.6297786420023757,-0.8999108721540676
13,Acetyl-ornithine,Enterobacter,L-Malate,0.00032699143286200606,0.00032699143286200606,0.00046243571913326035,acorn,0.12274440170121914,-3.485463625656217,-0.9109983066649779
14,Acetyl-ornithine,Enterobacter,Pyruvate,0.0,0.0,0.0,acorn,0.12734538266681028,-inf,-0.8950167972153176
15,Acetyl-ornithine,Pseudomonas,D-Fructose,0.0,0.0,0.0,acorn,0.1324013466401923,-inf,-0.8781075977102883
16,Acetyl-ornithine,Pseudomonas,D-Glucose,0.0002901319998871066,0.0002901319998871066,0.00041030860911877545,acorn,0.1334346934173017,-3.537404368377744,-0.8747312378799681
17,Acetyl-ornithine,Pseudomonas,Glycerol,0.0,0.0,0.0,acorn,0.13240134664017633,-inf,-0.8781075977103406
18,Acetyl-ornithine,Pseudomonas,L-Malate,0.0001940216420113735,2.201300951580227e-05,3.113109660589557e-05,acorn,0.12928348888106844,-3.7121498242868127,-0.888456936416712
19,Acetyl-ornithine,Pseudomonas,Pyruvate,0.0003029696901467073,2.709485033832343e-05,3.831790481892624e-05,acorn,0.13010850752924463,-3.5186008172417886,-0.8856943048818717
20,Alanine,Enterobacter,D-Fructose,0.02178467730467607,0.0009916666614463434,0.0014024284419706674,ala__L,0.047594861416319634,-1.661848868862792,-1.3224399333930248
21,Alanine,Enterobacter,D-Glucose,0.040670211402717205,0.006320370690962808,0.008938353950385013,ala__L,0.0475406233700848,-1.3907235701379517,-1.3229351279420187
22,Alanine,Enterobacter,Glycerol,0.0,0.0,0.0,ala__L,0.046980730841986174,-inf,-1.3280802315308917
23,Alanine,Enterobacter,L-Malate,0.0,0.0,0.0,ala__L,0.04737503223557482,-inf,-1.3244504815151112
24,Alanine,Enterobacter,Pyruvate,0.0,0.0,0.0,ala__L,0.04704979852638014,-inf,-1.3274422319406285
25,Alanine,Pseudomonas,D-Fructose,0.0,0.0,0.0,ala__L,0.04936999366245212,-inf,-1.30653692853016
26,Alanine,Pseudomonas,D-Glucose,0.0,0.0,0.0,ala__L,0.04975530940980882,-inf,-1.3031605687001895
27,Alanine,Pseudomonas,Glycerol,0.0,0.0,0.0,ala__L,0.049369993662452816,-inf,-1.3065369285301538
28,Alanine,Pseudomonas,L-Malate,0.0,0.0,0.0,ala__L,0.04989889044532958,-inf,-1.3019091112669543
29,Alanine,Pseudomonas,Pyruvate,0.0,0.0,0.0,ala__L,0.04851503670582208,-inf,-1.3141236357017914
30,Asparagine,Enterobacter,D-Fructose,0.00039666666457853646,0.00039666666457853646,0.0005609713767882657,asn__L,0.056948562353689725,-3.401574295613342,-1.2445172350570548
31,Asparagine,Enterobacter,D-Glucose,0.0,0.0,0.0,asn__L,0.056946728280909964,-inf,-1.2445312220741351
32,Asparagine,Enterobacter,Glycerol,0.00014096234929425558,0.00014096234929425558,0.00019935086615590974,asn__L,0.05655656053460412,-3.850896870871376,-1.2475170098593509
33,Asparagine,Enterobacter,L-Malate,0.0,0.0,0.0,asn__L,0.052758558625906615,-inf,-1.2777070779733979
34,Asparagine,Enterobacter,Pyruvate,0.0,0.0,0.0,asn__L,0.057795212133221474,-inf,-1.2381081378813406
35,Asparagine,Pseudomonas,D-Fructose,0.0002554377187915564,0.0002554377187915564,0.00036124348625666386,asn__L,0.06395658269910606,-3.592714972955391,-1.1941147493437176
36,Asparagine,Pseudomonas,D-Glucose,0.00026240256980940085,0.00026240256980940085,0.00037109327302600753,asn__L,0.06445574173549046,-3.5810319160624697,-1.1907383895135062
37,Asparagine,Pseudomonas,Glycerol,0.0,0.0,0.0,asn__L,0.06395658269901239,-inf,-1.1941147493443538
38,Asparagine,Pseudomonas,L-Malate,0.0,0.0,0.0,asn__L,0.0601054816727703,-inf,-1.2210859181524472
39,Asparagine,Pseudomonas,Pyruvate,0.0,0.0,0.0,asn__L,0.06284902482345672,-inf,-1.2017014565154502
40,Butyric acid,Enterobacter,D-Fructose,0.00024375806323293934,0.0001778602141174728,0.00025153232701151265,but,,-3.6130410094359764,
41,Butyric acid,Enterobacter,D-Glucose,0.0,0.0,0.0,but,,-inf,
42,Butyric acid,Enterobacter,Glycerol,0.0008189241244713895,0.00016031012272680053,0.00022671274974593665,but,,-3.086756334930547,
43,Butyric acid,Enterobacter,L-Malate,0.0,0.0,0.0,but,,-inf,
44,Butyric acid,Enterobacter,Pyruvate,0.0,0.0,0.0,but,,-inf,
45,Butyric acid,Pseudomonas,D-Fructose,0.00030803955791867884,0.0002116028528522878,0.0002992516243405438,but,,-3.5113935085558836,
46,Butyric acid,Pseudomonas,D-Glucose,0.0,0.0,0.0,but,,-inf,
47,Butyric acid,Pseudomonas,Glycerol,0.0006175907049581611,0.00011530465847044949,0.00016306541181370745,but,,-3.2092992489672643,
48,Butyric acid,Pseudomonas,L-Malate,0.00022499343446965344,0.00022499343446965344,0.00031818876647188613,but,,-3.6478301548450944,
49,Butyric acid,Pseudomonas,Pyruvate,0.0,0.0,0.0,but,,-inf,
50,Citric acid,Enterobacter,D-Fructose,0.0024695698794728236,3.838709657211659e-05,5.4287552592413035e-05,cit,0.07654824124727622,-2.607378680439841,-1.1160647830895285
51,Citric acid,Enterobacter,D-Glucose,0.0036685629880153694,0.00015663527364560012,0.00022151572833562872,cit,0.07651324097682766,-2.4355040198323152,-1.1162634016363373
52,Citric acid,Enterobacter,Glycerol,0.0008943409556064115,0.00014017264425619268,0.00019823405458080682,cit,0.07683155393388152,-3.0484968806347186,-1.114460383028421
53,Citric acid,Enterobacter,L-Malate,0.005319534541849302,0.00039096801755239834,0.000552912272876724,cit,0.07321595890946164,-2.2741263667181113,-1.1353942452954366
54,Citric acid,Enterobacter,Pyruvate,0.0011908632040735572,1.208998176724374e-06,1.7097816184079537e-06,cit,0.07640722960017277,-2.9241381235953954,-1.1168655468311817
55,Citric acid,Pseudomonas,D-Fructose,0.00022236231994647191,0.0,0.0,cit,0.08078726235673725,-3.6529388035366295,-1.092657108585093
56,Citric acid,Pseudomonas,D-Glucose,0.001401876742817347,0.00014891730967656796,0.00021060087901671656,cit,0.08141777903427072,-2.8532901691564265,-1.0892807487549054
57,Citric acid,Pseudomonas,Glycerol,0.00020849609476848404,1.6426965042365405e-05,2.323123675154188e-05,cit,0.08078726235672129,-3.680902075157281,-1.0926571085851786
58,Citric acid,Pseudomonas,L-Malate,0.002667157664589066,0.0005836007173956881,0.00082533604955165,cit,0.0771164670518798,-2.5739513109553607,-1.1128528750468671
59,Citric acid,Pseudomonas,Pyruvate,0.0016749543845509022,0.0,0.0,cit,0.0793882418822528,-2.77599701597495,-1.1002438157567187
60,Fumaric acid,Enterobacter,D-Fructose,0.01663440851458379,0.0004478494600080275,0.0006333547802448195,fum,0.0517154256254343,-1.7789926371407778,-1.2863798966588276
61,Fumaric acid,Enterobacter,D-Glucose,0.02789207065794457,0.0012915540107619645,0.0018265331985569367,fum,0.05168465596384619,-1.5545192432836774,-1.2866383702388635
62,Fumaric acid,Enterobacter,Glycerol,0.00010503077006238651,6.317640304504446e-06,8.934492600825078e-06,fum,0.05228814087166189,-3.978683450352502,-1.2815967994312378
63,Fumaric acid,Enterobacter,L-Malate,0.031810579609945155,0.004561293538111314,0.006450643183561781,fum,0.04845173751370224,-1.4974284176858603,-1.314690644225541
64,Fumaric acid,Enterobacter,Pyruvate,0.00030164504509274374,2.7202458976299554e-05,3.847008641418057e-05,fum,0.051917732933326466,-3.5205038041335985,-1.2846842799219125
65,Fumaric acid,Pseudomonas,D-Fructose,1.948659040391125e-05,1.952644028203785e-06,2.761455667172625e-06,fum,0.05498022021500279,-4.710264143350588,-1.2597935249878394
66,Fumaric acid,Pseudomonas,D-Glucose,1.7870077161188158e-05,2.0540318576078342e-06,2.9048397105754013e-06,fum,0.05540932184275732,-4.747873572250602,-1.2564171651577405
67,Fumaric acid,Pseudomonas,Glycerol,3.320142357601163e-05,8.529385695074307e-07,1.2062372928685153e-06,fum,0.054980220214990994,-4.478843294670908,-1.2597935249879324
68,Fumaric acid,Pseudomonas,L-Malate,0.01371717651106795,0.009217307821674882,0.013035241729980227,fum,0.051032956137206376,-1.8627352728752546,-1.29214927397833
69,Fumaric acid,Pseudomonas,Pyruvate,0.00019335870468712617,2.093692980688626e-05,2.9609290087352055e-05,fum,0.05402810905876798,-3.713636271935934,-1.2673802321593721
70,Glycine,Enterobacter,D-Fructose,0.002136881709181148,0.0001471505368597797,0.00020810228493758247,gly,0.02643562546414957,-2.6702195183000312,-1.5778104097750292
71,Glycine,Enterobacter,D-Glucose,0.003149193396453643,0.0002473188531246312,0.000349761676319413,gly,0.026388881027289424,-2.501800667901538,-1.5785790248605363
72,Glycine,Enterobacter,Glycerol,0.002155894753912144,6.317640304504435e-05,8.934492600825062e-05,gly,0.02617221742627629,-2.666372444278832,-1.5821594804476553
73,Glycine,Enterobacter,L-Malate,0.0,0.0,0.0,gly,0.02637927931295192,-inf,-1.5787370736374018
74,Glycine,Enterobacter,Pyruvate,0.0013117630217459996,0.0013117630217459996,0.0018551130559727059,gly,0.02843781172589266,-2.8821446159084587,-1.5461038253801558
75,Glycine,Pseudomonas,D-Fructose,0.0024188876022850974,0.00024308425657230818,0.0003437730524439394,gly,0.030295223383790953,-2.6163843113989507,-1.5186258408571662
76,Glycine,Pseudomonas,D-Glucose,0.0030091566713954772,2.0540318576078485e-05,2.9048397105754215e-05,gly,0.030531667137853602,-2.5215552001790917,-1.5152494810271568
77,Glycine,Pseudomonas,Glycerol,0.0020280983763843446,0.0003664476817143053,0.0005182352813805497,gly,0.03029522338378471,-2.6929109826302966,-1.518625840857256
78,Glycine,Pseudomonas,L-Malate,0.0,0.0,0.0,gly,0.030619773682299956,-inf,-1.513998023595025
79,Glycine,Pseudomonas,Pyruvate,0.0,0.0,0.0,gly,0.03307843411761435,-inf,-1.4804550574682063
80,Lactic acid,Enterobacter,D-Fructose,1.2699731115941852,0.009596774143029119,0.013571888148103216,lac__L,0.051739371098033504,0.10379452598753798,-1.2861788545200101
81,Lactic acid,Enterobacter,D-Glucose,2.6408157539196777,0.057707732395747335,0.08161105780786311,lac__L,0.05171317567967404,0.4217381021356362,-1.2863987916069577
82,Lactic acid,Enterobacter,Glycerol,0.0,0.0,0.0,lac__L,0.0496203785822269,-inf,-1.304339926570362
83,Lactic acid,Enterobacter,L-Malate,0.0,0.0,0.0,lac__L,0.050066795430755984,-inf,-1.3004502051115352
84,Lactic acid,Enterobacter,Pyruvate,0.0,0.0,0.0,lac__L,0.05387689266672657,-inf,-1.2685974600279175
85,Lactic acid,Pseudomonas,D-Fructose,0.0,0.0,0.0,lac__L,,-inf,
86,Lactic acid,Pseudomonas,D-Glucose,0.0,0.0,0.0,lac__L,,-inf,
87,Lactic acid,Pseudomonas,Glycerol,0.0,0.0,0.0,lac__L,,-inf,
88,Lactic acid,Pseudomonas,L-Malate,0.0,0.0,0.0,lac__L,,-inf,
89,Lactic acid,Pseudomonas,Pyruvate,0.0,0.0,0.0,lac__L,,-inf,
90,Methionine,Enterobacter,D-Fructose,4.1937903005037195e-05,2.2040591281823517e-05,3.1170103113477014e-05,met__L,0.15614513889347093,-4.377393289085493,-0.806471531668194
91,Methionine,Enterobacter,D-Glucose,0.0,0.0,0.0,met__L,0.15601114893629142,-inf,-0.8068443647961885
92,Methionine,Enterobacter,Glycerol,9.555430960562984e-05,1.5794100761261126e-05,2.233623150206271e-05,met__L,0.14992824066242805,-4.019749721003138,-0.8241165552192157
93,Methionine,Enterobacter,L-Malate,0.0,0.0,0.0,met__L,0.1469927886668415,-inf,-0.8327039708233839
94,Methionine,Enterobacter,Pyruvate,0.00012108116739895103,1.5535626570908848e-05,2.1970693796543113e-05,met__L,0.1645694176003215,-3.9169234004634124,-0.7836508677959328
95,Methionine,Pseudomonas,D-Fructose,8.236969808769846e-05,2.044298747894983e-05,2.8910750148154215e-05,met__L,0.13688952788224323,-4.08423252584692,-0.8636297743416321
96,Methionine,Pseudomonas,D-Glucose,0.00014321737127170623,8.067210120754769e-05,0.00011408757963284887,met__L,0.1379579033636641,-3.8440043019311325,-0.8602534145113038
97,Methionine,Pseudomonas,Glycerol,0.00010298443468867545,6.949869825616134e-06,9.828600164113873e-06,met__L,0.13688952788222242,-3.987228410631211,-0.8636297743416981
98,Methionine,Pseudomonas,L-Malate,5.5288489016433606e-05,5.5288489016433606e-05,7.81897310101563e-05,met__L,0.13381975164876436,-4.257365278767936,-0.8734797804472567
99,Methionine,Pseudomonas,Pyruvate,0.0002961959775621264,1.1700049009730546e-05,1.654636798999084e-05,met__L,0.13451896541161606,-3.5284208436353173,-0.8712164815131709
100,Propionic acid,Enterobacter,D-Fructose,0.0035188171857773393,0.0003198924714343038,0.00045239627160344035,ppa,0.05481787055038323,-2.453603295617352,-1.2610778390296529
101,Propionic acid,Enterobacter,D-Glucose,0.0004940881087978752,0.00021489260349273552,0.00030390403431309053,ppa,0.05478886969384478,-3.3061955981356994,-1.2613076590613586
102,Propionic acid,Enterobacter,Glycerol,0.006195236023604678,0.0005488450014538241,0.000776184044696679,ppa,0.05548945561890117,-2.2079421433966324,-1.255789535824994
103,Propionic acid,Enterobacter,L-Malate,0.0025412921140905904,0.0007641647615796879,0.0010806921697135974,ppa,0.05168185334790132,-2.5949454112006918,-1.2866619206256988
104,Propionic acid,Enterobacter,Pyruvate,0.0,0.0,0.0,ppa,0.05485647253334891,-inf,-1.2607721225163204
105,Propionic acid,Pseudomonas,D-Fructose,0.002996710835120912,0.0008448174162840866,0.001194752247837952,ppa,0.05834635614652278,-2.523355161882566,-1.2339862613816341
106,Propionic acid,Pseudomonas,D-Glucose,0.0,0.0,0.0,ppa,0.05880172930252808,-inf,-1.2306099015513803
107,Propionic acid,Pseudomonas,Glycerol,0.004836477592281046,0.0004959679830098789,0.0007014046480753996,ppa,0.058346356146489475,-2.315470820000889,-1.2339862613818822
108,Propionic acid,Pseudomonas,L-Malate,0.0010085029940960575,0.0010085029940960575,0.001426238611944518,ppa,0.05897141598078248,-2.9963228080932924,-1.229358444118796
109,Propionic acid,Pseudomonas,Pyruvate,0.0,0.0,0.0,ppa,0.060643795882261986,-inf,-1.2172136226938468
110,Putrescine,Enterobacter,D-Fructose,0.00038387096572116425,0.00014970967663125402,0.00021172145511040986,ptrc,0.0983878472516353,-3.4158147347279524,-1.0070585417871494
111,Putrescine,Enterobacter,D-Glucose,0.0,0.0,0.0,ptrc,0.09832818078155392,-inf,-1.0073219958611739
112,Putrescine,Enterobacter,Glycerol,0.0009255343046099024,0.00014056749677522414,0.00019879246036835828,ptrc,0.09710654733298407,-3.033607479637516,-1.0127514871391154
113,Putrescine,Enterobacter,L-Malate,0.00011610565369737897,0.00011610565369737897,0.00016419819012702722,ptrc,0.09367335919309716,-3.93514663202894,-1.0283839053825468
114,Putrescine,Enterobacter,Pyruvate,0.0,0.0,0.0,ptrc,0.09893756653342467,-inf,-1.0046387757396007
115,Putrescine,Pseudomonas,D-Fructose,1.757379625383407e-05,2.9887408594955905e-06,4.2267178579172854e-06,ptrc,0.10210612325641244,-4.7551344130063695,-0.99094821269535
116,Putrescine,Pseudomonas,D-Glucose,0.0,0.0,0.0,ptrc,0.10290302627944253,-inf,-0.9875718528650083
117,Putrescine,Pseudomonas,Glycerol,0.0,0.0,0.0,ptrc,0.10210612325641383,-inf,-0.9909482126953442
118,Putrescine,Pseudomonas,L-Malate,0.0,0.0,0.0,ptrc,0.09866371519874906,-inf,-1.0058425351343947
119,Putrescine,Pseudomonas,Pyruvate,9.975831260928166e-05,9.975831260928166e-05,0.00014107955865150107,ptrc,0.10033791682345361,-4.001050905466518,-0.9985349198666738
120,Pyruvic acid,Enterobacter,D-Fructose,0.2501559126616254,0.0019193548286058348,0.002714377629620659,pyr,0.03930141657317865,-0.6017892277157291,-1.4055917957103925
121,Pyruvic acid,Enterobacter,D-Glucose,0.21296901241287725,0.0030227859826343698,0.004274864932792809,pyr,0.0392608636097691,-0.6716835830265989,-1.4060401515818568
122,Pyruvic acid,Enterobacter,Glycerol,0.0,0.0,0.0,pyr,0.03948288188277138,-inf,-1.4035911553917895
123,Pyruvic acid,Enterobacter,L-Malate,0.33409994227204964,0.02606453450349322,0.036860818191781594,pyr,0.039838095289018716,-0.4761235994020736,-1.3997014339341662
124,Pyruvic acid,Enterobacter,Pyruvate,0.46062830533200544,0.016925974474141903,0.023936942657712294,pyr,0.03820361479996426,-0.33664937841738785,-1.4178955424965514
125,Pyruvic acid,Pseudomonas,D-Fructose,0.0,0.0,0.0,pyr,0.041515676488863146,-inf,-1.3817878809495308
126,Pyruvic acid,Pseudomonas,D-Glucose,0.0,0.0,0.0,pyr,0.04183969200372284,-inf,-1.3784115211191748
127,Pyruvic acid,Pseudomonas,Glycerol,0.0,0.0,0.0,pyr,0.04151567648887078,-inf,-1.3817878809494508
128,Pyruvic acid,Pseudomonas,L-Malate,0.19043812883438244,0.0005119304538558633,0.0007239789908347758,pyr,0.04196043060169519,-0.7202460943729877,-1.3771600636867598
129,Pyruvic acid,Pseudomonas,Pyruvate,0.4766230491332346,0.012315841062874297,0.017417229463148304,pyr,0.04079673541170087,-0.3218249593262564,-1.389374588121124
130,Serine,Enterobacter,D-Fructose,0.0,0.0,0.0,ser__L,0.044568667047212296,-inf,-1.3509703545316605
131,Serine,Enterobacter,D-Glucose,6.457770053809825e-05,6.457770053809825e-05,9.132665992784687e-05,ser__L,0.04451515386542648,-4.189917423261173,-1.3514921211581028
132,Serine,Enterobacter,Glycerol,0.0,0.0,0.0,ser__L,0.04375130154560536,-inf,-1.3590090227407199
133,Serine,Enterobacter,L-Malate,0.001238657764700099,0.0006569447446448636,0.0009290601676064958,ser__L,0.04414491640126472,-2.907048670567744,-1.355119301282216
134,Serine,Enterobacter,Pyruvate,0.0004322168481789815,0.0001855812201271991,0.00026245147842563176,ser__L,0.047999413466656704,-3.3642983079559077,-1.3187640694942206
135,Serine,Pseudomonas,D-Fructose,0.0,0.0,0.0,ser__L,0.04600385773092103,-inf,-1.3372057482966144
136,Serine,Pseudomonas,D-Glucose,0.0,0.0,0.0,ser__L,0.04636290195008108,-inf,-1.3338293884663421
137,Serine,Pseudomonas,Glycerol,0.0,0.0,0.0,ser__L,0.046003857730909925,-inf,-1.3372057482967192
138,Serine,Pseudomonas,L-Malate,0.0006004944223729317,0.0001520433447951924,0.0002150217602779298,ser__L,0.04649669336947715,-3.221491022139356,-1.3325779310337285
139,Serine,Pseudomonas,Pyruvate,0.0006059393802934146,8.497930333383253e-05,0.00012017888329572313,ser__L,0.04851503670584428,-3.2175708215778074,-1.3141236357015926
140,Succinic acid,Enterobacter,D-Fructose,0.10844354781622892,0.00031989247143429655,0.00045239627160343005,succ,0.055851058417422106,-0.964796282572495,-1.2529685922799665
141,Succinic acid,Enterobacter,D-Glucose,0.11211788008316634,0.002747987256940348,0.003886240847993479,succ,0.05582265002218589,-0.9503251224430292,-1.2531895504576671
142,Succinic acid,Enterobacter,Glycerol,0.0006886227931909853,0.00017215569829774635,0.00024346492337248363,succ,0.056556560534642975,-3.162018606387021,-1.2475170098590525
143,Succinic acid,Enterobacter,L-Malate,0.1120774983650209,0.01706042258410467,0.024127080998257066,succ,0.05275855862602319,-0.950481571319642,-1.2777070779724382
144,Succinic acid,Enterobacter,Pyruvate,0.00018074522742030135,2.8411457153023955e-05,4.017986803258856e-05,succ,0.055836052399999,-3.7429331614325587,-1.2530852938501604
145,Succinic acid,Pseudomonas,D-Fructose,1.5023404053731166e-05,3.148140372002021e-06,4.4521428103395384e-06,succ,0.059468401457029446,-4.823231652268415,-1.225713735415669
146,Succinic acid,Pseudomonas,D-Glucose,3.96428148518312e-05,1.0270159288039053e-07,1.452419855287684e-07,succ,0.05993253178909613,-4.401835515861446,-1.2223373755855282
147,Succinic acid,Pseudomonas,Glycerol,4.280488006231756e-05,1.1404104577488292e-05,1.612783936020504e-05,succ,0.05946840145704402,-4.368506715488725,-1.2257137354155625
148,Succinic acid,Pseudomonas,L-Malate,0.033710620386408825,0.0165097571368517,0.023348322454421675,succ,0.055569218904977236,-1.4722332549570827,-1.2551657077250102
149,Succinic acid,Pseudomonas,Pyruvate,0.00010394569857065891,5.739181935299414e-05,8.116428929827098e-05,succ,0.05843856694111027,-3.983193477719513,-1.233300442587142
150,Valeric acid,Enterobacter,D-Fructose,0.00044944892236519656,6.493817170116366e-05,9.183644313549837e-05,pta,,-3.3473196565344785,
151,Valeric acid,Enterobacter,D-Glucose,0.0002143430060413474,2.198389805552279e-06,3.1089926783947844e-06,pta,,-3.6688906828424286,
152,Valeric acid,Enterobacter,Glycerol,0.00048172007321846454,0.00010108224487207126,0.0001429518816132014,pta,,-3.317205256308821,
153,Valeric acid,Enterobacter,L-Malate,0.0003340999422720496,0.0003340999422720496,0.00047248866954920066,pta,,-3.4761235994020736,
154,Valeric acid,Enterobacter,Pyruvate,8.342087419398524e-05,8.342087419398524e-05,0.00011797493167015366,pta,,-4.078725263355752,
155,Valeric acid,Pseudomonas,D-Fructose,0.0001601965100689636,7.172978062789408e-06,1.014412285900147e-05,pta,,-3.7953469493897383,
156,Valeric acid,Pseudomonas,D-Glucose,0.0,0.0,0.0,pta,,-inf,
157,Valeric acid,Pseudomonas,Glycerol,0.0003860336784955871,8.150301886404376e-05,0.00011526267465188089,pta,,-3.4133748047926145,
158,Valeric acid,Pseudomonas,L-Malate,5.298480197408221e-05,5.298480197408221e-05,7.49318255513998e-05,pta,,-4.275848684461948,
159,Valeric acid,Pseudomonas,Pyruvate,0.0,0.0,0.0,pta,,-inf,
160,Valine,Enterobacter,D-Fructose,0.005572526852385568,0.0007933333291570731,0.0011219427535765316,val__L,0.09423047976105103,-2.253947830103933,-1.0258085977277769
161,Valine,Enterobacter,D-Glucose,0.010964469155192003,0.0011266747753455445,0.0015933587476773291,val__L,0.0941657960582376,-1.960012389846161,-1.0261068178086423
162,Valine,Enterobacter,Glycerol,0.0,0.0,0.0,val__L,0.09283812767000854,-inf,-1.0322736268415307
163,Valine,Enterobacter,L-Malate,0.0,0.0,0.0,val__L,0.09367335919305275,-inf,-1.0283839053827528
164,Valine,Enterobacter,Pyruvate,0.0,0.0,0.0,val__L,0.09306008733343807,-inf,-1.0312365442333076
165,Valine,Pseudomonas,D-Fructose,0.0,0.0,0.0,val__L,0.09761794201438093,-inf,-1.010470352397787
166,Valine,Pseudomonas,D-Glucose,0.0,0.0,0.0,val__L,0.09837981633312592,-inf,-1.00709399256734
167,Valine,Pseudomonas,Glycerol,0.0,0.0,0.0,val__L,0.09761794201436219,-inf,-1.0104703523978702
168,Valine,Pseudomonas,L-Malate,0.0,0.0,0.0,val__L,0.0986637151985964,-inf,-1.0058425351350666
169,Valine,Pseudomonas,Pyruvate,0.0,0.0,0.0,val__L,0.0959274589410683,-inf,-1.0180570595693104
170,alpha-Ketoglutaric acid,Enterobacter,D-Fructose,3.659569873208433e-05,7.805376302997012e-06,1.1038469027123943e-05,akg,0.06722509833612944,-4.436569956318571,-1.172468553823037
171,alpha-Ketoglutaric acid,Enterobacter,D-Glucose,0.0031986571670785694,0.00014839131187477904,0.00020985700579164823,akg,0.06720318029804218,-2.4950323052190395,-1.1726101740710462
172,alpha-Ketoglutaric acid,Enterobacter,Glycerol,0.0001259579535710575,1.3030133128040434e-05,1.842739098920174e-05,akg,0.06829471460788605,-3.8997744039263877,-1.165612905475857
173,alpha-Ketoglutaric acid,Enterobacter,L-Malate,0.003678653619697568,0.00044428183812772557,0.0006283094009962776,akg,0.06460231668481975,-2.434311103208836,-1.189751907618025
174,alpha-Ketoglutaric acid,Enterobacter,Pyruvate,0.0001837677228621124,9.671985413795399e-06,1.3678252947264204e-05,akg,0.06661143093343314,-3.735730766148235,-1.1764512368157571
175,alpha-Ketoglutaric acid,Pseudomonas,D-Fructose,0.0,0.0,0.0,akg,0.07181089987266104,-inf,-1.1438096310324397
176,alpha-Ketoglutaric acid,Pseudomonas,D-Glucose,0.0,0.0,0.0,akg,0.07237135914155701,-inf,-1.1404332712023884
177,alpha-Ketoglutaric acid,Pseudomonas,Glycerol,0.0,0.0,0.0,akg,0.07181089987265826,-inf,-1.1438096310324564
178,alpha-Ketoglutaric acid,Pseudomonas,L-Malate,0.0053803890700251595,0.002349760783198428,0.003323063567931643,akg,0.06804394151632143,-2.269186318226643,-1.1672105373697348
179,alpha-Ketoglutaric acid,Pseudomonas,Pyruvate,0.0002660221669580844,4.926336425149715e-06,6.966891785259316e-06,akg,0.07056732611757932,-3.575082173194237,-1.151396338203969
180,beta-Hydroxybutyric acid,Enterobacter,D-Fructose,0.00034132526702040195,1.6954300986018092e-05,2.3977002394982325e-05,bhb,,-3.4668315613511074,
181,beta-Hydroxybutyric acid,Enterobacter,D-Glucose,0.0,0.0,0.0,bhb,,-inf,
182,beta-Hydroxybutyric acid,Enterobacter,Glycerol,3.8340179597961396e-05,3.8340179597961396e-05,5.4221201971257245e-05,bhb,,-4.416345857075564,
183,beta-Hydroxybutyric acid,Enterobacter,L-Malate,0.0008269565947017399,7.34545972371173e-05,0.00010388048763138456,bhb,,-3.0825172850982736,
184,beta-Hydroxybutyric acid,Enterobacter,Pyruvate,0.0,0.0,0.0,bhb,,-inf,
185,beta-Hydroxybutyric acid,Pseudomonas,D-Fructose,0.0,0.0,0.0,bhb,0.08190930766722518,-inf,-1.0866667448960237
186,beta-Hydroxybutyric acid,Pseudomonas,D-Glucose,0.0,0.0,0.0,bhb,0.08254858152087069,-inf,-1.0832903850656501
187,beta-Hydroxybutyric acid,Pseudomonas,Glycerol,0.0,0.0,0.0,bhb,0.08190930766721893,-inf,-1.0866667448960567
188,beta-Hydroxybutyric acid,Pseudomonas,L-Malate,0.0007448588103602862,2.55965226927932e-06,3.6198949541738836e-06,bhb,0.08278679551140256,-3.1279260409329592,-1.0820389276335618
189,beta-Hydroxybutyric acid,Pseudomonas,Pyruvate,0.002149114265471562,0.000917530159184134,0.001297583595004547,bhb,0.08049085635288972,-2.667740493049969,-1.094253452067261
