,M,Metabolite,Carbon source,Rate [mmol/gDW/h],Species,Dataset,Std.Err [mmol/gDW/h],Rate [mmol C/gDW/h],Rate [g/gDW/h]
0,M1,Phenylalanine,Galactose,1.2315561015131713e-05,E. coli,SINTEF-23,3.414898263835093e-06,0.00011084004913618541,2.0343969327071347e-06
1,M1,Leucine,Galactose,0.0002996785150166,E. coli,SINTEF-23,inf,0.0017980710900996001,3.930970587599127e-05
2,M1,Isoleucine,Galactose,-1.0952734720723656e-05,E. coli,SINTEF-23,3.484217338740509e-06,-6.571640832434193e-05,-1.4367021953027062e-06
3,M1,Methionine,Galactose,3.0726607433228778e-06,E. coli,SINTEF-23,inf,1.5363303716614387e-05,4.584758268766027e-07
4,M1,Gamma-aminobutyrate,Galactose,0.001950981498371,E. coli,SINTEF-23,inf,0.007803925993484,0.0002011847438764579
5,M1,Proline,Galactose,-6.6703069307007045e-06,E. coli,SINTEF-23,inf,-3.3351534653503524e-05,-7.679555052727602e-07
6,M1,Valine,Galactose,1.003875668312619e-05,E. coli,SINTEF-23,inf,5.019378341563095e-05,1.1760036035787728e-06
7,M1,Pipecolic acid,Galactose,1.1750295234239789e-05,E. coli,SINTEF-23,inf,7.050177140543873e-05,1.517668132454411e-06
8,M1,Beta-alanine,Galactose,3.075659697996716e-05,E. coli,SINTEF-23,4.790429037147761e-06,9.226979093990147e-05,2.7402030309236706e-06
9,M1,Alanine,Galactose,-0.0005046700957951,E. coli,SINTEF-23,inf,-0.0015140102873853,-4.496266368529009e-05
10,M1,Creatine,Galactose,1.4396009625111046e-06,E. coli,SINTEF-23,2.7684626925031466e-07,5.758403850044418e-06,1.8877487421408116e-07
11,M1,Alpha-aminoadipate,Galactose,4.012316727541647e-05,E. coli,SINTEF-23,inf,0.0002407390036524988,6.466249638106118e-06
12,M1,Glutamate,Galactose,0.0025389279658078,E. coli,SINTEF-23,0.0005790664742265,0.012694639829039,0.0003709915057487506
13,M1,Asparagine,Galactose,-3.3636898984904674e-05,E. coli,SINTEF-23,2.102880478681067e-05,-0.0001345475959396187,-4.444037129135716e-06
14,M1,Aspartate,Galactose,0.0001013223378692,E. coli,SINTEF-23,1.4668033105995454e-05,0.0004052893514768,1.3384147877024127e-05
15,M1,Pyruvate,Galactose,0.0019269852811897,E. coli,SINTEF-23,inf,0.0057809558435691,0.00016775200790692188
16,M1,Lactate,Galactose,,E. coli,SINTEF-23,,,
17,M1,Hexoses,Galactose,-4.650594400323034,E. coli,SINTEF-23,4.610324799113943,-27.903566401938207,-0.8378319267132684
18,M1,NAD,Galactose,1.922279311056228e-05,E. coli,SINTEF-23,inf,0.0004036786553218079,1.273350805801182e-05
19,M1,Succinate,Galactose,0.0105653901628984,E. coli,SINTEF-23,inf,0.0422615606515936,0.0012263476574503691
20,M1,Malate,Galactose,0.0049516025422368,E. coli,SINTEF-23,0.0007152895064247,0.0198064101689472,0.00065396587225318
21,M1,Cis-aconitate,Galactose,9.486394767842246e-05,E. coli,SINTEF-23,2.2247498370389566e-06,0.0005691836860705348,1.6516761930290134e-05
22,M1,Citrate,Galactose,9.501819893633712e-05,E. coli,SINTEF-23,inf,0.0005701091936180227,1.796791291340167e-05
23,M1,Isocitrate,Galactose,6.609846430765805e-05,E. coli,SINTEF-23,inf,0.0003965907858459483,1.2499199771038846e-05
24,M1,Trans-aconitate,Galactose,8.189257149682577e-06,E. coli,SINTEF-23,inf,4.913554289809547e-05,1.401054309684297e-06
25,M2,Phenylalanine,Galactose,1.019937352646367e-05,E. coli,SINTEF-23,inf,9.179436173817302e-05,1.6848257413753006e-06
26,M2,Leucine,Galactose,0.0001199244781806,E. coli,SINTEF-23,inf,0.0007195468690836,1.5730843982425587e-05
27,M2,Isoleucine,Galactose,,E. coli,SINTEF-23,,,
28,M2,Methionine,Galactose,-1.2220031487298393e-06,E. coli,SINTEF-23,inf,-6.1100157436491965e-06,-1.8233672730619861e-07
29,M2,Gamma-aminobutyrate,Galactose,,E. coli,SINTEF-23,,,
30,M2,Proline,Galactose,-4.114485350032134e-06,E. coli,SINTEF-23,inf,-2.0572426750160666e-05,-4.7370259101246053e-07
31,M2,Pipecolic acid,Galactose,4.779579625964581e-06,E. coli,SINTEF-23,1.0472502249398711e-06,2.8677477755787483e-05,6.173305044895853e-07
32,M2,Beta-alanine,Galactose,2.646915988825136e-05,E. coli,SINTEF-23,inf,7.940747966475408e-05,2.3582216263727585e-06
33,M2,Creatine,Galactose,1.4840033656405862e-06,E. coli,SINTEF-23,3.9183080557778515e-07,5.936013462562345e-06,1.9459736133645008e-07
34,M2,Alpha-aminoadipate,Galactose,9.285030879429485e-06,E. coli,SINTEF-23,inf,5.571018527657691e-05,1.4963755765288557e-06
35,M2,Glutamate,Galactose,0.0008526467211518,E. coli,SINTEF-23,0.0002898121074085,0.004263233605759,0.00012458986438837295
36,M2,Asparagine,Galactose,3.138503782778961e-05,E. coli,SINTEF-23,inf,0.00012554015131115845,4.146525916928881e-06
37,M2,Aspartate,Galactose,9.564023592770225e-05,E. coli,SINTEF-23,1.9657073697504925e-05,0.000382560943710809,1.2633572098408487e-05
38,M2,Pyruvate,Galactose,0.0027316919000449,E. coli,SINTEF-23,inf,0.0081950757001347,0.0002378050344695367
39,M2,Lactate,Galactose,,E. coli,SINTEF-23,,,
40,M2,Hexoses,Galactose,-8.623469741453455,E. coli,SINTEF-23,2.4841695456876467,-51.74081844872073,-1.5535687799249198
41,M2,NAD,Galactose,1.5130334578752855e-05,E. coli,SINTEF-23,inf,0.00031773702615381,1.0022593291767933e-05
42,M2,Succinate,Galactose,0.0096986798930935,E. coli,SINTEF-23,inf,0.038794719572374,0.0011257467243399317
43,M2,Malate,Galactose,0.0017091090589556,E. coli,SINTEF-23,0.0003790156009073,0.0068364362358224,0.00022572469962639808
44,M2,Cis-aconitate,Galactose,0.0001205381529997,E. coli,SINTEF-23,2.064427634139551e-06,0.0007232289179982,2.098689781877777e-05
45,M2,Isocitrate,Galactose,6.453172676064346e-05,E. coli,SINTEF-23,inf,0.0003871903605638607,1.2202930170919651e-05
46,M2,Trans-aconitate,Galactose,5.333708396977559e-06,E. coli,SINTEF-23,8.972950927801171e-07,3.2002250381865356e-05,9.125144075460354e-07
47,M3,Phenylalanine,Galactose,1.876260948454432e-05,E. coli,SINTEF-23,1.195798026985265e-05,0.00016886348536089888,3.099379324907719e-06
48,M3,Leucine,Galactose,0.0001151068607708,E. coli,SINTEF-23,inf,0.0006906411646248,1.5098903039339283e-05
49,M3,Isoleucine,Galactose,-1.9424173008247427e-05,E. coli,SINTEF-23,inf,-0.00011654503804948456,-2.5479254920769986e-06
50,M3,Methionine,Galactose,1.0073867786488652e-05,E. coli,SINTEF-23,inf,5.036933893244326e-05,1.5031353114048057e-06
51,M3,Gamma-aminobutyrate,Galactose,0.000117848701615,E. coli,SINTEF-23,inf,0.00047139480646,1.2152529826850412e-05
52,M3,Proline,Galactose,1.057547884133004e-05,E. coli,SINTEF-23,inf,5.2877394206650194e-05,1.2175597437225945e-06
53,M3,Tyrosine,Galactose,8.901691877122514e-07,E. coli,SINTEF-23,inf,8.011522689410263e-06,1.6128845547456875e-07
54,M3,Valine,Galactose,8.062516947423461e-06,E. coli,SINTEF-23,inf,4.0312584737117304e-05,9.444943515786309e-07
55,M3,Pipecolic acid,Galactose,4.955681948750655e-06,E. coli,SINTEF-23,2.473959655073567e-07,2.9734091692503928e-05,6.400758805006346e-07
56,M3,Beta-alanine,Galactose,3.316007491772437e-05,E. coli,SINTEF-23,inf,9.948022475317311e-05,2.9543365234583027e-06
57,M3,Alanine,Galactose,-0.0006857539612929,E. coli,SINTEF-23,inf,-0.0020572618838786997,-6.109600110918138e-05
58,M3,Creatine,Galactose,5.2971861469128786e-08,E. coli,SINTEF-23,4.90296075691996e-07,2.1188744587651514e-07,6.946200194446858e-09
59,M3,Alpha-aminoadipate,Galactose,1.325374470532785e-05,E. coli,SINTEF-23,inf,7.95224682319671e-05,2.1359734967106365e-06
60,M3,Glutamine,Galactose,1.6705104541203595e-05,E. coli,SINTEF-23,inf,8.352552270601798e-05,2.4413591506219287e-06
61,M3,Glutamate,Galactose,0.0054962118872564,E. coli,SINTEF-23,inf,0.027481059436282002,0.0008031137359655963
62,M3,Asparagine,Galactose,-0.0003167663392323,E. coli,SINTEF-23,inf,-0.0012670653569292,-4.185050986538587e-05
63,M3,Aspartate,Galactose,0.0001693510264282,E. coli,SINTEF-23,1.2396762540395506e-05,0.0006774041057128,2.2370379804766208e-05
64,M3,Lysine,Galactose,0.0001638372137052,E. coli,SINTEF-23,inf,0.0009830232822312,2.4116100589943768e-05
65,M3,Lactate,Galactose,-0.0005920570587942,E. coli,SINTEF-23,0.000555498697329,-0.0017761711763826,-5.273452222679939e-05
66,M3,Hexoses,Galactose,-4.239893158058207,E. coli,SINTEF-23,1.5245350532566864,-25.43935894834924,-0.7638416829959553
67,M3,NAD,Galactose,-1.2960669960446936e-07,E. coli,SINTEF-23,inf,-2.721740691693857e-06,-8.585370212817913e-08
68,M3,Succinate,Galactose,0.0467056180606502,E. coli,SINTEF-23,inf,0.1868224722426008,0.00542122197243468
69,M3,Malate,Galactose,-0.0009376163203328,E. coli,SINTEF-23,0.0017662172249223,-0.0037504652813312,-0.0001238324501078126
70,M3,Cis-aconitate,Galactose,8.9566945919439e-05,E. coli,SINTEF-23,1.1315734390241893e-05,0.000537401675516634,1.5594500954033525e-05
71,M3,Isocitrate,Galactose,2.2234640204471654e-05,E. coli,SINTEF-23,inf,0.00013340784122682994,4.2045637922735284e-06
72,M3,Trans-aconitate,Galactose,4.145615851519875e-06,E. coli,SINTEF-23,4.559460833663719e-07,2.4873695109119248e-05,7.092502835000839e-07
73,M5,Isoleucine,L-malate,,E. coli,SINTEF-23,,,
74,M5,Methionine,L-malate,5.0335316941599754e-05,E. coli,SINTEF-23,inf,0.00025167658470799876,7.5106000901808016e-06
75,M5,Gamma-aminobutyrate,L-malate,0.0011683843624538,E. coli,SINTEF-23,inf,0.0046735374498152,0.00012048351504398887
76,M5,Proline,L-malate,-1.807933362545196e-05,E. coli,SINTEF-23,1.2488622036804714e-05,-9.03966681272598e-05,-2.0814819967917516e-06
77,M5,Tyrosine,L-malate,6.868467660390813e-06,E. coli,SINTEF-23,inf,6.181620894351732e-05,1.2444876274234271e-06
78,M5,Pipecolic acid,L-malate,1.2302451673184252e-05,E. coli,SINTEF-23,inf,7.381471003910551e-05,1.588984658108478e-06
79,M5,Beta-alanine,L-malate,0.0001314674705761,E. coli,SINTEF-23,1.4202819729431788e-05,0.00039440241172829997,1.1712855020181181e-05
80,M5,Alanine,L-malate,-0.0024966130317279,E. coli,SINTEF-23,inf,-0.007489839095183701,-0.00022243119422607954
81,M5,Creatine,L-malate,7.567969439142998e-07,E. coli,SINTEF-23,inf,3.027187775657199e-06,9.923878325548212e-08
82,M5,Alpha-aminoadipate,L-malate,3.828064239834968e-05,E. coli,SINTEF-23,inf,0.00022968385439009806,6.169308328918034e-06
83,M5,Glutamine,L-malate,0.0001697850946823,E. coli,SINTEF-23,inf,0.0008489254734114999,2.481315776979739e-05
84,M5,Glutamate,L-malate,0.0052636608799078,E. coli,SINTEF-23,0.003553381108921,0.026318304399539,0.0007691330758044892
85,M5,Asparagine,L-malate,0.0003959993108333,E. coli,SINTEF-23,1.207750726245673e-05,0.0015839972433332,5.231860526872906e-05
86,M5,Aspartate,L-malate,0.0051993777942914,E. coli,SINTEF-23,0.0045404955190961,0.0207975111771656,0.000686810457898696
87,M5,Lysine,L-malate,5.540233989324562e-05,E. coli,SINTEF-23,inf,0.0003324140393594737,8.154975121756235e-06
88,M5,Pyruvate,L-malate,0.0475685611462078,E. coli,SINTEF-23,inf,0.1427056834386234,0.004141039230249312
89,M5,Lactate,L-malate,-0.0086987377553186,E. coli,SINTEF-23,inf,-0.026096213265955803,-0.0007747965718662278
90,M5,NAD,L-malate,3.438302949493883e-07,E. coli,SINTEF-23,inf,7.220436193937154e-06,2.2775908818999674e-07
91,M5,Succinate,L-malate,-0.4641823175031077,E. coli,SINTEF-23,0.282997274563146,-1.8567292700124307,-0.05387864422639151
92,M5,Malate,L-malate,-18.516749442835813,E. coli,SINTEF-23,2.8678031190959907,-74.06699777134325,-2.445535985044457
93,M5,Cis-aconitate,L-malate,0.000505939832521,E. coli,SINTEF-23,9.341685312941974e-05,0.003035638995126,8.808918424023132e-05
94,M5,Citrate,L-malate,0.0169680950289414,E. coli,SINTEF-23,inf,0.1018085701736484,0.0032086616795443104
95,M5,Isocitrate,L-malate,0.0012180902075337,E. coli,SINTEF-23,inf,0.0073085412452022006,0.00023034049281756044
96,M5,Trans-aconitate,L-malate,6.600418284420572e-07,E. coli,SINTEF-23,inf,3.960250970652343e-06,1.1292287339474887e-07
97,M6,Phenylalanine,L-malate,,E. coli,SINTEF-23,,,
98,M6,Leucine,L-malate,7.221432413508223e-05,E. coli,SINTEF-23,inf,0.00043328594481049335,9.47256376262521e-06
99,M6,Isoleucine,L-malate,4.476141067214557e-05,E. coli,SINTEF-23,inf,0.0002685684640328734,5.8714849411844956e-06
100,M6,Methionine,L-malate,2.966956581216315e-05,E. coli,SINTEF-23,1.1663880620585834e-06,0.00014834782906081575,4.427035672051052e-06
101,M6,Gamma-aminobutyrate,L-malate,-4.140227185514265e-07,E. coli,SINTEF-23,inf,-1.656090874205706e-06,-4.269392337157065e-08
102,M6,Proline,L-malate,-2.195264990551814e-05,E. coli,SINTEF-23,inf,-0.0001097632495275907,-2.52741868184126e-06
103,M6,Pipecolic acid,L-malate,1.5083042870664027e-06,E. coli,SINTEF-23,inf,9.049825722398416e-06,1.9481258171749657e-07
104,M6,Beta-alanine,L-malate,0.0001015710065916,E. coli,SINTEF-23,1.106769927666098e-05,0.0003047130197748,9.049283973046605e-06
105,M6,Creatine,L-malate,-2.5485914326695546e-07,E. coli,SINTEF-23,inf,-1.0194365730678219e-06,-3.3419679456595874e-08
106,M6,Alpha-aminoadipate,L-malate,6.0885824060188946e-05,E. coli,SINTEF-23,inf,0.00036531494436113366,9.812359405540052e-06
107,M6,Glutamate,L-malate,0.0041527127514935,E. coli,SINTEF-23,0.0013274499857082,0.020763563757467497,0.0006067998688290622
108,M6,Asparagine,L-malate,0.0002108087022707,E. coli,SINTEF-23,0.000105757876822,0.0008432348090828,2.785160726190416e-05
109,M6,Aspartate,L-malate,0.0053849876115361,E. coli,SINTEF-23,0.0062103663935259,0.0215399504461444,0.0007113285384490822
110,M6,Pyruvate,L-malate,0.28071339237594,E. coli,SINTEF-23,inf,0.8421401771278201,0.024437257345502165
111,M6,Lactate,L-malate,,E. coli,SINTEF-23,,,
112,M6,NAD,L-malate,-3.642493957034573e-05,E. coli,SINTEF-23,inf,-0.0007649237309772603,-2.412850509620992e-05
113,M6,Succinate,L-malate,,E. coli,SINTEF-23,,,
114,M6,Malate,L-malate,-15.958593029554455,E. coli,SINTEF-23,4.978514419165887,-63.83437211821782,-2.107676276818383
115,M6,Cis-aconitate,L-malate,0.0003807275465901,E. coli,SINTEF-23,3.311646071525446e-05,0.0022843652795406,6.62884731368023e-05
116,M6,Citrate,L-malate,0.0035006826252152,E. coli,SINTEF-23,inf,0.0210040957512912,0.0006619780342234069
117,M6,Isocitrate,L-malate,0.0008585405902567,E. coli,SINTEF-23,inf,0.0051512435415402005,0.00016234976805536491
118,M6,Trans-aconitate,L-malate,2.184120497899269e-05,E. coli,SINTEF-23,inf,0.00013104722987395613,3.7366898859320765e-06
119,M7,Phenylalanine,L-malate,,E. coli,SINTEF-23,,,
120,M7,Leucine,L-malate,5.368934579134557e-05,E. coli,SINTEF-23,inf,0.0003221360747480734,7.0425882603405076e-06
121,M7,Isoleucine,L-malate,,E. coli,SINTEF-23,,,
122,M7,Methionine,L-malate,1.2785878349094657e-05,E. coli,SINTEF-23,inf,6.392939174547328e-05,1.9077980415454017e-06
123,M7,Gamma-aminobutyrate,L-malate,0.0019870839962137,E. coli,SINTEF-23,inf,0.0079483359848548,0.00020490762478939765
124,M7,Proline,L-malate,-2.607927913418704e-05,E. coli,SINTEF-23,inf,-0.0001303963956709352,-3.0025194031873555e-06
125,M7,Pipecolic acid,L-malate,5.5424620833793605e-05,E. coli,SINTEF-23,inf,0.00033254772500276164,7.158644026892782e-06
126,M7,Beta-alanine,L-malate,0.0005466337315706,E. coli,SINTEF-23,inf,0.0016399011947118,4.8701337440891154e-05
127,M7,Creatine,L-malate,-4.546045813804989e-07,E. coli,SINTEF-23,inf,-1.8184183255219956e-06,-5.961229875642481e-08
128,M7,Alpha-aminoadipate,L-malate,3.4286529411194066e-05,E. coli,SINTEF-23,inf,0.00020571917646716438,5.525617079908036e-06
129,M7,Glutamate,L-malate,,E. coli,SINTEF-23,,,
130,M7,Asparagine,L-malate,0.0002404609007287,E. coli,SINTEF-23,8.214372124767042e-05,0.0009618436029148,3.176919404560233e-05
131,M7,Aspartate,L-malate,,E. coli,SINTEF-23,,,
132,M7,Pyruvate,L-malate,0.0776551054227898,E. coli,SINTEF-23,inf,0.23296531626836942,0.006760196866088195
133,M7,Lactate,L-malate,-0.0116383341150263,E. coli,SINTEF-23,inf,-0.0349150023450789,-0.0010366264196253925
134,M7,NAD,L-malate,6.932914936658831e-05,E. coli,SINTEF-23,inf,0.0014559121366983546,4.592481836728953e-05
135,M7,Succinate,L-malate,,E. coli,SINTEF-23,,,
136,M7,Malate,L-malate,-19.248405503530385,E. coli,SINTEF-23,0.1898058054602987,-76.99362201412154,-2.5421669423638438
137,M7,Cis-aconitate,L-malate,0.0005312097236312,E. coli,SINTEF-23,6.873700730644081e-05,0.0031872583417872,9.248892498142824e-05
138,M7,Citrate,L-malate,0.0001042817886098,E. coli,SINTEF-23,inf,0.0006256907316588,1.9719654941576598e-05
139,M7,Isocitrate,L-malate,0.0001471558586207,E. coli,SINTEF-23,inf,0.0008829351517242001,2.7827128718416788e-05
140,M7,Trans-aconitate,L-malate,1.444920008046883e-05,E. coli,SINTEF-23,1.7810197823287726e-06,8.669520048281298e-05,2.472033015230963e-06
141,M9,Phenylalanine,L-alanine,5.8196472337569e-06,E. coli,SINTEF-23,7.079157123852594e-07,5.23768251038121e-05,9.613425216476812e-07
142,M9,Leucine,L-alanine,0.0001094746056276,E. coli,SINTEF-23,3.457698580920679e-05,0.0006568476337656,1.4360103686020723e-05
143,M9,Isoleucine,L-alanine,0.0007341903741088,E. coli,SINTEF-23,inf,0.0044051422446528005,9.630589520774369e-05
144,M9,Methionine,L-alanine,1.1725140019988844e-05,E. coli,SINTEF-23,6.6620258185482795e-06,5.862570009994422e-05,1.7495238540701623e-06
145,M9,Gamma-aminobutyrate,L-alanine,0.0074576921296847,E. coli,SINTEF-23,inf,0.0298307685187388,0.0007690354225669752
146,M9,Proline,L-alanine,0.0003194256370714,E. coli,SINTEF-23,inf,0.0015971281853569999,3.677562053182334e-05
147,M9,Valine,L-alanine,,E. coli,SINTEF-23,,,
148,M9,Pipecolic acid,L-alanine,1.8187093897110817e-05,E. coli,SINTEF-23,1.6494325320695595e-06,0.0001091225633826649,2.3490450477508328e-06
149,M9,Alpha-aminobutyrate,L-alanine,0.1719571267155198,E. coli,SINTEF-23,0.0384561695545719,0.6878285068620792,0.017558542208921727
150,M9,Beta-alanine,L-alanine,0.0004918904793149,E. coli,SINTEF-23,inf,0.0014756714379447,4.382408701388867e-05
151,M9,Alanine,L-alanine,-19.3507839750104,E. coli,SINTEF-23,0.3634970359980931,-58.0523519250312,-1.7240228798267172
152,M9,Creatine,L-alanine,1.592377469455866e-06,E. coli,SINTEF-23,5.794719050523218e-07,6.369509877823464e-06,2.0880845756974773e-07
153,M9,Alpha-aminoadipate,L-alanine,8.512594715389294e-05,E. coli,SINTEF-23,inf,0.0005107556829233576,1.3718897643321385e-05
154,M9,Glycine,L-alanine,0.0360407872262823,E. coli,SINTEF-23,inf,0.0720815744525646,0.002705459358400443
155,M9,Glutamine,L-alanine,1.970066659188409e-05,E. coli,SINTEF-23,inf,9.850333295942044e-05,2.8791440687376038e-06
156,M9,Glutamate,L-alanine,0.0006832937572714,E. coli,SINTEF-23,0.0006353684759743,0.0034164687863569997,9.984378576025656e-05
157,M9,Serine,L-alanine,0.0004755307499626,E. coli,SINTEF-23,0.0001887353298397,0.0014265922498878,4.9974753382904536e-05
158,M9,Asparagine,L-alanine,0.0068354074937564,E. coli,SINTEF-23,0.0040020436219366,0.0273416299750256,0.0009030798204275086
159,M9,Aspartate,L-alanine,0.0001056854645382,E. coli,SINTEF-23,8.831276273580776e-05,0.0004227418581528,1.3960493959952748e-05
160,M9,Lysine,L-alanine,-0.002528044492074,E. coli,SINTEF-23,inf,-0.015168266952444002,-0.0003721167730330785
161,M9,Pyruvate,L-alanine,0.0002899136007429,E. coli,SINTEF-23,inf,0.0008697408022287001,2.5238173388704505e-05
162,M9,Lactate,L-alanine,0.0007595078727766,E. coli,SINTEF-23,0.0004032841968043,0.0022785236183298,6.764936622821175e-05
163,M9,NAD,L-alanine,4.699180318104327e-05,E. coli,SINTEF-23,inf,0.0009868278668019087,3.112817690044926e-05
164,M9,Succinate,L-alanine,0.004833337816248,E. coli,SINTEF-23,inf,0.019333351264992,0.0005610159603415884
165,M9,Malate,L-alanine,0.0045597562093734,E. coli,SINTEF-23,0.0012286373752181,0.0182390248374936,0.0006022141157916315
166,M9,Cis-aconitate,L-alanine,0.0008775921549794,E. coli,SINTEF-23,0.0003123707739526,0.0052655529298764004,0.00015279757010346333
167,M9,Citrate,L-alanine,0.0065378651318456,E. coli,SINTEF-23,inf,0.0392271907910736,0.0012363083350724635
168,M9,Isocitrate,L-alanine,0.0007581866778437,E. coli,SINTEF-23,inf,0.0045491200670622,0.00014337287332424033
169,M9,Trans-aconitate,L-alanine,1.8933395972363713e-05,E. coli,SINTEF-23,1.0193662616825763e-05,0.00011360037583418228,3.239209068562182e-06
170,M10,Phenylalanine,L-alanine,1.7479501306523924e-05,E. coli,SINTEF-23,8.661792764398677e-06,0.00015731551175871531,2.887423788453563e-06
171,M10,Leucine,L-alanine,-0.0001286877688392,E. coli,SINTEF-23,6.771672802778762e-05,-0.0007721266130352,-1.6880350406922873e-05
172,M10,Isoleucine,L-alanine,0.0003866547280753,E. coli,SINTEF-23,0.000143779161424,0.0023199283684518,5.071862971344307e-05
173,M10,Methionine,L-alanine,1.0813125883979887e-05,E. coli,SINTEF-23,1.1598675354796128e-05,5.406562941989944e-05,1.6134410027373235e-06
174,M10,Gamma-aminobutyrate,L-alanine,0.0095310063906941,E. coli,SINTEF-23,inf,0.0381240255627764,0.0009828350915668418
175,M10,Proline,L-alanine,6.0014387940051514e-05,E. coli,SINTEF-23,4.136748703878566e-05,0.00030007193970025756,6.9094840901565835e-06
176,M10,Tyrosine,L-alanine,3.673954129679667e-05,E. coli,SINTEF-23,2.955733975114967e-05,0.00033065587167117,6.656783847836295e-06
177,M10,Valine,L-alanine,,E. coli,SINTEF-23,,,
178,M10,Pipecolic acid,L-alanine,1.8128289311095727e-05,E. coli,SINTEF-23,5.420145231624592e-06,0.00010876973586657437,2.341449847421124e-06
179,M10,Alpha-aminobutyrate,L-alanine,0.201635810213774,E. coli,SINTEF-23,0.0522498200436036,0.806543240855096,0.020589032580928465
180,M10,Beta-alanine,L-alanine,0.0004821741860244,E. coli,SINTEF-23,inf,0.0014465225580732,4.295843154682536e-05
181,M10,Alanine,L-alanine,-19.597281365974133,E. coli,SINTEF-23,1.4762386014649178,-58.7918440979224,-1.7459841162493794
182,M10,Creatine,L-alanine,-3.4936314215991926e-06,E. coli,SINTEF-23,3.8163662229449195e-06,-1.397452568639677e-05,-4.581198883143021e-07
183,M10,Alpha-aminoadipate,L-alanine,5.6530881268418885e-05,E. coli,SINTEF-23,2.6088472236955083e-06,0.0003391852876105133,9.110516825218387e-06
184,M10,Glycine,L-alanine,0.0308147428251687,E. coli,SINTEF-23,0.0135688135352958,0.0616294856503374,0.0023131579737598086
185,M10,Glutamine,L-alanine,-4.894624479138556e-05,E. coli,SINTEF-23,inf,-0.0002447312239569278,-7.153224471914647e-06
186,M10,Glutamate,L-alanine,0.0004594099431468,E. coli,SINTEF-23,0.0017655833749278,0.002297049715734,6.712958731373538e-05
187,M10,Serine,L-alanine,0.00082638260844,E. coli,SINTEF-23,inf,0.00247914782532,8.684668038808936e-05
188,M10,Asparagine,L-alanine,0.0101568170744365,E. coli,SINTEF-23,0.0032457644722462,0.040627268297746,0.0013418975456950357
189,M10,Aspartate,L-alanine,0.0001132702764684,E. coli,SINTEF-23,0.0001162157788832,0.0004530811058736,1.4962407719821418e-05
190,M10,Lysine,L-alanine,-0.0011952195787796,E. coli,SINTEF-23,inf,-0.0071713174726776,-0.00017593094350825262
191,M10,Lactate,L-alanine,,E. coli,SINTEF-23,,,
192,M10,NAD,L-alanine,0.000144711660417,E. coli,SINTEF-23,inf,0.0030389448687570004,9.58594874017369e-05
193,M10,Succinate,L-alanine,0.0023005551300845,E. coli,SINTEF-23,inf,0.009202220520338,0.0002670304031479889
194,M10,Malate,L-alanine,0.0026919315237821,E. coli,SINTEF-23,3.301725354592421e-05,0.0107677260951284,0.00035552759575907907
195,M10,Cis-aconitate,L-alanine,0.0010429622174672,E. coli,SINTEF-23,1.7985795031834655e-05,0.0062577733048031995,0.00018159015168321422
196,M10,Citrate,L-alanine,0.002587173371707,E. coli,SINTEF-23,inf,0.015523040230242001,0.0004892337084377822
197,M10,Isocitrate,L-alanine,0.0007938732402429,E. coli,SINTEF-23,inf,0.0047632394414574,0.00015012119156796033
198,M10,Trans-aconitate,L-alanine,1.9974503654669845e-05,E. coli,SINTEF-23,6.363864066980702e-06,0.00011984702192801907,3.4173263725470705e-06
199,M11,Phenylalanine,L-alanine,4.97250505859416e-05,E. coli,SINTEF-23,3.894886888651497e-06,0.0004475254552734744,8.214038342748188e-06
200,M11,Leucine,L-alanine,0.0002822074471149,E. coli,SINTEF-23,4.020543678613663e-05,0.0016932446826893998,3.7017974883807004e-05
201,M11,Isoleucine,L-alanine,0.0007982162116325,E. coli,SINTEF-23,7.11503125009095e-05,0.004789297269795,0.00010470435127117298
202,M11,Methionine,L-alanine,2.7979892678305916e-05,E. coli,SINTEF-23,1.5908873499926064e-05,0.00013989946339152957,4.174917279586215e-06
203,M11,Gamma-aminobutyrate,L-alanine,0.0076468654496771,E. coli,SINTEF-23,inf,0.0305874617987084,0.0007885429299229947
204,M11,Proline,L-alanine,0.0004911292026651,E. coli,SINTEF-23,inf,0.0024556460133254997,5.654393102226618e-05
205,M11,Tyrosine,L-alanine,4.3300429043947094e-05,E. coli,SINTEF-23,4.0038926326270686e-05,0.00038970386139552384,7.84554151984637e-06
206,M11,Valine,L-alanine,0.0032645347058819,E. coli,SINTEF-23,0.0022273521203103,0.0163226735294095,0.0003824282925970411
207,M11,Pipecolic acid,L-alanine,2.2854179522711623e-05,E. coli,SINTEF-23,4.234775028743128e-06,0.00013712507713626974,2.9518458271534334e-06
208,M11,Alpha-aminobutyrate,L-alanine,0.2059267350354939,E. coli,SINTEF-23,0.0380778119767708,0.8237069401419757,0.021027178914474285
209,M11,Beta-alanine,L-alanine,0.0005174411227287,E. coli,SINTEF-23,inf,0.0015523233681861,4.610047508667017e-05
210,M11,Alanine,L-alanine,-16.418569833484963,E. coli,SINTEF-23,2.633514216099224,-49.255709500454884,-1.462782597517246
211,M11,Creatine,L-alanine,-4.065179107172861e-06,E. coli,SINTEF-23,9.321284150707704e-07,-1.6260716428691444e-05,-5.330669363235773e-07
212,M11,Alpha-aminoadipate,L-alanine,5.855177742368635e-05,E. coli,SINTEF-23,1.7680702313832016e-05,0.0003513106645421181,9.436204449601292e-06
213,M11,Glycine,L-alanine,0.0227495752698566,E. coli,SINTEF-23,0.0061086737450188,0.0454991505397132,0.0017077332669522174
214,M11,Glutamine,L-alanine,2.0714779543147337e-05,E. coli,SINTEF-23,inf,0.00010357389771573669,3.027351098943496e-06
215,M11,Glutamate,L-alanine,0.0025636172523222,E. coli,SINTEF-23,inf,0.012818086261611,0.0003745991368840929
216,M11,Serine,L-alanine,0.0010536919118722,E. coli,SINTEF-23,inf,0.0031610757356166,0.00011073520154378213
217,M11,Asparagine,L-alanine,0.0057485353021846,E. coli,SINTEF-23,0.004845792442969,0.0229941412087384,0.0007594845271712008
218,M11,Aspartate,L-alanine,,E. coli,SINTEF-23,,,
219,M11,Lysine,L-alanine,0.0010635562561171,E. coli,SINTEF-23,inf,0.0063813375367026,0.0001565506948972846
220,M11,Lactate,L-alanine,,E. coli,SINTEF-23,,,
221,M11,Hexoses,L-alanine,0.0076399013031107,E. coli,SINTEF-23,inf,0.0458394078186642,0.0013763731423750549
222,M11,NAD,L-alanine,5.659653172568368e-05,E. coli,SINTEF-23,inf,0.0011885271662393573,3.749051392477035e-05
223,M11,Succinate,L-alanine,0.0180932750793083,E. coli,SINTEF-23,inf,0.0723731003172332,0.0021001255199294857
224,M11,Malate,L-alanine,0.0032372049489299,E. coli,SINTEF-23,0.0015576717595559,0.0129488197957196,0.0004275427076448922
225,M11,Cis-aconitate,L-alanine,0.0009061021231321,E. coli,SINTEF-23,7.191892762294502e-05,0.0054366127387926,0.00015776144065852995
226,M11,Citrate,L-alanine,0.0041026161864159,E. coli,SINTEF-23,inf,0.0246156971184954,0.0007758034900663908
227,M11,Isocitrate,L-alanine,0.0006478947178522,E. coli,SINTEF-23,inf,0.0038873683071132,0.00012251669677743567
228,M11,Trans-aconitate,L-alanine,1.8823455110741705e-05,E. coli,SINTEF-23,4.462361121896711e-06,0.00011294073066445023,3.2203999000172805e-06
229,M1,Acetate,Galactose,0.1062160070397591,E. coli,SINTEF-23,0.041288024669309,0.2124320140795182,0.006271420043975677
230,M1,Propionate,Galactose,0.0111631257470707,E. coli,SINTEF-23,inf,0.0334893772412121,0.0008156962962139043
231,M1,Formate,Galactose,0.2302126582617999,E. coli,SINTEF-23,0.0993787692474055,0.2302126582617999,0.01036358453054108
232,M2,Acetate,Galactose,0.0456503966569217,E. coli,SINTEF-23,0.0345893791305234,0.0913007933138434,0.0026953829332192186
233,M2,Formate,Galactose,0.1595303200496448,E. coli,SINTEF-23,0.066895098287182,0.1595303200496448,0.0071816466110156815
234,M3,Acetate,Galactose,0.4144851530017146,E. coli,SINTEF-23,0.1772499882355442,0.8289703060034292,0.0244728696635363
235,M3,Formate,Galactose,0.6107342989381452,E. coli,SINTEF-23,0.1287343537561443,0.6107342989381452,0.027493694658390015
236,M11,Acetate,L-alanine,2.5593899049391906,E. coli,SINTEF-23,1.0971737343062782,5.118779809878381,0.1511166687350277
237,M11,Propionate,L-alanine,0.1214754139491988,E. coli,SINTEF-23,0.0432891395446838,0.36442624184759637,0.008876281382516326
238,M11,Formate,L-alanine,0.0447897237553902,E. coli,SINTEF-23,0.017727414555207,0.0447897237553902,0.002016318701774853
239,M10,Acetate,L-alanine,2.649972553796234,E. coli,SINTEF-23,1.3101916055852771,5.299945107592468,0.15646503246579593
240,M10,Propionate,L-alanine,0.0979334451651785,E. coli,SINTEF-23,0.0161853606430704,0.2938003354955355,0.0071560555982866925
241,M9,Acetate,L-alanine,2.507911048088005,E. coli,SINTEF-23,1.0181357582798276,5.01582209617601,0.14807715008152914
242,M9,Propionate,L-alanine,0.1248973311735559,E. coli,SINTEF-23,0.0320697910806017,0.37469199352066773,0.009126322927250435
243,M9,Formate,L-alanine,0.0861882229630843,E. coli,SINTEF-23,0.0092611971354519,0.0861882229630843,0.00387997315594727
244,M7,Acetate,L-malate,1.25335849510552,E. coli,SINTEF-23,0.2493728435725555,2.50671699021104,0.07400332405218023
245,M7,Propionate,L-malate,0.1001562902748829,E. coli,SINTEF-23,0.0111242909949432,0.3004688708246487,0.007318480224159859
246,M7,Formate,L-malate,0.2958336968633546,E. coli,SINTEF-23,inf,0.2958336968633546,0.013317675698524253
247,M6,Acetate,L-malate,0.1438062192842197,E. coli,SINTEF-23,0.0393268553438031,0.2876124385684394,0.008490897287541854
248,M6,Propionate,L-malate,0.0620036466626746,E. coli,SINTEF-23,inf,0.1860109399880238,0.004530643663829631
249,M6,Formate,L-malate,0.1505385166096574,E. coli,SINTEF-23,0.0981724904242067,0.1505385166096574,0.006776858639164255
250,M5,Acetate,L-malate,0.9918480058179264,E. coli,SINTEF-23,0.0687070192978471,1.9836960116358529,0.05856269349247377
251,M5,Propionate,L-malate,0.1063020490420187,E. coli,SINTEF-23,0.0136295803080509,0.31890614712605614,0.007767554504729731
252,M5,Formate,L-malate,0.0138215471406988,E. coli,SINTEF-23,inf,0.0138215471406988,0.0006222106691135799
253,,Glucose-6-phosphate,Glucose,0.0009384776909827,E. coli,Paczia-13,7.040244627160425e-05,0.0056308661458962005,0.00024223976868716315
254,,Fructose-6-phosphate,Glucose,0.0017466147269174,E. coli,Paczia-13,0.0001090888815013,0.0104796883615044,0.0004508360203970614
255,,"Fructose-1,6-bisphosphate",Glucose,0.0024508769288152,E. coli,Paczia-13,0.0003365155309916,0.0147052615728912,0.0008237003305755271
256,,Glyceraldehyde-3-phosphate,Glucose,0.0005390129769866,E. coli,Paczia-13,1.72118313315537e-05,0.0016170389309598,9.057679765727612e-05
257,,2-phosphoglycerate,Glucose,0.0003494926533841,E. coli,Paczia-13,1.6687742943817196e-05,0.0010484779601523,6.396883596325905e-05
258,,3-phosphoglycerate,Glucose,0.0003494926533841,E. coli,Paczia-13,1.6687742943817196e-05,0.0010484779601523,6.396883596325905e-05
259,,Phosphoenolpyruvate,Glucose,0.000216067694908,E. coli,Paczia-13,1.7338606704126875e-05,0.000648203084724,3.565508934387333e-05
260,,Ribose-5-phosphate,Glucose,0.0002984551018772,E. coli,Paczia-13,1.9559095975555388e-05,0.0014922755093860001,6.807579442962502e-05
261,,Ribulose-5-phosphate,Glucose,7.010314638442496e-05,E. coli,Paczia-13,4.776934301941201e-06,0.00035051573192212477,1.599010153326046e-05
262,,Xylulose-5-phosphate,Glucose,7.010314638442496e-05,E. coli,Paczia-13,4.776934301941201e-06,0.00035051573192212477,1.599010153326046e-05
263,,Erythrose-4-phosphate,Glucose,4.826920242832533e-05,E. coli,Paczia-13,4.590248737058869e-06,0.00019307680971330132,9.560581538690597e-06
264,,Citrate,Glucose,0.0068355380468514,E. coli,Paczia-13,0.0005009375182234,0.0410132282811084,0.0012925981939981856
265,,Cis-aconitate,Glucose,0.0006831808194392,E. coli,Paczia-13,5.6393461267305514e-05,0.0040990849166352,0.00011894861247255913
266,,Isocitrate,Glucose,0.0012298078074464,E. coli,Paczia-13,4.2499537098732474e-05,0.0073788468446784,0.00023255628744577202
267,,Oxaloacetate,Glucose,0.0003448268470852,E. coli,Paczia-13,5.611645161542768e-05,0.0013793073883408,4.4846690079921704e-05
268,,Serine,Glucose,1.3130006777160169e-05,E. coli,Paczia-13,2.7638342869541947e-06,3.9390020331480505e-05,1.3798662876292473e-06
269,,Aspartate,Glucose,5.737064428177891e-05,E. coli,Paczia-13,2.7905212649466083e-06,0.00022948257712711564,7.578360340034073e-06
270,,Threonine,Glucose,0.0001169792860972,E. coli,Paczia-13,7.418340065416461e-06,0.0004679171443888,1.3934474297298142e-05
271,,Homoserine,Glucose,0.0001201703719316,E. coli,Paczia-13,5.409932218881139e-06,0.0004806814877264,1.4314593761379769e-05
272,,Tyrosine,Glucose,1.260044794518234e-05,E. coli,Paczia-13,8.742338236575299e-07,0.00011340403150664106,2.2830567665335883e-06
273,,Proline,Glucose,3.506108720570623e-05,E. coli,Paczia-13,5.401944724840931e-06,0.00017530543602853113,4.036599098093073e-06
274,,Alanine,Glucose,0.000107857651575,E. coli,Paczia-13,1.250585430009144e-05,0.000323572954725,9.60938116614876e-06
275,,Methionine,Glucose,1.3374061108505567e-05,E. coli,Paczia-13,9.18886819582158e-07,6.687030554252783e-05,1.995561579242001e-06
276,,Valine,Glucose,6.586785286797082e-05,E. coli,Paczia-13,3.871222507589387e-06,0.00032933926433985415,7.716177887141285e-06
277,,Phenylalanine,Glucose,1.8682540912683973e-05,E. coli,Paczia-13,1.6190705184403033e-06,0.00016814286821415577,3.0861528663810802e-06
278,,Isoleucine,Glucose,7.10907099055252e-05,E. coli,Paczia-13,3.09396015686778e-06,0.00042654425943315123,9.325176003180664e-06
279,,Leucine,Glucose,6.869210804782705e-05,E. coli,Paczia-13,3.862222627470991e-06,0.00041215264828696225,9.010544393588972e-06
280,,Tryptophan,Glucose,2.222142984163311e-05,E. coli,Paczia-13,1.506342848049735e-06,0.0002444357282579642,4.538175509264893e-06
281,,Histidine,Glucose,0.0010093162735949,E. coli,Paczia-13,0.0002244600876974,0.006055897641569399,0.00015660002233045632
282,,Arginine,Glucose,0.0020576151167197,E. coli,Paczia-13,0.000218401877581,0.012345690700318199,0.0003605124812238302
283,,Pyruvate,Glucose,0.6234893158099053,E. coli,Paczia-13,0.0281944294322005,1.870467947429716,0.05427731371723339
284,,Orotate,Glucose,0.1270332053879417,E. coli,Paczia-13,0.0086703945607039,0.6351660269397085,0.019701366407830826
285,,Fumarate,Glucose,0.0005535652642159,E. coli,Paczia-13,8.739075644399363e-05,0.0022142610568636,6.313759477368269e-05
286,,Uracil,Glucose,0.0142093170465416,E. coli,Paczia-13,0.0030044924586253,0.0568372681861664,0.001592676309559617
287,,Alpha-ketoglutarate,Glucose,0.0035487840130435,E. coli,Paczia-13,0.0009996990089492,0.0177439200652175,0.000511316820851177
288,,Acetate,Glucose,1.6702653783116823,E. coli,Paczia-13,0.2032960772208058,3.3405307566233646,0.09861918240234255
