JW ID,Blattner ID,Gene Name,Annotation,Growth rate in glucose + AA medium,Location,Transported metabolites,Metabolite class,Class,Mechanism/specific type,Type,Expected direction,TCID,biocyc link,Comment,Paper
JW0401,b0411,tsx,"nucleoside channel, receptor of phage T6 and colicin K",0.92,Outer membrane,Nucleoside,Nucleoside,Porin,Facilitated diffusion,Porin,Both,,https://biocyc.org/gene?orgid=ECOLI&id=EG11035,,https://www.ncbi.nlm.nih.gov/pmc/articles/PMC514505/
JW2203,b2215,ompC,outer membrane porin,0.89,Outer membrane,Unspecific,Unspecific,Porin,Facilitated diffusion,Porin,Both,,https://biocyc.org/gene?orgid=ECOLI&id=EG10670,"OpmC is reciprocally regulated with ompF. Both are outer membrane porins that allows diffusion of different molecules, but ompF is only expressed in low osmolarity media, while ompC is expressed in high osmolarity media",10.1074/jbc.M602112200
JW0912,b0929,ompF,outer membrane porin,0.77,Outer membrane,Unspecific,Unspecific,Porin,Facilitated diffusion,Porin,Both,,https://biocyc.org/gene?orgid=ECOLI&id=EG10671,,10.1074/jbc.M602112200
JW1469,b1473,yddG,aromatic amino acid exporter,0.78,Inner membrane,broad range of amino acids,Amino acid,DMT,Uniport,Uniport,Export,https://www.tcdb.org/search/result.php?tc=2.A.7.17.2,https://biocyc.org/gene?orgid=ECOLI&id=EG12713,"Overexpression of YddG increases accumulation of aromatic amaino acids (phe, tyr, trp) when the respective pathways are dysregulated, but not in the wt. Deletion reduced the accumlation of these amino acids in producing strains.","https://academic.oup.com/femsle/article/275/2/312/600271?login=true, https://www.nature.com/articles/nature17991"
JW0590,b0598,cstA,carbon starvation protein,0.96,Inner membrane,Pyruvate,Organic acid,MFS,Proton symport,Proton symport,Import,https://www.tcdb.org/search/result.php?tc=2.A.114.1.1,https://biocyc.org/gene?orgid=ECOLI&id=EG10167,The small protein YbdD and the inner membrane protein CstA are implicated in constitutive pyruvate import,https://www.mdpi.com/1422-0067/21/23/9068
JW3641,b3666,uhpT,hexose phosphate transporter,0.77,Inner membrane,"glucose 6-phosphate, but potentially also fructose 6-phosphate, phosphoenolpyruvate, glyceraldehyde 3-phosphate",Phosphorylated sugar,MFS,hexose-6-phosphate:phosphate antiporter,Antiport (other),Import,https://www.tcdb.org/search/result.php?tc=2.A.1.4.1,https://biocyc.org/gene?orgid=ECOLI&id=UHPT-MONOMER,,
JW2234,b2240,glpT,sn-glycerol-3-phosphate transporter,0.81,Inner membrane,"glycerol-3-phosphate, potentially also glycerol-2-phosphate",Phosphorylated sugar,MFS,sn-glycerol 3-phosphate:phosphate antiporter,Antiport (other),Import,https://www.tcdb.org/search/result.php?tc=2.A.1.4.3,https://biocyc.org/reaction?orgid=ECOLI&id=TRANS-RXN-22#ENZ,,https://pubmed.ncbi.nlm.nih.gov/11380257/
JW4028,b4067,actP,acetate transporter,0.82,Inner membrane,"Acetate, glycolate",Organic acid,Solute:Sodium Symporter (SSS) Family (TC:2.A.21),Sodium symport,Sodium symport,Import,https://tcdb.org/search/result.php?tc=2.a.21,https://biocyc.org/gene?orgid=ECOLI&id=EG11942#SUMMARY,SatP is probably also an acetate transporter,
JW3729,b3750,rbsC,ribose ABC transporter,0.84,Inner membrane,Ribose,Sugar,ABC,ABC,ABC,Import,https://www.tcdb.org/search/result.php?tc=3.A.1.2.1,https://biocyc.org/gene?orgid=ECOLI&id=EG10816, ATP-binding subunit of a high affinity ribose uptake system;,
JW3628,b3653,gltS,glutamate transporter,0.85,Inner membrane,L and D-glutamate,Amino acid,glutamate:Na+ symporter (ESS) family,Sodium symport,Sodium symport,Import,https://www.tcdb.org/search/result.php?tc=2.A.27.1.1,https://biocyc.org/gene?orgid=ECOLI&id=EG10406,"E. coli contains four transporters for the uptake of glutamate (GltIJKL, GltP, GltS, and GadC). GltS accounts for approximately 25% of the total wild-type transport velocity of glutamate in aerobic growth with succinate and 40 mM NaC",
JW3496,b3528,dctA,"C4-dicarboxylic acid, orotate and citrate transporter",0.9,Inner membrane,"Malate, aspartate, orotate, fumarate, succinate",Organic acid,dicarboxylate/amino acid:cation symporter (DAACS) family,Proton symport,Proton symport,Import,,https://biocyc.org/gene?orgid=ECOLI&id=EG20044,,
JW3422,b3457,livH,leucine/isoleucine/valine transporter,0.82,Inner membrane,"L-leucine, L-valine, L-isoleucine, L-phenylalanine, L-threonine",Amino acid,ABC,ABC,ABC,Import,,https://biocyc.org/gene?orgid=ECOLI&id=EG10538,"livH is a part of two uptake systems, LIV-1 for BCAA and LS for Phenyulalanine",https://pubmed.ncbi.nlm.nih.gov/37025642/
JW3417,b3452,ugpA,glycerol-3-phosphate transporter,0.79,Inner membrane,"glycerol-3-phosphate, potentially also glycerol-2-phosphate",Phosphorylated sugar,ABC,ABC,ABC,Import,,https://biocyc.org/gene?orgid=ECOLI&id=EG11048#SUMMARY,Seems like it is not verified,
JW3252,b3291,mscL,"mechanosensitive channel protein, high conductance",0.66,Inner membrane,Unspecific,Unspecific,large conductance mechanosensitive ion channel (MscL) family,,Channel,Export,,https://biocyc.org/gene?orgid=ECOLI&id=EG11180,,
JW3130,b3161,mtr,tryptophan transporter of high affinity,0.7,Inner membrane,Tryptophan,Amino acid,hydroxy-aromatic amino acid permease (HAAAP) family,Proton symport,Proton symport,Import,,https://biocyc.org/gene?orgid=ECOLI&id=EG10617,Tryptophan can also be imported into cells by the low-affinity transporter TnaB and by the general aromatic amino acid transporter AroP.,
JW3087,b3116,tdcC,L-threonine/L-serine transporter,0.92,Inner membrane,Threonine and serine,Amino acid,hydroxy-aromatic amino acid permease (HAAAP) family,Proton symport,Proton symport,Import,,https://biocyc.org/gene?orgid=ECOLI&id=EG10991#SUMMARY,induced in Escherichia coli cells when incubated in amino acid-rich medium under anaerobic conditions.,https://pubmed.ncbi.nlm.nih.gov/37025642/
JW2932,b2964,nupG,nucleoside transporter,0.89,Inner membrane,"Nucleosides, including adenosine, cytidine, thymidine, uridine, inosine, etc",Nucleoside,MFS,Proton symport,Proton symport,Import,,https://biocyc.org/gene?orgid=ECOLI&id=EG10664,,
JW2890,b2923,argO,arginine transporter,0.64,Inner membrane,L-arginine,Amino acid,L-lysine exporter (LysE) family,,Proton antiport,Export,,https://biocyc.org/gene?orgid=ECOLI&id=EG11159,,
JW2891,b2924,mscS,"mechanosensitive channel protein, small conductance",0.95,Inner membrane,Unspecific,Unspecific,small conductance mechanosensitive ion channel (MscS) Family,,Channel,Export,,https://biocyc.org/gene?orgid=ECOLI&id=EG11160,,
JW2657,b2682,ygaZ,"probable L-valine exporter, norvaline resistance",0.7,Inner membrane,L-valine,Amino acid,Branched Chain Amino Acid Exporter (LIV-E) ,Proton antiport,Proton antiport,Export,https://tcdb.org/search/result.php?tc=2.A.78,https://biocyc.org/complex?orgid=ECOLI&id=CPLX0-7684,YgaZ and YgaH comprise a putative two-component transporter that is implicated in L-valine export in E. coli K-12. deletion of ygaZH does not affect L-valine production suggesting that YgaZH may not be the major L-valine exporter in the engineered strain,https://www.pnas.org/doi/full/10.1073/pnas.0702609104#T1
JW2661,b2686,emrB,multidrug efflux system protein,1.6,Inner membrane,Wide variety of toxic compounds,Drug,Multidrug efflux pump,Unknown,Proton antiport,Export,,https://biocyc.org/gene?orgid=ECOLI&id=EG11439,"Connected to tolC. Not sure that this is an antiporter, but it seems like RND systems are",
JW2571,b2587,kgtP,alpha-ketoglutarate transporter,0.86,Inner membrane,alpha-ketoglutarate,Other,MFS,Proton symport,Proton symport,Import,,https://biocyc.org/gene?orgid=ECOLI&id=EG10522,"kgtP mutants show greatly impaired growth on α-ketoglutarate which can be complemented by the cloned kgtP gene. kgtP appears to be constitutively expressed [Seol92].

KgtP has been implicated in arabinose efflux [Koita12].
",
JW2389,b2393,nupC,nucleoside (except guanosine) transporter,0.84,Inner membrane,nucleosides except guanosine,Nucleoside,concentrative nucleoside transporter (CNT) family,Proton symport,Proton symport,Import,,https://biocyc.org/gene?orgid=ECOLI&id=EG11971,,
JW2305,b2308,hisQ,histidine/lysine/arginine/ornithine transporter,0.87,Inner membrane,"the basic amino acids lysine, arginine, ornithine and histidine",Amino acid,ABC,ABC,ABC,Import,https://tcdb.org/search/result.php?tc=3.A.1.3.29,https://biocyc.org/gene?orgid=ECOLI&id=EG12125,with argT,
JW0108,b0112,aroP,aromatic amino acid transporter,0.81,Inner membrane,"phenylalanine, tyrosine, and tryptophan",Amino acid,APC,Proton symport,Proton symport,Import,,https://biocyc.org/gene?orgid=ECOLI&id=EG10084,,
JW0194,b0198,metI,DL-methionine transporter,0.79,Inner membrane,Methionine,Amino acid,ABC,ABC,ABC,Import,,https://biocyc.org/gene?orgid=ECOLI&id=EG11737,,
JW0320,b0328,yahN,"amino acid exporter for proline, lysine, glutamate, homoserine",0.75,Inner membrane,L-homoserine,Amino acid,resistance to homoserine/threonine (RhtB) family,Proton antiport,Proton antiport,Export,,https://biocyc.org/gene?orgid=ECOLI&id=G6193,Homologous to rhtB. Not verified,
JW0451,b0462,acrB,multidrug efflux system,0.77,Inner membrane,Diverse,Unspecific,Multidrug efflux pump,Proton antiport,Proton antiport,Export,,https://biocyc.org/gene?orgid=ECOLI&id=EG11703,AcrA is the periplasmic lipoprotein component of the AcrAB-TolC and AcrAD-TolC multidrug efflux pumps. Deletion of acrB indicates that this increases expression of other efflux pumps,https://journals.asm.org/doi/10.1128/mbio.00968-17
JW0565,b0576,pheP,phenylalanine transporter,0.77,Inner membrane,Phenylalanine,Amino acid,APC,Proton symport,Proton symport,Import,,https://biocyc.org/gene?orgid=ECOLI&id=EG10708,"Complementation of a pheP mutant restored phenylalanine-specific transport activity, indicating that PheP is normally responsible for phenylalanine transport ",
JW0649,b0654,gltJ,"glutamate, aspartate ABC transporter",0.98,Inner membrane,Glutamate and Aspertate,Amino acid,ABC,ABC,ABC,Import,,https://biocyc.org/gene?orgid=ECOLI&id=EG12661,Not verified,
JW0795,b0810,glnP,glutamine transporter,0.83,Inner membrane,Glutamine,Amino acid,ABC,ABC,ABC,Import,,https://biocyc.org/gene?orgid=ECOLI&id=EG10388,Not verified,
JW0798,b0813,rhtA,threonine and homoserine efflux system,0.79,Inner membrane,L-homoserine and L-threonine,Amino acid,DMT,Proton antiport,Proton antiport,Export,,https://biocyc.org/gene?orgid=ECOLI&id=EG12134,"Increased expression of rhtA confers increased resistance to L-homoserine, L-threonine and some other amino acids (proline, serine, cysteine, histidine) and amino acid analogues [Livshits03]. Increased expression of rhtA increases L-threonine production in a threonine producing strain and L-homoserine production in an L-homoserine producing strain;",
JW0846,b0862,artQ,arginine transporter,0.88,Inner membrane,L-arginine,Amino acid,ABC,ABC,ABC,Import,,https://biocyc.org/gene?orgid=ECOLI&id=EG11626,Not verified,
JW0887,b0904,focA,formate channel,0.85,Inner membrane,formate,Organic acid,formate-nitrite transporter (FNT) family,Uniport,Uniport,Both,https://tcdb.org/search/result.php?tc=1.A.16.1.1,https://biocyc.org/gene?orgid=ECOLI&id=EG11258#SUMMARY,"Analysis of formate levels in fermenting E. coli cultures indicate that initially, formate is exported out of the cell in order to prevent acidification of the cytoplasm. focA knock-out mutants grown in this manner are associated with increased intracellular levels of formate and decreased excretion of formate.  in the absence of FocA and FocB an unidentifed system serves to transport formate",
JW1235,b1243,oppA,oligopeptide transporter,0.82,Inner membrane,Oligopeptides,Peptide,ABC,ABC,ABC,Import,,https://biocyc.org/gene?orgid=ECOLI&id=EG10675,,
JW1787,b1798,yeaS,neutral amino-acid efflux system,0.73,Inner membrane,"Leucine, Methionine",Amino acid,resistance to homoserine/threonine (RhtB) family,Proton antiport,Proton antiport,Export,,https://biocyc.org/gene?orgid=ECOLI&id=G6984,Same class as rhtB,
JW1942,b1959,yedA,"amino acid exporter for phenylalanine, threonine",0.76,Inner membrane,"Drug, phenylalanine, threonine",Amino acid,DMT,Proton antiport,Proton antiport,Export,,https://biocyc.org/gene?orgid=ECOLI&id=EG11141,Not sure it is antiport,https://patents.google.com/patent/US7259003
JW2143,b2156,lysP,lysine transporter,0.84,Inner membrane,Lysine,Amino acid,APC,Proton symport,Proton symport,Import,,https://biocyc.org/gene?orgid=ECOLI&id=EG11337,,
JW2767,b2796,sdaC,predicted serine transporter,0.92,Inner membrane,Serine,Amino acid,hydroxy-aromatic amino acid permease (HAAAP) family,Proton symport,Proton symport,Import,,https://biocyc.org/gene?orgid=ECOLI&id=EG12142,,
JW3512,b3543,dppB,dipeptide/heme transporter,0.86,Inner membrane,Dipeptide,Peptide,ABC,ABC,ABC,Import,,https://biocyc.org/gene?orgid=ECOLI&id=EG12625,Not verified,
JW3692,b3714,adeP,"adenine permease, high affinity",0.74,Inner membrane,Adenine,Nucleobase,nucleobase:cation symporter-2 (NCS2) family,Proton symport,Proton symport,Import,,https://biocyc.org/gene?orgid=ECOLI&id=EG11724,"here is also a non-energized low-affinity adenine uptake process in an adeP deletion mutant, suggesting the existence of another independent system . Formerly adeP",
JW4072,b4111,proP,proline/glycine betaine transporter,0.88,Inner membrane,"proline, glycine betaine",Amino acid,MFS,Proton symport,Proton symport,Import,,https://biocyc.org/gene?orgid=ECOLI&id=EG11612,ProP is an osmosensing transporter which mediates the uptake of zwitterionic osmolytes such as proline and glycine betaine; ProP function protects cells from dehydration under conditions of hyperosmotic stress.,
JW4166,b4208,cycA,D-alanine/D-serine/glycine transporter,0.79,Inner membrane,"D-alanine, D-serine, glycine, L-alanine, beta-alanine",Amino acid,APC,Proton symport,Proton symport,Import,,https://biocyc.org/gene?orgid=ECOLI&id=EG12504,D-alanine more than L-alanine,
JW5234,b1453,ansP,L-asparagine transporter,0.79,Inner membrane,L-asparagine,Amino acid,APC,Proton symport,Proton symport,Import,,https://biocyc.org/gene?orgid=ECOLI&id=G6764,Not verified,
JW5503,b3035,tolC,transport channel,0.89,Outer membrane,Large variety of toxic compounds and metabolites,Drug,Porin,Facilitated diffusion,Porin,,,https://biocyc.org/gene?orgid=ECOLI&id=EG11009-MONOMER,"Induces a large fitness cost in minimal meidum, see https://www.nature.com/articles/s41589-022-01119-y",https://www.nature.com/articles/s41589-022-01119-y
JW5585,b3824,rhtB,"homoserine, homoserine lactone and S-methyl-methionine efflux pump",0.87,Inner membrane,"L-homoserine, L-homoserine lactone, L-threonine",Amino acid,resistance to homoserine/threonine (RhtB) family,Proton antiport,Proton antiport,Export,,https://biocyc.org/gene?orgid=ECOLI&id=EG11469,,
JW5586,b3823,rhtC,threonine efflux pump,0.84,Inner membrane,L-threonine,Amino acid,resistance to homoserine/threonine (RhtB) family,Proton antiport,Proton antiport,Export,,https://biocyc.org/gene?orgid=ECOLI&id=EG11468,,
JW0858,b0874,ybjE,L-lysine/thialysine exporter,0.78,Inner membrane,Lysine,Amino acid,L-lysine exporter (LysE) family,Proton antiport,Proton antiport,Export,,https://biocyc.org/gene?orgid=ECOLI&id=G6458-MONOMER,Now called lysO. Enhanced expression of lysO (foremerly ybjE) results in accumulation of specific L-amino acids in the culture medium of E. coli strains that are capable of producing L-amino acids (US patent number 8383363),
JW1087,b1101,ptsG,fused glucose-specific PTS enzymes: IIB component/IIC component,0.54,Inner membrane,glucose,Sugar,PTS,PTS,PTS,Import,,https://biocyc.org/gene?orgid=ECOLI&id=EG10787,,
JW0327,b0336,codB,cytosine transporter,0.93,Inner membrane,cytosine,Nucleobase,nucleobase:cation symporter (NCS1) family,Proton symport,Proton symport,Import,,https://biocyc.org/gene?orgid=ECOLI&id=EG11327,,https://www.embopress.org/doi/full/10.15252/embj.2021110527
JW0391,b0401,brnQ,"Branched-chain amino acid transport system 2 carrier protein; LIV-II transport system for Ile, Leu, and Val",0.89,Inner membrane,"L-valine, L-leucine, L-isoleucine",Amino acid,branched chain amino acid:cation symporter (LIVCS) family,Sodium symport,Sodium symport,Import,,https://biocyc.org/gene?orgid=ECOLI&id=EG12168,Not verified in E. coli. Disruption of araJ does not have an apparent effect on arabinose uptake or utilisation ,
JW1848,b1859,znuB,zinc transporter,0.81,Inner membrane,Zinc,Other,ABC,ABC,ABC,Import,,https://biocyc.org/gene?orgid=ECOLI&id=EG12368,Potentially as a negative control,
JW3491,b3523,yhjE,predicted transporter,0.77,Inner membrane,,Unknown,MFS,Proton symport,Proton symport,Import,,https://biocyc.org/gene?orgid=ECOLI&id=EG12249,,
JW5250,b1533,eamA,cysteine and O-acetyl-L-serine efflux system,0.71,Inner membrane,"Cysteine, O-acetyl-L-serine, glutamine, asparagine",Amino acid,DMT,Uniport,Uniport,Export,,https://biocyc.org/gene?orgid=ECOLI&id=EG11639,"Mainly cysteine and O-acetyl-Serine, but efflux of other compunds seen in an overexpression mutant",
JW2154,b2167,fruA,fused fructose-specific PTS enzymes: IIBcomponent/IIC components,0.78,Inner membrane,Fructose,Sugar,PTS,PTS,PTS,Import,,https://biocyc.org/gene?orgid=ECOLI&id=EG10336,,
JW1807,b1818,manY,mannose-specific enzyme IIC component of PTS,0.78,Inner membrane,Mannose,Sugar,PTS,PTS,PTS,Import,,https://biocyc.org/gene?orgid=ECOLI&id=MANY-MONOMER,,
JW0665,b0679,nagE,"fused N-acetyl glucosamine specific PTS enzyme: IIC, IIB, and IIA components",0.8,Inner membrane,N-acetyl glucosamine,Sugar,PTS,PTS,PTS,Import,,https://biocyc.org/gene?orgid=ECOLI&id=EG10635,,
JW0069,b0070,setA,broad specificity sugar efflux system,0.82,Inner membrane,"Lactose, glucose",Sugar,MFS,Proton antiport,Proton antiport,Export,,https://biocyc.org/gene?orgid=ECOLI&id=EG11754,,
JW3898,b3927,glpF,glycerol facilitator,0.94,Inner membrane,"Glycerol, glyceraldehyde, glycine, urea",Other,major intrinsic protein (MIP) family,Facilitated diffusion,Uniport,Both,,https://biocyc.org/gene?orgid=ECOLI&id=GLPF-MONOMER,"glpF mutants have impaired growth on low concentrations of glycerol [Richey72]. glpF mutants also had reduced uptake of DL-glyceraldehyde, glycine, urea, erythritol, D-arabitol, L-arabitol, ribitol, xylitol, D-galactitol, D-mannitol, D-sorbitol [Heller80], AsOH3 [Meng04], and SbOH3 [Sanders97]. ",
JW1001,b1015,putP,proline:sodium symporter,0.85,Inner membrane,Proline,Amino acid,solute:sodium symporter (SSS) family,Sodium symport,Sodium symport,Import,,https://biocyc.org/gene?orgid=ECOLI&id=EG10802,,
JW1487,b1492,gadC,predicted glutamate:gamma-aminobutyric acid antiporter,0.77,Inner membrane,"Glutamate, 4-aminobutanoate",Amino acid,APC,Glutamate:4-aminobutanoate antiport,Antiport (other),Both,,https://biocyc.org/gene?orgid=ECOLI&id=G6786,Related to extreme acid stress,
JW3060,b3089,sstT,sodium:serine/threonine symporter,0.76,Inner membrane,"L-serine, L-threonine",Amino acid,dicarboxylate/amino acid:cation symporter (DAACS) family,Sodium symport,Sodium symport,Import,,https://biocyc.org/gene?orgid=ECOLI&id=EG12732,,
JW5735,b4138,dcuA,C4-dicarboxylate antiporter,0.78,Inner membrane,"L-aspartate, fumarate, succinate, malate",Organic acid,C4-dicarboxylate uptake (Dcu) family,Succinate/fumarate antiport,Antiport (other),Both,,https://biocyc.org/gene?orgid=ECOLI&id=EG11225,DcuA is a C4-dicarboxylate transporter which is required for the uptake of L-aspartate as a nitrogen source under aerobic conditions; DcuA mediates an L-aspartate:fumarate antiport reaction which results in the net uptake of nitrogen without carbon uptake; DcuA is the major transporter for L-aspartate uptake under aerobic conditions,
JW4038,b4077,gltP,glutamate/aspartate:proton symporter,0.86,Inner membrane,"L-aspartate, L-glutamate",Amino acid,dicarboxylate/amino acid:cation symporter (DAACS) family,Proton symport,Proton symport,Import,,https://biocyc.org/gene?orgid=ECOLI&id=EG10405,"GltP accounts for approximately 60% of the total wild-type transport velocity of glutamate, and 52% of the total wild-type transport velocity of aspartate in aerobic growth with succinate and 40 mM NaC",
JW0009,b0010,satP,acetate/succinate:H+ symporter,0.64,Inner membrane,"Acetate, succinate",Organic acid,Acetate Uptake Transporter (AceTr),Proton symport,Proton symport,Both,,https://biocyc.org/gene?orgid=ECOLI&id=EG11512,,
JW2910,b2943,galP,D-galactose transporter,0.84,Inner membrane,"Galactose, D-glucose",Sugar,MFS,Proton symport,Proton symport,Import,,https://biocyc.org/gene?orgid=ECOLI&id=EG12148,,
JW1652,b1660,punC,predicted transporter,0.76,Inner membrane,Purines,Nucleobase,MFS,Proton symport,Proton symport,Import,,https://ecocyc.org/gene?orgid=ECOLI&id=YDHC-MONOMER,"While the punC deletion in general has a negative fitness, in one M9 minimal medium with glucose and ammonium it has higher growth rate than E. coli WT",https://pubmed.ncbi.nlm.nih.gov/34413462/