,0
0,C00078
1,C05276
2,C00129
3,C00062
4,C03090
5,C00052
6,C00059
7,C03785
8,C03284
9,C00424
10,C14806
11,C03972
12,C00016
13,C00327
14,C01132
15,C00429
16,C00008
17,C14791
18,C21028
19,C00224
20,C19647
21,C22458
22,C11947
23,C02702
24,C03193
25,C21215
26,C15814
27,C01613
28,C04593
29,C03064
30,C00357
31,C00882
32,C04421
33,C00352
34,C11827
35,C00934
36,C20254
37,C09126
38,C08353
39,C02992
40,C05847
41,C20743
42,C00183
43,C19846
44,C01019
45,C00030
46,C00860
47,C04462
48,C07118
49,C01236
50,C04349
51,C00106
52,C00558
53,C15767
54,C00216
55,C00251
56,C05399
57,C21194
58,C00624
59,C06250
60,C03859
61,C00318
62,C05402
63,C00748
64,C02291
65,C11811
66,C12205
67,C04478
68,C01212
69,C05754
70,C00740
71,C00041
72,C00898
73,C04312
74,C00001
75,C19858
76,C05761
77,C05268
78,C20446
79,C21618
80,C06510
81,C04896
82,C00161
83,C16241
84,C21463
85,C15805
86,C22159
87,C02888
88,C07648
89,C16240
90,C04246
91,C01346
92,C01031
93,C05691
94,C01170
95,C01639
96,C00262
97,C00232
98,C16739
99,C02356
100,C02642
101,C01380
102,C02723
103,C00039
104,C01235
105,C04501
106,C15521
107,C00770
108,C00063
109,C00333
110,C21334
111,C00118
112,C00435
113,C14861
114,C20247
115,C06025
116,C05262
117,C19847
118,C18310
119,C01335
120,C21758
121,C04728
122,C02939
123,C11173
124,C20756
125,C01102
126,C04006
127,C00446
128,C22438
129,C06612
130,C05335
131,C05839
132,C20750
133,C06329
134,C00360
135,C00631
136,C00250
137,C00124
138,C05172
139,C20372
140,C03539
141,C05812
142,C16619
143,C00004
144,C00921
145,C12739
146,C04346
147,C14852
148,C05747
149,C00134
150,C01641
151,C16634
152,C05259
153,C00186
154,C21999
155,C21065
156,C05807
157,C20423
158,C00387
159,C03546
160,C00552
161,C05695
162,C00700
163,C05686
164,C00214
165,C01242
166,C21995
167,C05379
168,C00341
169,C01217
170,C04079
171,C00489
172,C04479
173,C01468
174,C04919
175,C05713
176,C00198
177,C00097
178,C01168
179,C00154
180,C07479
181,C00683
182,C22161
183,C03979
184,C06056
185,C11838
186,C00718
187,C11544
188,C04230
189,C18242
190,C09822
191,C11638
192,C05267
193,C04737
194,C01092
195,C21310
196,C19722
197,C02962
198,C05893
199,C00105
200,C01037
201,C04895
202,C00054
203,C07054
204,C01646
205,C00445
206,C21750
207,C00112
208,C21461
209,C05848
210,C00040
211,C00681
212,C03692
213,C00944
214,C00302
215,C02320
216,C11145
217,C00092
218,C02730
219,C05703
220,C16635
221,C11821
222,C02739
223,C00864
224,C04677
225,C01157
226,C06240
227,C15547
228,C22077
229,C02646
230,C04932
231,C22395
232,C03363
233,C14792
234,C15700
235,C00454
236,C14805
237,C00475
238,C04298
239,C00095
240,C05973
241,C17210
242,C16463
243,C21462
244,C03557
245,C01563
246,C16273
247,C05263
248,C04807
249,C00844
250,C00395
251,C04225
252,C05838
253,C00366
254,C01181
255,C01051
256,C00088
257,C05668
258,C20376
259,C00438
260,C00940
261,C02188
262,C00032
263,C00152
264,C00399
265,C00125
266,C05898
267,C02637
268,C20749
269,C01451
270,C01290
271,C05197
272,C01847
273,C12214
274,C04114
275,C02553
276,C01213
277,C00492
278,C00856
279,C00644
280,C00132
281,C01628
282,C02512
283,C00024
284,C06482
285,C00627
286,C03273
287,C01134
288,C05336
289,C00072
290,C04332
291,C06148
292,C03921
293,C21751
294,C04181
295,C04039
296,C00288
297,C04236
298,C00036
299,C01345
300,C21873
301,C01594
302,C00641
303,C00031
304,C01216
305,C01327
306,C05698
307,C01801
308,C00415
309,C01650
310,C00576
311,C00148
312,C00924
313,C01063
314,C21652
315,C00342
316,C11907
317,C21611
318,C04405
319,C00794
320,C06377
321,C20641
322,C14180
323,C04053
324,C00502
325,C19909
326,C00157
327,C01935
328,C00256
329,C19884
330,C01271
331,C04051
332,C00266
333,C05696
334,C01962
335,C05931
336,C03794
337,C06441
338,C21991
339,C21386
340,C03291
341,C00881
342,C00483
343,C06423
344,C00147
345,C04824
346,C00606
347,C21994
348,C06232
349,C00123
350,C01177
351,C06505
352,C18239
353,C00047
354,C09847
355,C05382
356,C01182
357,C00385
358,C20390
359,C01190
360,C03150
361,C12835
362,C00861
363,C00044
364,C04133
365,C00053
366,C00103
367,C00828
368,C04146
369,C04635
370,C21612
371,C00010
372,C05260
373,C01636
374,C03742
375,C05712
376,C20253
377,C05577
378,C00886
379,C05791
380,C07645
381,C00309
382,C05360
383,C00086
384,C16221
385,C05528
386,C18304
387,C22155
388,C14864
389,C00519
390,C14851
391,C17214
392,C05684
393,C00192
394,C20796
395,C19946
396,C01161
397,C01286
398,C02737
399,C19845
400,C02226
401,C00180
402,C00314
403,C03313
404,C00509
405,C02091
406,C00565
407,C00546
408,C16396
409,C00957
410,C00355
411,C02869
412,C20239
413,C07649
414,C00259
415,C14847
416,C16595
417,C21440
418,C02380
419,C01096
420,C00181
421,C16466
422,C03758
423,C01755
424,C16239
425,C01643
426,C00962
427,C04302
428,C02352
429,C04575
430,C00015
431,C00379
432,C11038
433,C16471
434,C00679
435,C00212
436,C05923
437,C02430
438,C05527
439,C11945
440,C06397
441,C05922
442,C01204
443,C00842
444,C00127
445,C05980
446,C01269
447,C06010
448,C20895
449,C11436
450,C00120
451,C11537
452,C04419
453,C05697
454,C01353
455,C20345
456,C00037
457,C06022
458,C00993
459,C16392
460,C01644
461,C03508
462,C21181
463,C00169
464,C00051
465,C19890
466,C04574
467,C00242
468,C22078
469,C06481
470,C00512
471,C01151
472,C03175
473,C07091
474,C01647
475,C22382
476,C00159
477,C04900
478,C19975
479,C15813
480,C19878
481,C10208
482,C00312
483,C21388
484,C00145
485,C05359
486,C05770
487,C22151
488,C03506
489,C00164
490,C00025
491,C01062
492,C00817
493,C03939
494,C16639
495,C00267
496,C05787
497,C01944
498,C17217
499,C01083
500,C14870
501,C00234
502,C01103
503,C01645
504,C01344
505,C01099
506,C04376
507,C00160
508,C05212
509,C03589
510,C14787
511,C05312
512,C06508
513,C17215
514,C20755
515,C00240
516,C00168
517,C04489
518,C04823
519,C16154
520,C00447
521,C00705
522,C05762
523,C03402
524,C05272
525,C01390
526,C20748
527,C16615
528,C05821
529,C06007
530,C20377
531,C00490
532,C01648
533,C02501
534,C01187
535,C04534
536,C00121
537,C00390
538,C00666
539,C12624
540,C05938
541,C06398
542,C00294
543,C02743
544,C15532
545,C01185
546,C21015
547,C00636
548,C00931
549,C22442
550,C19080
551,C19673
552,C00514
553,C00137
554,C12834
555,C04144
556,C03892
557,C02163
558,C00065
559,C20378
560,C14858
561,C00461
562,C00559
563,C00989
564,C05774
565,C02350
566,C02843
567,C00499
568,C15980
569,C20415
570,C00344
571,C06186
572,C05196
573,C03741
574,C04043
575,C00153
576,C03541
577,C03082
578,C11088
579,C04233
580,C04431
581,C00338
582,C00568
583,C01279
584,C11516
585,C00315
586,C00197
587,C00615
588,C01081
589,C00542
590,C05730
591,C14855
592,C04644
593,C00003
594,C15672
595,C05258
596,C12622
597,C07490
598,C00760
599,C00900
600,C00188
601,C16338
602,C16254
603,C00322
604,C14871
605,C02505
606,C05711
607,C00798
608,C06187
609,C19723
610,C01233
611,C15930
612,C03172
613,C21993
614,C03460
615,C00680
616,C04088
617,C17219
618,C02995
619,C01104
620,C19879
621,C14839
622,C03221
623,C05750
624,C20753
625,C01180
626,C16255
627,C01642
628,C06178
629,C20422
630,C20646
631,C00392
632,C00263
633,C00275
634,C04646
635,C00332
636,C14840
637,C00459
638,C00026
639,C00233
640,C00906
641,C15806
642,C00491
643,C02554
644,C06509
645,C04242
646,C21157
647,C00209
648,C04153
649,C00462
650,C01112
651,C14803
652,C16330
653,C05702
654,C00937
655,C05364
656,C03127
657,C03319
658,C01013
659,C11278
660,C03069
661,C05932
662,C05751
663,C02972
664,C16272
665,C20258
666,C14802
667,C20831
668,C22150
669,C05759
670,C00877
671,C00093
672,C06024
673,C00108
674,C04734
675,C20497
676,C01419
677,C22158
678,C04751
679,C22441
680,C21485
681,C16469
682,C21007
683,C00676
684,C00463
685,C20959
686,C00156
687,C00133
688,C13508
689,C02839
690,C00853
691,C04352
692,C00071
693,C15811
694,C21610
695,C12455
696,C01005
697,C01050
698,C19871
699,C00369
700,C02147
701,C00561
702,C03688
703,C02713
704,C01635
705,C05576
706,C00693
707,C00035
708,C00667
709,C01721
710,C01640
711,C02269
712,C12215
713,C02780
714,C01649
715,C00007
716,C05744
717,C00857
718,C01528
719,C00458
720,C05824
721,C05850
722,C00618
723,C00158
724,C04404
725,C00194
726,C16520
727,C00249
728,C03838
729,C01300
730,C00043
731,C00405
732,C15673
733,C01412
734,C00077
735,C18096
736,C00671
737,C01997
738,C01929
739,C02362
740,C00017
741,C18305
742,C05951
743,C04272
744,C04732
745,C14857
746,C00935
747,C12623
748,C19859
749,C00879
750,C00018
751,C03722
752,C00507
753,C01978
754,C02133
755,C00905
756,C19085
757,C04317
758,C00407
759,C14144
760,C11457
761,C02970
762,C22154
763,C21983
764,C05198
765,C00185
766,C06504
767,C18796
768,C03826
769,C03889
770,C02325
771,C20905
772,C05947
773,C05924
774,C14856
775,C01172
776,C04556
777,C00079
778,C04633
779,C00575
780,C00389
781,C01652
782,C16236
783,C15809
784,C00441
785,C00819
786,C05796
787,C00668
788,C20904
789,C00831
790,C00966
791,C00217
792,C00534
793,C21158
794,C17758
795,C02097
796,C18902
797,C20463
798,C02067
799,C00601
800,C00006
801,C15812
802,C00692
803,C14089
804,C03373
805,C06196
806,C21616
807,C02338
808,C01487
809,C05640
810,C22453
811,C00064
812,C19078
813,C03492
814,C06714
815,C02353
816,C02882
817,C00167
818,C03089
819,C04152
820,C12248
821,C00033
822,C11736
823,C00498
824,C15602
825,C14874
826,C02128
827,C01268
828,C01222
829,C06156
830,C05264
831,C05235
832,C00029
833,C20374
834,C16587
835,C04438
836,C06899
837,C04154
838,C06506
839,C05265
840,C06311
841,C00583
842,C00460
843,C00296
844,C00119
845,C02686
846,C04619
847,C04377
848,C03125
849,C00416
850,C04702
851,C15973
852,C06715
853,C20958
854,C00229
855,C01146
856,C00075
857,C05768
858,C19848
859,C16698
860,C04334
861,C01024
862,C06249
863,C16565
864,C16519
865,C20249
866,C08325
867,C02984
868,C00986
869,C17552
870,C14099
871,C03024
872,C04640
873,C15972
874,C20648
875,C02222
876,C05401
877,C14786
878,C02415
879,C11946
880,C15587
881,C02247
882,C16586
883,C09871
884,C20375
885,C11477
886,C21029
887,C05271
888,C03740
889,C17222
890,C00068
891,C00081
892,C00645
893,C04666
894,C20858
895,C16334
896,C02479
897,C05261
898,C09332
899,C05819
900,C00793
901,C00002
902,C20836
903,C06735
904,C00170
905,C11453
906,C17023
907,C00577
908,C00923
909,C05512
910,C21387
911,C03028
912,C11437
913,C16186
914,C01879
915,C20451
916,C05758
917,C07090
918,C00012
919,C05817
920,C17211
921,C14863
922,C00811
923,C00208
924,C21152
925,C04327
926,C16331
927,C15603
928,C05983
929,C00894
930,C16596
931,C19882
932,C04756
933,C05726
934,C00802
935,C05280
936,C14793
937,C03161
938,C05745
939,C05764
940,C00141
941,C00196
942,C00272
943,C06251
944,C00005
945,C00365
946,C01250
947,C00049
948,C20658
949,C20231
950,C00009
951,C16335
952,C15996
953,C01637
954,C02205
955,C15586
956,C16617
957,C01094
958,C00704
959,C04620
960,C01653
961,C02583
962,C00101
963,C02909
964,C19910
965,C03415
966,C02429
967,C21749
968,C00688
969,C05760
970,C00979
971,C00380
972,C00258
973,C00310
974,C00067
975,C02463
976,C04752
977,C02565
978,C21094
979,C14090
980,C03232
981,C01304
982,C05279
983,C01762
984,C00448
985,C05623
986,C00173
987,C19770
988,C04261
989,C09099
990,C04281
991,C02659
992,C04257
993,C01179
994,C00058
995,C12632
996,C16237
997,C06114
998,C02376
999,C00122
1000,C17216
1001,C02876
1002,C00311
1003,C00244
1004,C02412
1005,C00282
1006,C21333
1007,C04688
1008,C00020
1009,C00363
1010,C00082
1011,C00295
1012,C05699
1013,C00096
1014,C00027
1015,C00792
1016,C00155
1017,C20864
1018,C00069
1019,C00151
1020,C00253
1021,C00508
1022,C06567
1023,C00279
1024,C04411
1025,C01127
1026,C03657
1027,C03765
1028,C05998
1029,C15556
1030,C00984
1031,C00673
1032,C00791
1033,C14899
1034,C00787
1035,C01832
1036,C05404
1037,C17556
1038,C04579
1039,C01638
1040,C00376
1041,C21754
1042,C00144
1043,C11583
1044,C00248
1045,C20373
1046,C06206
1047,C00099
1048,C16487
1049,C01697
1050,C00719
1051,C02745
1052,C02354
1053,C06188
1054,C00243
1055,C05607
1056,C00662
1057,C05755
1058,C00350
1059,C00091
1060,C20969
1061,C16153
1062,C00177
1063,C02631
1064,C05840
1065,C00313
1066,C03451
1067,C18237
1068,C16393
1069,C00800
1070,C03287
1071,C00042
1072,C05394
1073,C22507
1074,C00022
1075,C03561
1076,C05275
1077,C02047
1078,C00226
1079,C00201
1080,C00094
1081,C22131
1082,C00237
1083,C07836
1084,C01322
1085,C16633
1086,C04882
1087,C00638
1088,C17324
1089,C00117
1090,C00116
1091,C05749
1092,C01352
1093,C05778
1094,C02476
1095,C06473
1096,C00140
1097,C00885
1098,C14145
1099,C03406
1100,C00246
1101,C00647
1102,C11588
1103,C19945
1104,C01651
1105,C00245
1106,C00109
1107,C00345
1108,C21860
1109,C04180
1110,C20830
1111,C20498
1112,C19792
1113,C00526
1114,C16551
1115,C18094
1116,C00340
1117,C21153
1118,C00963
1119,C05270
1120,C21748
1121,C15810
1122,C00149
1123,C19880
1124,C03345
1125,C04738
1126,C03912
1127,C00283
1128,C00221
1129,C00080
1130,C05223
1131,C05269
1132,C01260
1133,C12621
1134,C00689
1135,C00204
1136,C00739
1137,C05809
1138,C02282
1139,C00440
1140,C00179
1141,C17223
1142,C04442
1143,C20248
1144,C00189
1145,C02999
1146,C00669
1147,C22443
1148,C05143
1149,C02967
1150,C00219
1151,C16157
1152,C01097
1153,C22502
1154,C00028
1155,C05345
1156,C17218
1157,C07086
1158,C05381
1159,C16470
1160,C00337
1161,C21174
1162,C04454
1163,C00504
1164,C20396
1165,C00060
1166,C01499
1167,C05946
1168,C01007
1169,C21214
1170,C00469
1171,C05766
1172,C00531
1173,C05629
1174,C04121
1175,C06126
1176,C05273
1177,C00135
1178,C11472
1179,C16614
1180,C00239
1181,C20933
1182,C05757
1183,C16391
1184,C16220
1185,C01302
1186,C02211
1187,C00536
1188,C00826
1189,C00330
1190,C06563
1191,C03033
1192,C00582
1193,C19586
1194,C04044
1195,C18076
1196,C01368
1197,C00362
1198,C02051
1199,C17226
1200,C21113
1201,C00139
1202,C00178
1203,C01500
1204,C15667
1205,C05689
1206,C00126
1207,C01077
1208,C05665
1209,C00320
1210,C00218
1211,C01117
1212,C20960
1213,C03512
1214,C06427
1215,C01087
1216,C01595
1217,C20683
1218,C00431
1219,C05897
1220,C02232
1221,C00663
1222,C01672
1223,C00354
1224,C02218
1225,C14818
1226,C21193
1227,C02612
1228,C01267
1229,C00206
1230,C16219
1231,C16489
1232,C21173
1233,C00620
1234,C03296
1235,C04778
1236,C00522
1237,C00111
1238,C00286
1239,C16476
1240,C05748
1241,C00061
1242,C21403
1243,C04494
1244,C00136
1245,C01438
1246,C16637
1247,C20062
1248,C16636
1249,C00254
1250,C20440
1251,C12838
1252,C05810
1253,C22337
1254,C00515
1255,C02987
1256,C00603
1257,C00055
1258,C00085
1259,C16618
1260,C04652
1261,C01417
1262,C22160
1263,C01228
1264,C01934
1265,C06613
1266,C06026
1267,C19875
1268,C04432
1269,C05841
1270,C21984
1271,C21008
1272,C15699
1273,C03684
1274,C01197
1275,C00104
1276,C00590
1277,C11478
1278,C04706
1279,C00074
1280,C00364
1281,C21016
1282,C00163
1283,C05400
1284,C21982
1285,C17231
1286,C11434
1287,C04851
1288,C22068
1289,C05337
1290,C00378
1291,C00114
1292,C02262
1293,C00527
1294,C16675
1295,C00506
1296,C05688
1297,C05125
1298,C17212
1299,C00100
1300,C00818
1301,C16348
1302,C00270
1303,C02714
1304,C06002
1305,C00165
1306,C05775
1307,C05892
1308,C14463
1309,C00255
1310,C07478
1311,C00642
1312,C14865
1313,C00555
1314,C00493
1315,C04916
1316,C04631
1317,C18243
1318,C01137
1319,C05921
1320,C17227
1321,C06000
1322,C16477
1323,C00073
1324,C10216
1325,C05844
1326,C01289
1327,C00162
1328,C19769
1329,C04294
1330,C01367
1331,C22501
1332,C00146
1333,C00013
1334,C21284
1335,C06224
1336,C03964
1337,C20957
1338,C00299
1339,C00131
1340,C03344
1341,C00880
1342,C04691
1343,C00632
1344,C08334
1345,C00672
1346,C14868
1347,C00437
1348,C20835
1349,C04874
1350,C02265
1351,C03733
1352,C02988
1353,C16832
1354,C00343
1355,C05403
1356,C01337
1357,C00685
1358,C11376
1359,C20246
1360,C00222
1361,C01888
1362,C03393
1363,C02593
1364,C14804
1365,C00942
1366,C00089
1367,C16631
1368,C15804
1369,C14848
1370,C03511
1371,C04157
1372,C02953
1373,C02191
1374,C01977
1375,C16155
1376,C06611
1377,C00423
1378,C05756
1379,C04425
1380,C01909
1381,C01100
1382,C16339
1383,C00596
1384,C05752
1385,C22002
1386,C00721
1387,C00083
1388,C00334
1389,C00269
1390,C04618
1391,C03459
1392,C06376
1393,C04877
1394,C00231
1395,C14800
1396,C18309
1397,C00084
1398,C16630
1399,C00166
1400,C05274
1401,C06790
1402,C00714
1403,C22611
1404,C01165
1405,C05763
1406,C07838
1407,C06193
1408,C00048
1409,C02504
1410,C06125
1411,C16238
1412,C04115
1413,C00021
1414,C14819
1415,C00630
1416,C19771
1417,C00014
1418,C00143
1419,C06054
1420,C02059
1421,C20863
1422,C03479
1423,C00580
1424,C00191
1425,C01118
1426,C00011
1427,C11039
1428,C14859
1429,C05332
1430,C00301
1431,C00199
1432,C03160
1433,C03294
1434,C01079
1435,C00184
1436,C11435
1437,C00138
1438,C11143
1439,C05729
1440,C16399
1441,C03519
1442,C06157
1443,C00236
1444,C19883
1445,C00130
1446,C15807
1447,C00470
1448,C22157
1449,C03196
1450,C01898
1451,C05974
1452,C01144
1453,C00430
1454,C04188
1455,C03114
1456,C05753
1457,C02323
1458,C02336
1459,C16488
1460,C00655
1461,C11355
1462,C02741
1463,C16699
1464,C05266
1465,C07335
1466,C17551
1467,C00868
1468,C02166
1469,C01931
1470,C00473
1471,C01101
1472,C05746
1473,C05116
1474,C00579
1475,C00045
1476,C16156
1477,C01209
1478,C20386
1479,C00670
1480,C06006
1481,C00497
1482,C06055
1483,C02989
1484,C00530
1485,C21617
1486,C00988
1487,C05519
1488,C03263
1489,C06037
1490,C06032
1491,C22383
1492,C03453
1493,C02355
1494,C17230
1495,C13645
1496,C05925
1497,C05378
1498,C06194
1499,C00361
1500,C02225
1501,C05811
1502,C05822
1503,C05993
1504,C00455
1505,C05627
1506,C05670
1507,C17213
1508,C01131
1509,C01674
1510,C05199
1511,C00235
1512,C00019
1513,C20758
1514,C04171
1515,C17322
1516,C17323
1517,C00227
1518,C00257
1519,C00325
1520,C16468
1521,C00417
