inchikey,smiles
None,O
None,NC1=NC=NC2=C1N=CN2[C@@H]1O[C@H](COP(O)(=O)OP(O)(=O)OP(O)(O)=O)[C@@H](O)[C@H]1O
None,NC(=O)C1=C[N+](=CC=C1)[C@@H]1O[C@H](COP([O-])(=O)OP(O)(=O)OC[C@H]2O[C@H]([C@H](O)[C@@H]2O)N2C=NC3=C2N=CN=C3N)[C@@H](O)[C@H]1O
None,NC(=O)C1=CN(C=CC1)[C@@H]1O[C@H](COP(O)(=O)OP(O)(=O)OC[C@H]2O[C@H]([C@H](O)[C@@H]2O)N2C=NC3=C2N=CN=C3N)[C@@H](O)[C@H]1O
None,NC(=O)C1=CN(C=CC1)[C@@H]1O[C@H](COP(O)(=O)OP(O)(=O)OC[C@H]2O[C@H]([C@H](OP(O)(O)=O)[C@@H]2O)N2C=NC3=C2N=CN=C3N)[C@@H](O)[C@H]1O
None,NC(=O)C1=C[N+](=CC=C1)[C@@H]1O[C@H](COP([O-])(=O)OP(O)(=O)OC[C@H]2O[C@H]([C@H](OP(O)(O)=O)[C@@H]2O)N2C=NC3=C2N=CN=C3N)[C@@H](O)[C@H]1O
None,O=O
None,NC1=NC=NC2=C1N=CN2[C@@H]1O[C@H](COP(O)(=O)OP(O)(O)=O)[C@@H](O)[C@H]1O
None,OP(O)(O)=O
None,CC(C)(COP(O)(=O)OP(O)(=O)OC[C@H]1O[C@H]([C@H](O)[C@@H]1OP(O)(O)=O)N1C=NC2=C1N=CN=C2N)[C@@H](O)C(=O)NCCC(=O)NCCS
None,O=C=O
None,OP(O)(=O)OP(O)(O)=O
None,N
None,O[C@H]1[C@@H](O)[C@@H](O[C@@H]1COP(O)(=O)OP(O)(O)=O)N1C=CC(=O)NC1=O
None,CC1=CC2=C(C=C1C)N(C[C@H](O)[C@H](O)[C@H](O)COP(O)(=O)OP(O)(=O)OC[C@H]1O[C@H]([C@H](O)[C@@H]1O)N1C=NC3=C1N=CN=C3N)C1=NC(=O)NC(=O)C1=N2
None,CC1=NC=C(COP(O)(O)=O)C(C=O)=C1O
None,C[S+](CC[C@H](N)C(O)=O)C[C@H]1O[C@H]([C@H](O)[C@@H]1O)N1C=NC2=C1N=CN=C2N
None,NC1=C2N=CN([C@@H]3O[C@H](COP(O)(O)=O)[C@@H](O)[C@H]3O)C2=NC=N1
None,N[C@@H](CCSC[C@H]1O[C@H]([C@H](O)[C@@H]1O)N1C=NC2=C1N=CN=C2N)C(O)=O
None,CC(=O)C(O)=O
None,CC(=O)SCCNC(=O)CCNC(=O)[C@H](O)C(C)(C)COP(O)(=O)OP(O)(=O)OC[C@H]1O[C@H]([C@H](O)[C@@H]1OP(O)(O)=O)N1C=NC2=C1N=CN=C2N
None,N[C@@H](CCC(O)=O)C(O)=O
None,OC(=O)CCC(=O)C(O)=O
None,OO
None,OC[C@H]1O[C@H](OP(O)(=O)OP(O)(=O)OC[C@H]2O[C@H]([C@H](O)[C@@H]2O)N2C=CC(=O)NC2=O)[C@H](O)[C@@H](O)[C@@H]1O
None,OC[C@H]1O[C@@H](O)[C@H](O)[C@@H](O)[C@@H]1O
None,CC1=C(CCC(O)=O)C2=CC3=[N+]4C(=CC5=C(C)C(C=C)=C6C=C7C(C)=C(C=C)C8=[N+]7[Fe--]4(N2C1=C8)N56)C(C)=C3CCC(O)=O
None,CC(O)=O
None,NC1=NC2=C(N=CN2[C@@H]2O[C@H](COP(O)(=O)OP(O)(O)=O)[C@@H](O)[C@H]2O)C(=O)N1
None,OC(=O)CC(=O)C(O)=O
None,NCC(O)=O
None,[Zn++]
None,C[C@H](N)C(O)=O
None,OC(=O)CCC(O)=O
None,CC(=O)N[C@@H]1[C@@H](O)[C@H](O)[C@@H](CO)O[C@@H]1OP(O)(=O)OP(O)(=O)OC[C@H]1O[C@H]([C@H](O)[C@@H]1O)N1C=CC(=O)NC1=O
None,NC1=NC2=C(N=CN2[C@@H]2O[C@H](COP(O)(=O)OP(O)(=O)OP(O)(O)=O)[C@@H](O)[C@H]2O)C(=O)N1
None,NCCCC[C@H](N)C(O)=O
None,OC(=O)C=O
None,N[C@@H](CC(O)=O)C(O)=O
None,N[C@@H](CCC(=O)N[C@@H](CS)C(=O)NCC(O)=O)C(O)=O
None,OC[C@H]1O[C@H](OP(O)(=O)OP(O)(=O)OC[C@H]2O[C@H]([C@H](O)[C@@H]2O)N2C=CC(=O)NC2=O)[C@H](O)[C@@H](O)[C@H]1O
None,NC1=C2N=CN([C@@H]3O[C@H](COP(O)(=O)OS(O)(=O)=O)[C@@H](OP(O)(O)=O)[C@H]3O)C2=NC=N1
None,NC1=C2N=CN([C@@H]3O[C@H](COP(O)(O)=O)[C@@H](OP(O)(O)=O)[C@H]3O)C2=NC=N1
None,NC1=NC(=O)N(C=C1)[C@@H]1O[C@H](COP(O)(O)=O)[C@@H](O)[C@H]1O
None,OC=O
None,OS(O)(=O)=O
None,CC1=CC2=C(C=C1C)N(C[C@H](O)[C@H](O)[C@H](O)COP(O)(O)=O)C1=NC(=O)NC(=O)C1=N2
None,N[C@@H](CCCNC(N)=N)C(O)=O
None,NC1=NC(=O)N(C=C1)[C@@H]1O[C@H](COP(O)(=O)OP(O)(=O)OP(O)(O)=O)[C@@H](O)[C@H]1O
None,N[C@@H](CCC(N)=O)C(O)=O
None,N[C@@H](CO)C(O)=O
None,C=O
None,CC1=C(CCOP(O)(=O)OP(O)(O)=O)SC=[N+]1CC1=CN=C(C)N=C1N
None,[Cu++]
None,[H][C@@]1(OC(=O)C(O)=C1O)[C@@H](O)CO
None,CSCC[C@H](N)C(O)=O
None,OC(=O)C(=C)OP(O)(O)=O
None,O[C@H]1[C@@H](O)[C@@H](O[C@@H]1COP(O)(=O)OP(O)(=O)OP(O)(O)=O)N1C=CC(=O)NC1=O
None,[Ca++]
None,NCCC[C@H](N)C(O)=O
None,N[C@@H](CC1=CNC2=C1C=CC=C2)C(O)=O
None,N[C@@H](CC1=CC=CC=C1)C(O)=O
None,[H+]
None,O[C@@H]1[C@@H](COP(O)(=O)OP(O)(=O)OP(O)(O)=O)O[C@H]([C@@H]1O)N1C=NC2=C1N=CN=C2O
None,N[C@@H](CC1=CC=C(O)C=C1)C(O)=O
None,CC(C)(COP(O)(=O)OP(O)(=O)OC[C@H]1O[C@H]([C@H](O)[C@@H]1OP(O)(O)=O)N1C=NC2=C1N=CN=C2N)[C@@H](O)C(=O)NCCC(=O)NCCSC(=O)CC(O)=O
None,CC=O
None,OCC(=O)[C@@H](O)[C@H](O)[C@H](O)COP(O)(O)=O
None,NC(N)=O
None,ON=O
None,OC[C@H]1O[C@@](CO)(O[C@H]2O[C@H](CO)[C@@H](O)[C@H](O)[C@H]2O)[C@@H](O)[C@@H]1O
None,CC(C)(COP(O)(=O)OP(O)(=O)OC[C@H]1O[C@H]([C@H](O)[C@@H]1OP(O)(O)=O)N1C=NC2=C1N=CN=C2N)[C@@H](O)C(=O)NCCC(=O)NCCSC(=O)CCC(O)=O
None,OC1O[C@H](COP(O)(O)=O)[C@@H](O)[C@H](O)[C@H]1O
None,OC[C@@H](O)COP(O)(O)=O
None,OS(O)=O
None,OC[C@H]1O[C@](O)(CO)[C@@H](O)[C@@H]1O
None,NC1=NC2=C(N=CN2[C@@H]2O[C@H](COP(O)(=O)OP(O)(=O)O[C@H]3O[C@H](CO)[C@@H](O)[C@H](O)[C@@H]3O)[C@@H](O)[C@H]2O)C(=O)N1
None,N[C@@H](CS)C(O)=O
None,NCCC(O)=O
None,CCC(=O)SCCNC(=O)CCNC(=O)[C@H](O)C(C)(C)COP(O)(=O)OP(O)(=O)OC[C@H]1O[C@H]([C@H](O)[C@@H]1OP(O)(O)=O)N1C=NC2=C1N=CN=C2N
None,NC1=NC(=O)C2=C(NC[C@H](CNC3=CC=C(C=C3)C(=O)NC(CCC(O)=O)C(O)=O)N2)N1
None,OC[C@H]1O[C@H](OP(O)(O)=O)[C@H](O)[C@@H](O)[C@@H]1O
None,O[C@@H]1[C@@H](COP(O)(=O)OP(O)(O)=O)OC([C@@H]1O)N1C=NC2=C1NC=NC2=O
None,O[C@H]1[C@@H](O)[C@@H](O[C@@H]1COP(O)(O)=O)N1C=CC(=O)NC1=O
None,O=C1NC=CC(=O)N1
None,NC1=CC=CC=C1C(O)=O
None,CCC(=O)C(O)=O
None,OCC(=O)COP(O)(O)=O
None,NC1=NC(=O)N(C=C1)[C@@H]1O[C@H](COP(O)(=O)OP(O)(O)=O)[C@@H](O)[C@H]1O
None,C[N+](C)(C)CCO
None,OCC(O)CO
None,O[C@H]1O[C@H](COP(O)(O)=O)[C@@H](O)[C@H]1O
None,O[C@H](COP(O)(O)=O)C=O
None,O[C@H]1[C@@H](O)[C@@H](OP(O)(=O)OP(O)(O)=O)O[C@@H]1COP(O)(O)=O
None,[H][C@]12CS[C@@H](CCCCC(O)=O)[C@@]1([H])NC(=O)N2
None,OC[C@H]1OC(O)[C@H](O)[C@@H]1O
None,OC(=O)\C=C\C(O)=O
None,CC(C)C[C@H](N)C(O)=O
None,OC[C@H]1O[C@H](O)[C@H](O)[C@@H](O)[C@H]1O
None,N[C@@H](CCC(=O)N[C@@H](CSSC[C@H](NC(=O)CC[C@H](N)C(O)=O)C(=O)NCC(O)=O)C(=O)NCC(O)=O)C(O)=O
None,CC(=C)CCOP(O)(=O)OP(O)(O)=O
None,O[C@@H]1[C@@H](COP(O)(O)=O)O[C@H]([C@@H]1O)N1C=NC2=C1N=CNC2=O
None,NC1=NC=NC2=C1N=CN2[C@H]1C[C@H](O)[C@@H](COP(O)(=O)OP(O)(=O)OP(O)(O)=O)O1
None,CO
None,C[C@@H](N)C(O)=O
None,NCCCCN
None,N[C@@H](CC1=CN=CN1)C(O)=O
None,CCCC(=O)SCCNC(=O)CCNC(=O)C(O)C(C)(C)COP(O)(=O)OP(O)(=O)OCC1OC(C(O)C1OP(O)(O)=O)N1C=NC2=C1N=CN=C2N
None,O[C@H]1[C@H](O)[C@@H](O)[C@H](O)[C@H](O)[C@@H]1O
None,CC(=O)N[C@H]1C(O)O[C@H](CO)[C@@H](O)[C@@H]1O
None,CC(C)C(=O)C(O)=O
None,[H][C@@]12CN(CN1C1=C(NC2)N=C(N)NC1=O)C1=CC=C(C=C1)C(=O)NC(CCC(O)=O)C(O)=O
None,NC1=NC2=C(N=CN2[C@@H]2O[C@H](COP(O)(O)=O)[C@@H](O)[C@H]2O)C(=O)N1
None,OC1=CC=CC=C1
None,NC1=C2NC=NC2=NC=N1
None,OC(=O)[C@@H]1CCCN1
None,O[C@@H](CC(O)=O)C(O)=O
None,N[C@@H]([*])C(O)=O
None,N[C@@H](CC(N)=O)C(O)=O
None,NC(=O)C1=CC=CN=C1
None,CCCCCCCCCCCCCCCC(=O)SCCNC(=O)CCNC(=O)[C@H](O)C(C)(C)COP(O)(=O)OP(O)(=O)OC[C@H]1O[C@H]([C@H](O)[C@@H]1OP(O)(O)=O)N1C=NC2=C1N=CN=C2N
None,N[C@@H](CCS)C(O)=O
None,OC(=O)C1=CC=C(O)C=C1
None,[H][C@@](COC(=O)CCCCCCCCCCCCCCC)(COP([O-])(=O)OCC[N+](C)(C)C)OC(=O)CCCCCCCCCCCCCCC
None,OC(=O)CC(O)(CC(O)=O)C(O)=O
None,OC[C@H]1O[C@H](O)[C@@H](O)[C@@H](O)[C@@H]1O
None,OC(=O)C([*])=O
None,CCC(O)=O
None,CC(=O)CC(O)=O
None,[H][C@](CO)(COC(=O)CCCCCCCCCCCCCCC)OC(=O)CCCCCCCCCCCCCCC
None,OC(=O)C(=O)CC1=CC=CC=C1
None,O[C@@H]1[C@@H](COP(O)(=O)OP(O)(=O)O[C@H]2O[C@@H]([C@@H](O)[C@H](O)[C@H]2O)C(O)=O)O[C@H]([C@@H]1O)N1C=CC(=O)NC1=O
None,OCC(=O)C(O)=O
None,NC(=O)OP(O)(O)=O
None,CSC[C@H]1O[C@H]([C@H](O)[C@@H]1O)N1C=NC2=C1N=CN=C2N
None,[Co++]
None,C#[N-]
None,CC1=CNC(=O)NC1=O
None,NCCCCNC(N)=N
None,OC(=O)C1=CC=CC=C1
None,O[C@@H]1COC(O)[C@H](O)[C@H]1O
None,OC[C@H]1O[C@H](OC[C@H]2O[C@H](O[C@H]3[C@H](O)[C@@H](O)[C@@H](O)O[C@@H]3CO)[C@H](O)[C@@H](O)[C@@H]2O[C@H]2O[C@H](CO)[C@@H](O)[C@H](O)[C@H]2O)[C@H](O)[C@@H](O)[C@@H]1O
None,CC(C)[C@H](N)C(O)=O
None,OCC(=O)CO
None,OC[C@H]1O[C@@H](O[C@H]2[C@H](O)[C@@H](O)[C@H](O)O[C@@H]2CO)[C@H](O)[C@@H](O)[C@@H]1O
None,C[C@H](O)C(O)=O
None,C[C@@H](O)[C@H](N)C(O)=O
None,NCCO
None,O[C@H]1O[C@@H]([C@@H](O)[C@H](O)[C@H]1O)C(O)=O
None,NO
None,[C@H]1(C[Co-3]2345[N+]6=C7C(C)=C8N2[C@]([H])([C@H](CC(=O)N)[C@]8(CCC(=O)NC[C@@H](C)OP([O-])(=O)O[C@@H]2[C@@H](CO)O[C@H](N8C=[N+]3C3=CC(C)=C(C)C=C83)[C@@H]2O)C)[C@@]2(C)[C@@](CC(=O)N)([C@H](CCC(=O)N)C(C(C)=C3[N+]4=C(C=C6C([C@@H]7CCC(=O)N)(C)C)[C@@H](CCC(=O)N)[C@@]3(CC(=O)N)C)=[N+]52)C)O[C@@H](N2C3=NC=NC(=C3N=C2)N)[C@H](O)[C@@H]1O
None,OC(=O)C1=C(O)C(O)=CC=C1
None,O[C@H](COP(O)(O)=O)C(O)=O
None,OC[C@H]1OC(=O)[C@H](O)[C@@H](O)[C@@H]1O
None,OCC(=O)[C@H](O)[C@H](O)COP(O)(O)=O
None,CC(O)=NC1C(OP(O)(=O)OP(O)(=O)OCC2OC(C(O)C2O)N2C=CC(O)=NC2=O)OC(CO)C(O)C1O
None,O=C(O)C(=O)C(O)(O)CO
None,NC1=NC=NC2=C1N=CN2[C@H]1C[C@H](O)[C@@H](COP(O)(=O)OP(O)(O)=O)O1
None,OC[C@H]1O[C@H](O[C@H]2[C@H](O)[C@H](O)[C@@H](O)O[C@@H]2CO)[C@H](O)[C@@H](O)[C@@H]1O
None,OC(=O)C(O)=O
None,NC1=C2N=CN([C@@H]3O[C@H](CO)[C@@H](O)[C@H]3O)C2=NC=N1
None,CNCC(O)=O
None,CC1=CN([C@H]2C[C@H](O)[C@@H](CO)O2)C(=O)NC1=O
None,O[C@@H]1CO[C@@H](O)[C@@H](O)[C@@H]1O
None,N[C@H](CCC(O)=O)C(O)=O
None,CN
None,CCCCC\C=C/C\C=C/C\C=C/C\C=C/CCCC(O)=O
None,OC(=O)CC=O
None,NC1=NC=NC2=C1N=CN2[C@@H]1O[C@H](COP(O)(=O)OS(O)(=O)=O)[C@@H](O)[C@H]1O
None,CC(=O)OP(O)(O)=O
None,OCC(=O)[C@@H](O)[C@H](O)COP(O)(O)=O
None,OC(=O)CCC=O
None,CC(C)CC(=O)C(O)=O
None,NC1=NC(=O)C2=C(NCC(CN(C=O)C3=CC=C(C=C3)C(=O)N[C@@H](CCC(O)=O)C(O)=O)N2)N1
None,CC(C)=CCOP(O)(=O)OP(O)(O)=O
None,O[C@H](COP(O)(O)=O)C(=O)OP(O)(O)=O
None,[C-]#[O+]
None,[K+]
None,NC1=NC(=O)N(C=C1)[C@H]1C[C@H](O)[C@@H](COP(O)(O)=O)O1
None,NC1=NC(=O)C2=C(N1)N=CN2
None,OC[C@H]1O[C@@H](O[C@H]2[C@H](O)[C@@H](O)[C@@H](O)O[C@@H]2CO)[C@H](O)[C@@H](O)[C@H]1O
None,[O-][N+]([O-])=O
None,NCCS(O)(=O)=O
None,CCCC(O)=O
None,NC(=O)CCCCC1CCSS1
None,CCCCCCCCCCCCCCCC(O)=O
None,CC1=NC=C(CO)C(C=O)=C1O
None,O[C@@H]1C=CC(=C[C@H]1OC(=C)C(O)=O)C(O)=O
None,OC(=O)C1=CN=CC=C1
None,O[C@H]1C=C[C@](CC(=O)C(O)=O)(C=C1)C(O)=O
None,CC1=C(C)C=C2N(C[C@H](O)[C@H](O)[C@H](O)CO)C3=NC(=O)NC(=O)C3=NC2=C1
None,C[C@@H](O)C(O)=O
None,OC[C@@H](O)[C@@H](O)[C@H](O)[C@@H](O)C(O)=O
None,OC[C@@H](O)C(O)=O
None,O[C@H]1CO[C@H](O)[C@H](O)[C@H]1O
None,OC1=NC=NC2=C1NC=N2
None,N[C@@H](CCO)C(O)=O
None,OCC=O
None,OC[C@H]1O[C@H](O)[C@H](O)[C@@H](O)[C@@H]1O
None,[H][C@@]1(CNC2=C(N1)C(=O)N=C(N)N2)[C@@H](O)[C@H](C)O
None,O[C@@H]1O[C@H](COP(O)(O)=O)[C@@H](O)[C@H](O)[C@@H]1O
None,O[C@H](COP(O)(O)=O)[C@@H](O)C=O
None,[H][H]
None,S
None,NC1=NC2=C(N=CN2[C@H]2C[C@H](O)[C@@H](COP(O)(=O)OP(O)(=O)OP(O)(O)=O)O2)C(=O)N1
None,OC(O)=O
None,OC[C@H]1O[C@H]([C@H](O)[C@@H]1O)N1C=NC2=C(O)N=CN=C12
None,OC(=O)C1=CC(=O)NC(=O)N1
None,O[C@@H]1C[C@@](O)(C[C@@H](O)[C@H]1O)C(O)=O
None,OC[C@H]1O[C@H]([C@H](O)[C@@H]1O)N1C=CC(=O)NC1=O
None,NC1=C2N=CN(C3OC(COP(O)(=O)OP(O)(=O)OCC4OC(O)C(O)C4O)C(O)C3O)C2=NC=N1
None,NC(CCC(O)=O)C(O)=O
None,CC1OC(OC2C(O)C(O)C(CO)OC2OC2CC3(C)C(CC(O)C4C(CCC34C)C(C)(C\C=C\C(C)(C)O)OC3OC(CO)C(O)C(O)C3O)C3(C)CCC(O)C(C)(C)C23)C(O)C(O)C1O
None,[Mg++]
None,OC[C@@]1(O)OC[C@@H](O)[C@H]1O
None,OC[C@@]1(O)OC[C@@H](O)[C@@H]1O
None,OC(C(CC(O)=O)C(O)=O)C(O)=O
None,OC[C@]1(O)OC[C@H](O)[C@H]1O
None,CC(C)(COP([O-])(=O)OP([O-])(=O)OCC1OC(C(O)C1OP([O-])([O-])=O)N1C=NC2=C1N=CN=C2N)C(O)C(=O)NCCC(=O)NCCSC(=O)C([O-])=O
None,CC1=C(O)C(CO)=C(CO)C=N1
None,NCCCCNCCCN
None,OS(S)(=O)=O
None,OC(=O)CCCC(=O)C(O)=O
None,C[C@@H]1OC(OP(O)(=O)OP(O)(=O)OC[C@H]2O[C@H]([C@H](O)[C@@H]2O)N2C=NC3=C2N=C(N)NC3=O)[C@@H](O)[C@H](O)[C@@H]1O
None,N[C@@H](CCCNC(N)=O)C(O)=O
None,N[C@H]1C(O)O[C@H](CO)[C@@H](O)[C@@H]1O
None,NC1=NC2=C(N=CN2[C@H]2C[C@H](O)[C@@H](CO)O2)C(=O)N1
None,CC(=O)CC(=O)SCCNC(=O)CCNC(=O)[C@H](O)C(C)(C)COP(O)(=O)OP(O)(=O)OC[C@H]1O[C@H]([C@H](O)[C@@H]1OP(O)(O)=O)N1C=NC2=C1N=CN=C2N
None,O[C@@H](C=O)[C@@H](O)[C@@H](O)[C@H](O)C(O)=O
None,NCCCC(O)=O
None,OC(=O)C1CC(=O)NC(=O)N1
None,CCCCCCCCCCCCCC(=O)O[C@H](CCCCCCCCCCC)CC(=O)O[C@@H]1[C@@H](NC(=O)C[C@@H](CCCCCCCCCCC)OC(=O)CCCCCCCCCCC)[C@H](OC[C@H]2O[C@H](OP(O)(O)=O)[C@H](NC(=O)C[C@H](O)CCCCCCCCCCC)[C@@H](OC(=O)C[C@H](O)CCCCCCCCCCC)[C@@H]2O)O[C@H](CO[C@@]2(C[C@@H](O[C@@]3(C[C@@H](O[C@@]4(C[C@@H](OP(O)(=O)OCCN)[C@H](O)[C@H](O4)[C@@H](O)CO)C(O)=O)[C@H](O)[C@H](O3)[C@@H](O)CO)C(O)=O)[C@H](OC3O[C@H]([C@@H](O)CO)[C@@H](OP(O)(=O)OP(O)(=O)OCCN)[C@H](OC4O[C@H]([C@@H](O)COC5O[C@H]([C@@H](O)CO)[C@@H](OP(O)(O)=O)[C@H](O)[C@@H]5O)[C@@H](O)[C@H](OC5O[C@H](CO[C@H]6O[C@H](CO)[C@H](O)[C@H](O)[C@H]6O)[C@@H](O)[C@H](O[C@H]6O[C@H](CO)[C@H](O)[C@H](O)[C@H]6OC6O[C@H](CO)[C@@H](O)[C@H](O[C@@H]7O[C@H](CO[C@@H]8O[C@H](CO)[C@@H](O)[C@H](O)[C@H]8NC(C)=O)[C@H](O)[C@H](O[C@@H]8O[C@H](CO)[C@H](O)[C@H](O[C@H]9O[C@H](CO[C@H]%10O[C@H](CO)[C@H](O)[C@H](O)[C@H]%10O)[C@H](O)[C@H](O)[C@H]9O)[C@H]8NC(C)=O)[C@H]7NC(C)=O)[C@H]6O[C@@H]6O[C@H](CO)[C@@H](O)[C@H](O)[C@H]6NC(C)=O)[C@H]5O)[C@@H]4O)[C@@H]3O)[C@H](O2)[C@@H](O)CO)C(O)=O)[C@H]1OP(O)(O)=O
None,CC(C)=CCC\C(C)=C\COP(O)(=O)OP(O)(O)=O
None,CCC.CCO.OCC(O)COP(O)(O)=O
None,O[C@H](COP(O)(O)=O)[C@@H](O)[C@H](O)[C@@H](O)C(O)=O
None,CC(C)=CCC/C(C)=C/CC/C(C)=C/CC/C(C)=C/CC/C(C)=C/CC/C(C)=C/CC/C(C)=C/CC/C(C)=C/CC/C(C)=C/CC/C(C)=C/CC/C(C)=C/COP(=O)(O)O
None,[H][C@@](CO\C=C/CCCCCCCCCCCCCCCC)(COP(O)(=O)OCCN)OC(=O)CCC\C=C/C\C=C/C\C=C/C\C=C/CCCCC
None,N[C@H]1[C@@H](O)O[C@H](COP(O)(O)=O)[C@@H](O)[C@@H]1O
None,O[C@H]1[C@H](O)[C@@](O)(COP(O)(O)=O)O[C@@H]1COP(O)(O)=O
None,N[C@@H](CC1=CC=C(O)C(O)=C1)C(O)=O
None,CC(=O)N[C@H]1C(O)O[C@H](COP(O)(O)=O)[C@@H](O)[C@@H]1O
None,NC1=NC=NC2=C1N=CN2[C@H]1C[C@H](O)[C@@H](COP(O)(O)=O)O1
None,NC1=NC2=C(N=CN2[C@H]2C[C@H](O)[C@@H](COP(O)(=O)OP(O)(O)=O)O2)C(=O)N1
None,NC1=NC2=C(N=CN2[C@H]2C[C@H](O)[C@@H](COP(O)(O)=O)O2)C(=O)N1
None,CC1=CN([C@H]2C[C@H](O)[C@@H](COP(O)(=O)OP(O)(O)=O)O2)C(=O)NC1=O
None,CC1=CN([C@H]2C[C@H](O)[C@@H](COP(O)(O)=O)O2)C(=O)NC1=O
None,O[C@H]1C[C@@H](O[C@@H]1COP(O)(O)=O)N1C=CC(=O)NC1=O
None,O=C1NC2=C(N1)C(=O)NC(=O)N2
None,C\C(\C=C\C=C(/C)\C=C\C1=C(C)CCCC1(C)C)=C/C=O
None,CC1=C(CCO)SC=[N+]1CC1=CN=C(C)N=C1N
None,OC[C@H](O)[C@@H](O)[C@H](O)CO
None,NC1=CC=NC(=O)N1
None,O=C1NC2=C(NC=N2)C(=O)N1
None,NC1=NC2=C(N=CN2[C@@H]2O[C@H](CO)[C@@H](O)[C@H]2O)C(=O)N1
None,OC1=CC(O)=C2C(OC(=C(O)C2=O)C2=CC(O)=C(O)C=C2)=C1
None,COC1=C(OC)C(O)=C(C\C=C(/C)CC\C=C(/C)CC\C=C(/C)CC\C=C(/C)CC\C=C(/C)CC\C=C(/C)CC\C=C(/C)CCC=C(C)C)C(C)=C1O
None,OC[C@@H](O)[C@@H](O)[C@H](O)[C@H](O)CO
None,CCCCCCOC(=O)C(C)C
None,COC1=C(OC)C(=O)C(CC=C(C)C)=C(C)C1=O
None,CC[C@H](C)[C@H](N)C(O)=O
None,CCCCCCCCCCCCCCCCCC(=O)SCCNC(=O)CCNC(=O)[C@H](O)C(C)(C)COP(O)(=O)OP(O)(=O)OC[C@H]1O[C@H]([C@H](O)[C@@H]1OP(O)(O)=O)N1C=NC2=C1N=CN=C2N
None,NC1=NC(=O)C2=C(NCC(CNC3=CC=C(C=C3)C(=O)N[C@@H](CCC(O)=O)C(O)=O)=N2)N1
None,[H][C@@](COC(=O)CCCCCCCCCCCCCCC)(COP(O)(O)=O)OC(=O)CCCCCCCCCCCCCCC
None,OC(=O)C\C(=C\C(O)=O)C(O)=O
None,C[C@H](O)C=O
None,O=C1CCNC(=O)N1
None,NCC(=O)CCC(O)=O
None,NCCCCC(O)=O
None,CC(=O)N[C@@H](CCCN)C(O)=O
None,NC(=O)N[C@@H](CC(O)=O)C(O)=O
None,CN1C(CNC2=CC=C(C=C2)C(=O)N[C@H](CCC(O)=O)C(O)=O)CNC2=C1C(=O)NC(N)=N2
None,N[C@@H](CC=O)C(O)=O
None,[H][C@@]12CN(C=[N+]1C1=C(NC2)NC(N)=NC1=O)C1=CC=C(C=C1)C(=O)N[C@@H](CCC(O)=O)C([O-])=O
None,OC[C@H]1O[C@H](OP(O)(O)=O)[C@H](O)[C@@H](O)[C@H]1O
None,O[C@H](COP(O)(O)=O)[C@@H](O)[C@@H](O)[C@H](O)C(=O)COP(O)(O)=O
None,CC(C)=CCC\C(C)=C\CC\C(C)=C\COP(O)(=O)OP(O)(O)=O
None,NC(=O)C1=C[N+](=CC=C1)[C@@H]1O[C@H](COP(O)(O)=O)[C@@H](O)[C@H]1O
None,NC1=NC(=O)N(C=C1)[C@H]1C[C@H](O)[C@@H](COP(O)(=O)OP(O)(=O)OP(O)(O)=O)O1
None,CC1=CN([C@H]2C[C@H](O)[C@@H](COP(O)(=O)OP(O)(=O)OP(O)(O)=O)O2)C(=O)NC1=O
None,O[C@H]1C[C@@H](O[C@@H]1COP(O)(=O)OP(O)(=O)OP(O)(O)=O)N1C=CC(=O)NC1=O
None,CC(=O)N[C@H]1[C@H](O)O[C@H](CO)[C@@H](O[C@@H]2O[C@H](CO)[C@@H](O[C@@H]3O[C@H](CO)[C@@H](O)[C@H](O)[C@H]3NC(C)=O)[C@H](O)[C@H]2NC(C)=O)[C@@H]1O
None,N1C=CC2=C1C=CC=C2
None,CCO
None,O[C@H]1O[C@@H]([C@H](O)[C@H](O)[C@H]1O)C(O)=O
None,C\C(=C/CO)\C=C\C=C(/C)\C=C\C1=C(C)CCCC1(C)C
None,NC1=NC(=O)N(C=C1)[C@@H]1O[C@H](CO)[C@@H](O)[C@H]1O
None,CCC=O
None,NCCC1=CC=C(O)C=C1
None,C[N+](C)(C)C[C@H](O)CC(O)=O
None,OC(=O)CCCC(O)=O
None,OC(=O)CC(=C)C(O)=O
None,N[C@@H](CSSC[C@H](N)C(O)=O)C(O)=O
None,OC[C@H]1O[C@@](CO)(O[C@H]2O[C@H](CO[C@H]3O[C@H](CO)[C@H](O)[C@H](O)[C@H]3O)[C@@H](O)[C@H](O)[C@H]2O)[C@@H](O)[C@@H]1O
None,O[C@@H]1CC(=C[C@@H](O)[C@H]1O)C(O)=O
None,O[C@H](CC(O)=O)C(O)=O
None,NC1=C2N=CN([C@@H]3O[C@H](COP(O)(=O)OP(O)(=O)O[C@H]4O[C@H](CO)[C@@H](O)[C@H](O)[C@H]4O)[C@@H](O)[C@H]3O)C2=NC=N1
None,NC(=O)NC(NC(N)=O)C(O)=O
None,OC[C@@H](O)[C@H](O)[C@@H](O)C(O)=O
None,NC1=NC(=O)C2=NC(CNC3=CC=C(C=C3)C(=O)N[C@@H](CCC(O)=O)C(O)=O)=CN=C2N1
None,NC(CS(O)(=O)=O)C(O)=O
None,C[C@@H]1OC(O)[C@H](O)[C@H](O)[C@H]1O
None,OC[C@]1(O)OC[C@H](O)[C@@H]1O
None,OC1=CC=C(C=C1)[C@@H]1CC(=O)C2=C(O1)C=C(O)C=C2O
None,CC(C)(COP(O)(=O)OP(O)(=O)OC[C@H]1O[C@H]([C@H](O)[C@@H]1OP(O)(O)=O)N1C=NC2=C1N=CN=C2N)[C@@H](O)C(=O)NCCC(=O)NCCSC(=O)C1=CC=CC=C1
None,OC[C@@H](O)[C@@H](O)[C@H](O)[C@H](O)C(O)=O
None,NCCC[C@@H](N)C(O)=O
None,NCCS(O)=O
None,CC(C)(CO)[C@@H](O)C(O)=O
None,OC[C@H]1O[C@H](C[C@@H]1O)N1C=CC(=O)NC1=O
None,CC(C)(COP(O)(=O)OP(O)(=O)OC[C@H]1O[C@H]([C@H](O)[C@@H]1OP(O)(O)=O)N1C=NC2=C1N=CN=C2N)[C@@H](O)C(=O)NCCC(=O)NCCSC(=O)CCCC(O)=O
None,OC1=CC=C(O)C=C1
None,CC(C)(COP(O)(=O)OP(O)(=O)OC[C@H]1O[C@H]([C@H](O)[C@@H]1OP(O)(O)=O)N1C=NC2=C(N)N=CN=C12)C(O)C(=O)NCCC(=O)NCCSC(=O)CC(=C)C(O)=O
None,[N]=O
None,CC1=C(O)C(CN)=C(CO)C=N1
None,OP(O)(=O)OP(O)(=O)OP(O)(O)=O
None,N[C@@H](CCSCC(N)C(O)=O)C(O)=O
None,CC(=O)C=O
None,NCCCC=O
None,OCC(=O)C(O)C(O)C(O)C(O)=O
None,NC1=C2N=CN([C@H]3C[C@H](O)[C@@H](CO)O3)C2=NC=N1
None,O[C@@H](C#N)C1=CC=CC=C1
None,CN(C)C
None,NC1=CC=C(C=C1)C(O)=O
None,[H][C@@]12COP(O)(=O)O[C@@]1([H])[C@@H](O)[C@@H](O2)N1C=NC2=C1N=CN=C2N
None,C[N+](C)(C)CC=O
None,OC(=N)CCCCC(S)CCS
None,CSC
None,CC(C)(COP(O)(=O)OP(O)(=O)OC[C@H]1O[C@H]([C@H](O)[C@@H]1OP(O)(O)=O)N1C=NC2=C(N)N=CN=C12)[C@@H](O)C(=O)NCCC(=O)NCCSC(=O)CC1=CC=CC=C1
None,C[C@@H](O)CO
None,COC1=C(O)C=CC(\C=C\CO)=C1
None,O=CCC1=CC=CC=C1
None,NC(=O)N[C@@H](O)C(O)=O
None,N[C@@H](CS(O)=O)C(O)=O
None,CC(=O)NCCCNCCCCN
None,OC[C@H](O)[C@@H](O)C(=O)[C@H](O)C(O)=O
None,OC[C@H]1O[C@H](OP(O)(O)=O)[C@H](O)[C@@H]1O
None,CC(=O)N[C@@H](CCC(O)=O)C(O)=O
None,CC1=NC=C(COP(O)(O)=O)C(CO)=C1O
None,CC(C)C(=O)SCCNC(=O)CCNC(=O)[C@H](O)C(C)(C)COP(O)(=O)OP(O)(=O)OC[C@H]1O[C@H]([C@H](O)[C@@H]1OP(O)(O)=O)N1C=NC2=C1N=CN=C2N
None,OC[C@@H](OP(O)(O)=O)C(O)=O
None,NC1=C(O)C=CC=C1C(O)=O
None,OC[C@H]1O[C@H](OP(O)(O)=O)[C@@H](O)[C@@H](O)[C@@H]1O
None,OC(=O)CC1=CC=C(O)C=C1
None,OC[C@@H](O)[C@@H](O)[C@H](O)[C@H](O)COP(O)(O)=O
None,CC(=O)N[C@@H]1[C@H](O)O[C@H](CO)[C@@H](O)[C@@H]1O
None,CC1=NC=C(COP(O)(O)=O)C(CN)=C1O
None,O[C@@H]1[C@@H](COP(O)(O)=O)O[C@H]([C@@H]1O)N1C=NC2=C1NC(=O)NC2=O
None,OCC1OC(OP(O)(O)=O)C(O)C(O)C1O
None,N[C@@H](CCC[C@H](N)C(O)=O)C(O)=O
None,N[C@@H](CCC(=O)N[C@@H](CS)C(O)=O)C(O)=O
None,C[N+](C)(C)CCOP([O-])(=O)OC[C@H](O)CO
None,CC[C@H](C)C(=O)C(O)=O
None,OC[C@H]1OC(C[C@@H]1O)OP(O)(O)=O
None,O[C@H]1C[C@H](O)[C@@H](COP(O)(O)=O)O1
None,C[C@@H](C(O)=O)C(=O)SCCNC(=O)CCNC(=O)[C@H](O)C(C)(C)COP(O)(=O)OP(O)(=O)OCC1OC([C@H](O)[C@@H]1OP(O)(O)=O)N1C=NC2=C(N)N=CN=C12
None,C[C@@H]1O[C@H](OP(O)(=O)OP(O)(=O)OC[C@H]2O[C@H](C[C@@H]2O)N2C=C(C)C(=O)NC2=O)[C@H](O)[C@H](O)C1=O
None,OC[C@H]1O[C@H](O[C@H]2O[C@H](COP(O)(O)=O)[C@@H](O)[C@H](O)[C@H]2O)[C@H](O)[C@@H](O)[C@@H]1O
None,C[C@H](CCC(O)=O)[C@H]1CC[C@H]2[C@@H]3[C@H](O)C[C@@H]4C[C@H](O)CC[C@]4(C)[C@H]3C[C@H](O)[C@]12C
None,[Cl-]
None,O[C@@H]1[C@@H](COP(O)(=O)OP(O)(=O)OP(O)(O)=O)O[C@H]([C@@H]1O)N1C=NC2=C1N=C(O)N=C2O
None,[Hg++]
None,[O][O-]
None,NC1=NC(=O)N(C=C1)[C@H]1C[C@H](O)[C@@H](COP(O)(=O)OP(O)(O)=O)O1
None,CCCCCCCC\C=C/CCCCCCCC(O)=O
None,O[C@@H]1O[C@@H]([C@H](O)[C@H](O)[C@H]1O)C(O)=O
None,CO[C@H]1O[C@H](CO)[C@@H](O[C@H]2O[C@H](CO)[C@@H](OC)[C@H](O)[C@H]2O)[C@H](O)[C@H]1O
None,C[N+](C)(C)CC(O)=O
None,OC[C@H]1OC(O[C@H]2[C@H](O)[C@@H](O)C(O[C@H]3[C@H](O)[C@@H](O)[C@@H](O)O[C@@H]3CO)O[C@@H]2CO)[C@H](O)[C@@H](O)[C@@H]1O
None,OC(=O)CCCCC1CCSS1
None,NC(CS)C(O)=O
None,NCCCC[C@@H](N)C(O)=O
None,N[C@H](CO)C(O)=O
None,CN1CC(=O)NC1=N
None,N[C@H](CCCNC(N)=N)C(O)=O
None,N[C@H](CS)C(O)=O
None,OC[C@H](O)[C@@H](O)[C@H](O)[C@H](O)CO
None,CC(C)(COP(O)(=O)OP(O)(=O)OC[C@H]1O[C@H]([C@H](O)[C@@H]1OP(O)(O)=O)N1C=NC2=C1N=CN=C2N)C(O)C(=O)NCCC(=O)NCCSC=O
None,OC[C@@H](O)[C@H](O)[C@@H](O)[C@@H](O)C(O)=O
None,OC(=N)N=C(O)C(O)=O
None,C[C@H](N)C(=O)N[C@@H](CC1=CNC2=C1C=CC=C2)C(O)=O
None,OC(=O)\C=C\C1=CC=C(O)C=C1
None,O[C@@H]([C@H](O)[C@@H](O)C(O)=O)[C@H](O)C(O)=O
None,N[C@H](CCC(N)=O)C(O)=O
None,[NH3+]C(CC1(C=CC(O)C=C1)C([O-])=O)C([O-])=O
None,CC(C)=CCC\C(C)=C\CC\C(C)=C\CC\C(C)=C\CC1=C(C)C(=O)C2=CC=CC=C2C1=O
None,CC(C)(CO)C(O)C(=O)NCCC(=O)NCCS
None,CC1=CN([C@H]2C[C@H](O)[C@@H](COP(O)(=O)OP(O)(=O)O[C@H]3O[C@H](CO)[C@@H](O)[C@H](O)[C@H]3O)O2)C(=O)NC1=O
None,OC[C@H]1O[C@@H](O[C@@H](C#N)C2=CC=CC=C2)[C@H](O)[C@@H](O)[C@@H]1O
None,[H][C@]12[C@H](CC(N)=O)[C@@]3(C)CCC(=O)NC[C@@H](C)OP(O)(=O)O[C@@H]4[C@@H](CO)O[C@@H]([C@@H]4O)N4C=[N+](C5=CC(C)=C(C)C=C45)[Co-4]456N1C3=C(C)C1=[N+]4C(=CC3=[N+]5C(=C(C)C4=[N+]6[C@]2(C)[C@@](C)(CC(N)=O)[C@@H]4CCC(N)=O)[C@@](C)(CC(N)=O)[C@@H]3CCC(N)=O)C(C)(C)[C@@H]1CCC(N)=O
None,CN(CC1=CN=C2N=C(N)N=C(N)C2=N1)C1=CC=C(C=C1)C(=O)NC(CCC(O)=O)C(O)=O
None,NC1=C2N=CN([C@@H]3O[C@H](COP(O)(=O)OP(O)(=O)OC[C@H]4O[C@H]([C@H](O)[C@@H]4O)[N+]4=CC=CC(=C4)C(O)=O)[C@@H](O)[C@H]3O)C2=NC=N1
None,N[C@H](CO)CC1=CNC=N1
None,CCCCC[C@H](O)\C=C\C=C/C\C=C/CCCCCCC(O)=O
None,CC(C)(CO)[C@@H](O)C(=O)NCCC(O)=O
None,CCCCCC=CCC=CCC=CCC=CCCCCP(F)(=O)OC
None,C\C=C\C(=O)SCCNC(=O)CCNC(=O)[C@H](O)C(C)(C)COP(O)(=O)OP(O)(=O)OC[C@H]1O[C@H]([C@H](O)[C@@H]1OP(O)(O)=O)N1C=NC2=C1N=CN=C2N
None,O[C@@H]([C@@H](O)[C@H](O)C(O)=O)[C@@H](O)C(O)=O
None,OC[C@@H](O)[C@H](O)[C@H](O)[C@@H](O)C(O)=O
None,NC1=NC(=O)N(C=C1)[C@H]1C[C@H](O)[C@@H](CO)O1
None,CC(C)(COP(O)(=O)OP(O)(=O)OC[C@H]1O[C@H]([C@H](O)[C@@H]1O)N1C=NC2=C1N=CN=C2N)[C@@H](O)C(=O)NCCC(=O)NCCS
None,[H][C@]1(O)C(=CC=C[C@]1([H])OC(=C)C(O)=O)C(O)=O
None,[O-][N+]#N
None,CC(C)(COP(O)(=O)OP(O)(=O)OC[C@H]1O[C@H]([C@H](O)[C@@H]1OP(O)(O)=O)N1C=NC2=C1N=CN=C2N)[C@@H](O)C(=O)NCCC(=O)NCCSC(=O)C=C
None,O[C@H]([C@@H](O)C(O)=O)C(O)=O
None,CC(=O)C(C)(O)C(O)=O
None,C[C@H]1CNC(=O)NC1=O
None,OC[C@@H](NC(=O)C(Cl)Cl)[C@H](O)C1=CC=C(C=C1)[N+]([O-])=O
None,NC1=NC2=C(N=C(CNC3=CC=C(C=C3)C(O)=O)CN2)C(=O)N1
None,NCC1=C(CC(O)=O)C(CCC(O)=O)=CN1
None,O[C@@H]1[C@@H](COP(O)(=O)OP(O)(=O)O[C@H]2OC[C@H](O)[C@H](O)[C@H]2O)O[C@H]([C@@H]1O)N1C=CC(=O)NC1=O
None,C[C@@H](O)C=O
None,NC(=O)CCC(=O)C(O)=O
None,NC1=NC2=C(N=CN2[C@@H]2O[C@@H]3COP(O)(=O)O[C@H]3[C@H]2O)C(=O)N1
None,O[C@@H]1C[C@@](O)(CC(=O)[C@H]1O)C(O)=O
None,OC(=O)C(=O)CS
None,OC[C@H]1O[C@@H](O)[C@H](O)[C@@H](O)[C@H]1O
None,CC(C)(CO)C(=O)C(O)=O
None,OCCC=O
None,CC(=O)OC[C@H](N)C(O)=O
None,NCCCN
None,OC(=O)COP(O)(O)=O
None,OCCCC(O)=O
None,C[C@@H](N)C(=O)N[C@H](C)C(O)=O
None,N[C@@H](COP(O)(O)=O)C(O)=O
None,OC[C@@H](O)[C@H](O)[C@H](O)CN1C2=CC=CC=C2N=C2C(=O)NC(=O)N=C12
None,OCCC(O)=O
None,C[C@@H]1O[C@@H](O)[C@@H](O)[C@H](O)[C@@H]1O
None,OCC1=C(CC(O)=O)C(CCC(O)=O)=C(CC2=C(CC(O)=O)C(CCC(O)=O)=C(CC3=C(CC(O)=O)C(CCC(O)=O)=C(CC4=C(CC(O)=O)C(CCC(O)=O)=CN4)N3)N2)N1
None,CC(=O)NCCCCNCCCN
None,N[C@@H](CCC(=O)N[C@@H](CSC=O)C(=O)NCC(O)=O)C(O)=O
None,CC(N)C(N)CCCCCC(O)=O
None,CC(OC1C(O)C(CO)OC(OP(O)(=O)OP(O)(=O)OCC2OC(C(O)C2O)N2C=CC(=O)NC2=O)C1NC(C)=O)C(O)=O
None,OC(=O)CCC1=C2CC3=C(CCC(O)=O)C(CC(O)=O)=C(CC4=C(CC(O)=O)C(CCC(O)=O)=C(CC5=C(CC(O)=O)C(CCC(O)=O)=C(CC(N2)=C1CC(O)=O)N5)N4)N3
None,CC(C)(COP(O)(=O)OP(O)(=O)OC[C@H]1O[C@H]([C@H](O)[C@@H]1OP(O)(O)=O)N1C=NC2=C1N=CN=C2N)[C@@H](O)C(=O)NCCC(=O)NCCSC(=O)CCCCCC(O)=O
None,CC(=O)OCCC(N)C(O)=O
None,CC1=C2CC3=C(C)C(C=C)=C(CC4=C(C)C(C=C)=C(CC5=C(C)C(CCC(O)=O)=C(CC(N2)=C1CCC(O)=O)N5)N4)N3
None,CC1=C(CCOP(O)(O)=O)SC=[N+]1CC1=CN=C(C)N=C1N
None,OC[C@H]1O[C@H](O[C@H]2O[C@H](CO)[C@@H](O)[C@H](O)[C@H]2O)[C@H](O)[C@@H](O)[C@@H]1O
None,O[C@H](CCC(O)=O)C(O)=O
None,C[C@H](N)C(=O)CCCCCC(O)=O
None,[H][C@@]12CC[C@H]([C@H](C)CCC(O)=O)[C@@]1(C)[C@@H](O)C[C@@]1([H])[C@@]2([H])[C@H](O)[C@@H](O)[C@]2([H])C[C@H](O)CC[C@]12C
None,OCC(O)C(O)C(O)C(O)COP(O)(O)=O
None,OCC1(O)O[C@H](COP(O)(O)=O)[C@H](O)[C@@H]1O
None,N[C@H](COP(O)(O)=O)CC1=CNC=N1
None,N[C@@H](CCOP(O)(O)=O)C(O)=O
None,O[C@H]1[C@@H](O)[C@@H](O[C@@H]1COP(O)(O)=O)N1C(=O)NC(=O)C=C1C(O)=O
None,C[N+](C)(C)[O-]
None,O[C@H](COP(O)(O)=O)[C@@H](O)[C@H](O)C=O
None,NC(CCOC(=O)CCC(O)=O)C(O)=O
None,OC(CC(=O)C(O)=O)C(O)=O
None,CC(=O)N[C@H]1[C@@H](O)O[C@H](CO)[C@H](O)[C@@H]1O
None,CC(C)(COP(O)(O)=O)[C@@H](O)C(=O)NCCC(=O)NCCS
None,C[S+](CCCN)C[C@H]1O[C@H]([C@H](O)[C@@H]1O)N1C=NC2=C1N=CN=C2N
None,NCCC[C@H](N)CC(O)=O
None,[H][C@@](C)(O)CC(=O)SCCN=C(O)CCN=C(O)C([H])(O)C(C)(C)COP(O)(=O)OP(O)(=O)OC[C@@]1([H])O[C@@]([H])(N2C=NC3=C(N)N=CN=C23)[C@]([H])(O)[C@]1([H])OP(O)(O)=O
None,OC(C=O)C(O)=O
None,O[C@H]1[C@@H](O)[C@@H](OP(O)(O)=O)O[C@@H]1COP(O)(O)=O
None,O[C@H]1CN[C@@H](C1)C(O)=O
None,OC(=O)CC1=CC(O)=C(O)C=C1
None,N[C@@H](CCC=O)C(O)=O
None,O[C@H]1[C@@H](O)[C@@H](O[C@@H]1COP(O)(O)=O)C1=CNC(=O)NC1=O
None,CC(=O)N[C@@H]1[C@H](O)[C@@H](O)[C@H](CO)OC1OP(O)(=O)OP(O)(=O)OC[C@@H]1O[C@@H]([C@@H](O)[C@H]1O)N1C=CC(=O)NC1=O
None,O[C@@H]1O[C@H](COP(O)(O)=O)[C@@H](O)[C@H](O)[C@H]1O
None,O[C@@H]1[C@@H](O)[C@H](O)[C@@H](OP(O)(O)=O)[C@H](O)[C@@H]1O
None,OC(=O)C(=O)CC1=CC=C(O)C=C1
None,CSCCC(=O)C(O)=O
None,C[N+](C)(C)CCCC([O-])=O
None,OC(COP(O)(O)=O)C(O)C(=O)COP(O)(O)=O
None,O[C@H]1[C@@H](O)[C@@H](O[C@@H]1COP(O)(O)=O)[N+]1=CC=CC(=C1)C(O)=O
None,OCC(O)C(O)C(O)C(O)CC(=O)C(O)=O
None,CCCCCCCCCCCCC\C=C\[C@@H](O)[C@H](CO[C@@H]1O[C@H](CO)[C@@H](O)[C@H](O)[C@H]1O)NC(=O)CCCCCCCCCCC
None,OC(=O)\C=C/C1=CC(O)=C(O)C=C1
None,OP(O)(=O)O[C@H]1[C@H](OP(O)(O)=O)[C@@H](OP(O)(O)=O)[C@H](OP(O)(O)=O)[C@H](OP(O)(O)=O)[C@@H]1OP(O)(O)=O
None,OC(=O)CC(=O)S[*]
None,CC12CCC3C(C1CCC2OC(=O)CCC4=CC=CC=C4)CCC5=CC(=O)CCC35
None,OC[C@@H](O)[C@H](O)CC(=O)C(O)=O
None,C[C@@H](NC1=CC=C(C[C@H](O)[C@H](O)[C@H](O)CO[C@H]2O[C@H](COP(O)(=O)O[C@@H](CCC(O)=O)C(O)=O)[C@@H](O)[C@H]2O)C=C1)[C@@H]1NC2=C(N[C@H]1C)NC(=N)N=C2O
None,C[C@H]1O[C@H](OP(O)(=O)OP(O)(=O)OC[C@H]2O[C@H]([C@H](O)[C@@H]2O)N2C=NC3=C2N=C(N)NC3=O)[C@@H](O)[C@@H](O)C1=O
None,OC[C@@H](O)COP(O)(=O)O[C@H]1[C@H](O)[C@@H](O)[C@H](O)[C@@H](O)[C@H]1O
None,[H][C@]1(COP(O)(=O)OP(O)(O)=O)O[C@@]([H])(N2C=NC3=C2NC(=N)N=C3O)[C@]([H])(O)[C@]1([H])OP(O)(=O)OP(O)(O)=O
None,NCCOP(O)(=O)OCC(O)CO
None,[H][C@@]12CC[C@](O)([C@H](O)CO)[C@@]1(C)C[C@H](O)[C@@]1([H])[C@@]2([H])CC[C@]2([H])C[C@H](O)CC[C@]12C
None,O[C@H]1[C@H](O)[C@@H](COP(O)(O)=O)OC(=O)[C@@H]1O
None,CC(=O)N[C@@H](CCC=O)C(O)=O
None,NC1=C2N=CN([C@@H]3O[C@H](COP(O)(=O)OP(O)(=O)OP(O)(=O)OP(O)(=O)OC[C@H]4O[C@H]([C@H](O)[C@@H]4O)N4C=NC5=C(N)N=CN=C45)[C@@H](O)[C@H]3O)C2=NC=N1
None,NC1=NC2=C(N=CN2[C@@H]2O[C@H](COP(O)(=O)OP(O)(=O)OP(O)(=O)OP(O)(=O)OC[C@H]3O[C@H]([C@H](O)[C@@H]3O)N3C=NC4=C3N=C(N)NC4=O)[C@@H](O)[C@H]2O)C(=O)N1
None,OP(O)(=O)OCC(=O)CC1=CNC=N1
None,CC1=NC=C(CO)C(N)=N1
None,[H][C@@](CO[C@@H]1O[C@H](CO)[C@@H](O[C@]2([H])O[C@H](CO)[C@H](O)[C@H](O)[C@H]2O)[C@H](O)[C@H]1O)(NC(=O)CCCCCCCCCCC)[C@H](O)\C=C\CCCCCCCCCCCCC
None,NC1=NC2=C(N=C(CO)CN2)C(=O)N1
None,NC1=NC(N[C@@H]2O[C@H](COP(O)(O)=O)[C@@H](O)[C@H]2O)=C(N)C(=O)N1
None,C#N
None,Cl
None,[OH-]
None,[Na+]
None,[NH4+]
None,O[C@H]1C[C@@H](O[C@@H]1CO[P@@](O)(=O)OP(O)(O)=O)N1C=NC2=C1NC=NC2=O
None,O[C@H]1C[C@@H](O[C@@H]1COP(O)(=O)OP(O)(=O)OP(O)(O)=O)N1C=NC2=C1NC=NC2=O
None,O[C@H]1C[C@@H](O[C@@H]1COP(O)(=O)OP(O)(O)=O)N1C=CC(=O)NC1=O
None,CC1=CC2=C(C=C1C)N(C[C@H](O)[C@H](O)[C@H](O)COP(O)(=O)OP(O)(=O)OC[C@H]1O[C@H]([C@H](O)[C@@H]1O)N1C=NC3=C1N=CN=C3N)C1=C(N2)C(=O)NC(=O)N1
None,NC1=C2N=CN([C@@H]3O[C@H](CO)[C@@H](OP(O)(O)=O)[C@H]3O)C2=NC=N1
None,[H][C@]1(CO)O[C@@]([H])(N2C=CC(O)=NC2=O)[C@]([H])(O)[C@]1([H])OP(O)(O)=O
None,[H]OCCO[H]
None,CC(C)=CCO
None,CCCC=O
None,[Cd++]
None,OC#N
None,N[C@@H](CS)C(=O)NCC(O)=O
None,C
None,OC[C@H]1O[C@@H](OC2=C(CO)C=CC=C2)[C@H](O)[C@@H](O)[C@@H]1O
None,CC1=CC=C(O)C=C1
None,O[As](O)(O)=O
None,[H][C@@]1(CO)OC(O)[C@@]([H])(O)[C@@]([H])(O)[C@@]1([H])O
None,CC(C)=CCC\C(C)=C\C=O
None,CC(C)=CCC\C(C)=C/CO
None,CC(O)C1C2CC(SC3CCN(C3)C(C)=N)=C(N2C1=O)C(O)=O
None,[SeH2]
None,CCCCCCCCCCCCCCCCCC(O)=O
None,COC(=O)C(O)C1C(C)(C)C(CC2OC34C(O)C(=O)OC(C5=COC=C5)C3(C)C(CC(C4=C)C12C)OC(C)=O)OC(C)=O
None,NC(O)=O
None,CCCCCC(O)=O
None,CC1=C(OCC(F)(F)F)C=CN=C1CS(=O)C1=NC2=CC=CC=C2N1
None,CCCCC\C=C/C\C=C/CCCCCCCC(O)=O
None,NCCCC(N)C(=O)O
None,OC[C@H]1O[C@@](CO)(O[C@H]2O[C@H](CO[C@H]3O[C@H](CO[C@H]4O[C@H](CO)[C@H](O)[C@H](O)[C@H]4O)[C@H](O)[C@H](O)[C@H]3O)[C@@H](O)[C@H](O)[C@H]2O)[C@@H](O)[C@@H]1O
None,COC1=CC=CC2=C1C(=O)C1=C(O)C3=C(C[C@](O)(C[C@@H]3O[C@H]3C[C@H](N)[C@H](O)[C@H](C)O3)C(=O)CO)C(O)=C1C2=O
None,NCCCCCN
None,CC(=O)N[C@H]1[C@H](O)O[C@H](CO)[C@@H](O[C@@H]2O[C@H](CO)[C@@H](O)[C@H](O)[C@H]2NC(O)=O)[C@@H]1O
None,OC[C@H](O)[C@@H](O)[C@@H](O)[C@H](O)CO
None,[H][C@@](C)(O)[C@@]([H])(O)[C@@]([H])(O)C(=O)CO
None,CSCCC(N)C(O)=O
None,[S-]C#N
None,OC[C@H]1O[C@H]([C@H](O)[C@@H]1O)N1C=NC2=C1N=C(O)N=C2O
None,OC[C@@H]1O[C@H](O)C[C@H]1O
None,CCCCCCCCCCCC(=O)SCCNC(=O)CCNC(=O)[C@H](O)C(C)(C)COP(O)(=O)OP(O)(=O)OC[C@H]1O[C@H]([C@H](O)[C@@H]1OP(O)(O)=O)N1C=NC2=C1N=CN=C2N
None,CCCCCC(O)C=CC1C=CC(=O)C1CC=CCCCC(O)=O
None,OC[C@H]1O[C@H](O[C@H]2[C@H](O)[C@@H](O)[C@@H](O[C@H]3[C@H](O)[C@@H](O)C(O)O[C@@H]3CO)O[C@@H]2CO)[C@H](O)[C@@H](O)[C@@H]1O
None,CC1=CC2=C(C=C1C)N(C[C@H](O)[C@H](O)[C@H](O)COP(O)(O)=O)C1=C(N2)C(=O)NC(=O)N1
None,OC(=O)[C@@H]1CCC(=O)N1
None,CC(=O)CN
None,C[C@@H]1NC(=O)N[C@@H]1CCCCCC(O)=O
None,N[C@@H](CC1=CNC=N1)C=O
None,CC(O)C(O)C(O)C(O)C(=O)O
None,OC[C@H]1O[C@H](O[C@H]2[C@H](O)[C@@H](O)[C@@H](O)O[C@@H]2CO)[C@H](O)[C@@H](O)[C@@H]1O
None,OC[C@H]1O[C@H](O[C@H]2[C@H](O)[C@@H](O)[C@@H](O[C@H]3[C@H](O)[C@@H](O)[C@@H](O[C@H]4[C@H](O)[C@@H](O)[C@@H](O[C@H]5[C@H](O)[C@@H](O)[C@@H](O[C@H]6[C@H](O)[C@@H](O)[C@@H](O)O[C@@H]6CO)O[C@@H]5CO)O[C@@H]4CO)O[C@@H]3CO)O[C@@H]2CO)[C@H](O)[C@@H](O)[C@@H]1O
None,CCCCCCCC(=O)SCCNC(=O)CCNC(=O)C(O)C(C)(C)COP(O)(=O)OP(O)(=O)OCC1OC(C(O)C1OP(O)(O)=O)N1C=NC2=C(N)N=CN=C12
None,N[C@H](CSS)C(O)=O
None,OC[C@H]1O[C@@H](O[C@H]2[C@H](O)[C@@H](O)[C@H](O)O[C@@H]2CO)[C@H](O)[C@@H](O)[C@H]1O
None,OC[C@H]1O[C@H](O[C@H]2[C@H](O)[C@@H](O)[C@@H](O[C@H]3[C@H](O)[C@@H](O)[C@@H](O[C@H]4[C@H](O)[C@@H](O)C(O)O[C@@H]4CO)O[C@@H]3CO)O[C@@H]2CO)[C@H](O)[C@@H](O)[C@@H]1O
None,[H][C@](COC(=O)CCCCCCCCCCCC)(COC(=O)CC\C=C/C\C=C/C\C=C/C\C=C/C\C=C/C\C=C/CC)OC(=O)CCCCCCCCCCCCCCCCCCCC
None,OC[C@H]1O[C@H]([C@H](O)[C@@H]1O)C1=CNC(=O)NC1=O
None,CC1=CN([C@H]2C[C@H](O)[C@@H](COP(O)(=O)OP(O)(=O)O[C@H]3O[C@H](CO)[C@H](O)[C@H](O)[C@H]3O)O2)C(=O)NC1=O
None,O[C@@H]([C@H](O)C(O)=O)C(O)=O
None,OC(=O)CCCCC(S)CCS
None,CCCCC\C=C/C\C=C/C=C/C=C/[C@@H](SC[C@H](NC(=O)CC[C@H](N)C(O)=O)C(=O)NCC(O)=O)[C@@H](O)CCCC(O)=O
None,CC1=C(CCC(O)=O)/C2=C/C3=N/C(=C\C4=C(C)C(C=C)=C(N4)/C=C4\N=C(\C=C\1/N\2)C(C=C)=C4C)/C(C)=C3CCC(O)=O
None,NC(=C)C(O)=O
None,OC(=O)CC(=O)\C=C/C(O)=O
None,CC(C(O)=O)C(O)(CC(O)=O)C(O)=O
None,C\C(=C\C(O)=O)C(O)=O
None,[H][C@](O)(C(O)=NCCC(O)=NCCSC(=O)CC(=O)CCC(O)=O)C(C)(C)COP(O)(=O)OP(O)(=O)OC[C@@]1([H])O[C@@]([H])(N2C=NC3=C(N)N=CN=C23)[C@]([H])(O)[C@]1([H])OP(O)(O)=O
None,CC(C)(COP(=O)(O)OP(=O)(O)OC1O(n2cnc3c(N)ncnc32)(O)1OP(=O)(O)O)(O)C(=O)NCCC(=O)NCCSC(=O)c1ccccc1N
None,NC(CC1=CC=CC=C1)C(O)=O
None,N[C@@H](CCSC[C@H](N)C(O)=O)C(O)=O
None,OCC1=C(O)C=CC=C1
None,COC1=CC(\C=C\CO)=CC(OC)=C1O
None,OC(=O)C\C(=C/C(O)=O)C(O)=O
None,NC(=O)NC1NC(=O)NC1=O
None,NC1=NC=NC2=C1N=CN2C1OC(CO)C2OP(O)(=O)OC12
None,OC[C@H]1O[C@H]([C@@H]2OP(O)(=O)O[C@H]12)N1C=CC(=O)NC1=O
None,CC[C@H](N)C(O)=O
None,OC(=N)CC(=O)C(O)=O
None,CC1=C(N)NC(=O)N=C1
None,S=C1N=CNC2=C1NC=N2
None,NC(CCCN=C(N)N)C(O)=O
None,CC(C)[C@@](O)(CC(O)=O)C(O)=O
None,NC(=O)CC1=CC=CC=C1
None,N[C@@H](CC#N)C(O)=O
None,CN1CC(=O)NC1=O
None,CCCCCCCCCCCCCC(=O)SCCNC(=O)CCNC(=O)C(O)C(C)(C)COP(O)(=O)OP(O)(=O)OC[C@H]1O[C@H]([C@H](O)[C@@H]1OP(O)(O)=O)N1C=NC2=C1N=CN=C2N
None,CC(C)C(=C\C(O)=O)\C(O)=O
None,OC1CC(=CC(=O)C1O)C([O-])=O
None,NC(=O)NCCC(O)=O
None,OC\C=C\C1=CC=C(O)C=C1
None,CC(C)(O)C#N
None,CCCCCCCCCCCCCCCC(=O)NC(CO[C@@H]1O[C@H](CO)[C@H](O)[C@H](O)[C@H]1O)C(O)\C=C/CCCCCCCCCCCCC
None,[H][C@](C)(O[C@@]1([H])[C@]([H])(O)[C@@]([H])(CO)OC([H])(O)[C@]1([H])N=C(C)O)C(O)=O
None,CC(=O)NCCCCN
None,CNCCCCN
None,OC(=O)CCC(=O)C1=C(C=CC=C1)C(O)=O
None,CCCCCCCCCCCCCCCC(=O)OC[C@H](COP(O)(=O)OC[C@H](N)C(O)=O)OC(=O)CCCCCCCCCCCCCCC
None,O[C@@H]1[C@@H](COP(O)(=O)OP(O)(=O)OP(O)(O)=O)O[C@H]([C@@H]1O)N1C=NC2=C1N=CN([C@@H]1O[C@H](COP(O)(O)=O)[C@@H](O)[C@H]1O)C2=N
None,O[C@@H]1[C@@H](COP(O)(O)=O)O[C@H]([C@@H]1O)N1C=NC2=C1N=CN([C@@H]1O[C@H](COP(O)(O)=O)[C@@H](O)[C@H]1O)C2=N
None,O=C(O)C(=O)(O)(O)C(=O)CO
None,C1=CC(=C(C(=C1C(=O)O)Cl)Cl)Cl
None,OC[C@H](O)[C@@H](O)[C@H](O)C(=O)COP(O)(O)=O
None,OCC1=CC2=CC=CC=C2C=C1
None,C[C@H](O)CO
None,CC(C)CC(=O)SCCNC(=O)CCNC(=O)[C@H](O)C(C)(C)COP(O)(=O)OP(O)(=O)OC[C@H]1O[C@H]([C@H](O)[C@@H]1OP(O)(O)=O)N1C=NC2=C1N=CN=C2N
None,C[C@]12CC[C@H]3[C@H]([C@@H]1CC[C@]2(C)O)CC[C@@H]4[C@@]3(COC(=O)C4)C
None,CC(C)=CCC/C(C)=C/CC/C(C)=C/CC/C(C)=C/CC/C(C)=C/CC/C(C)=C/CC/C(C)=C/CC/C(C)=C/CC/C(C)=C/CC/C(C)=C/COP(=O)(O)O
None,OCC(CO)OP(O)(O)=O
None,CS(=O)CC[C@H](N)C(O)=O
None,[H][C@](C)(O[C@@]1([H])[C@]([H])(O)[C@@]([H])(CO)O[C@]([H])(O)[C@]1([H])N=C(C)O)C(O)=N[C@]([H])(C)C(O)=O
None,CC1=C(CCOP(O)(=O)OP(O)(=O)OP(O)(O)=O)SC=[N+]1CC1=C(N)N=C(C)N=C1
None,COC1=CC(=CC=C1O[C@@H]1O[C@@H]([C@@H](O)[C@H](O)[C@H]1O)C(O)=O)C(O)CO
None,CC(C)=CC(=O)SCCNC(=O)CCNC(=O)[C@H](O)C(C)(C)COP(O)(=O)OP(O)(=O)OC[C@H]1O[C@H]([C@H](O)[C@@H]1OP(O)(O)=O)N1C=NC2=C1N=CN=C2N
None,N[C@@H](CC(=O)OP(O)(O)=O)C(O)=O
None,CSC[C@H]1O[C@@H](O)[C@H](O)[C@@H]1O
None,N[C@@H]1O[C@H](COP(O)(O)=O)[C@@H](O)[C@H]1O
None,CC1=CC2=C(C=C1C)N=CN2
None,NC(=O)C1=C[N+](=CC=C1)[C@@H]1O[C@H](CO)[C@@H](O)[C@H]1O
None,O[C@@H]1CC(=C[C@@H](OP(O)(O)=O)[C@H]1O)C(O)=O
None,O[C@@H](CCC(O)=O)C(O)=O
None,CCCCCCCCCC=CC(=O)SCCNC(=O)CCNC(=O)C(O)C(C)(C)COP(O)(=O)OP(O)(=O)OCC1OC(C(O)C1OP(O)(O)=O)N1C=NC2=C1N=CN=C2N
None,OC(=O)C(=O)COP(O)(O)=O
None,CC1=C2CC3=C(C)C(CCC(O)=O)=C(CC4=C(CCC(O)=O)C(C)=C(CC5=C(CCC(O)=O)C(C)=C(CC(N2)=C1CCC(O)=O)N5)N4)N3
None,OC(=O)CCCC=O
None,C[C@@H](CN)C(O)=O
None,N[C@@H](CCC(=O)OP(O)(O)=O)C(O)=O
None,CC(C)CCC[C@@H](C)CCC[C@@H](C)CCC\C(C)=C\CC1=C(O)C2=C(C=CC=C2)C(O)=C1C
None,C[C@@H]1O[C@H](OP(O)(=O)OP(O)(=O)OC[C@H]2O[C@H](C[C@@H]2O)N2C=C(C)C(=O)NC2=O)[C@H](O)[C@H](O)[C@H]1O
None,OC(=O)C1CC=CC(=N1)C(O)=O
None,C[C@@H](C(C)=O)C(=O)SCCNC(=O)CCNC(=O)[C@H](O)C(C)(C)COP(O)(=O)OP(O)(=O)OC[C@H]1O[C@H]([C@H](O)[C@@H]1OP(O)(O)=O)N1C=NC2=C1N=CN=C2N
None,C\C=C(/C)C(=O)SCCNC(=O)CCNC(=O)[C@H](O)C(C)(C)COP(O)(=O)OP(O)(=O)OC[C@H]1O[C@H]([C@H](O)[C@@H]1OP(O)(O)=O)N1C=NC2=C1N=CN=C2N
None,NC1=CN=CN1[C@@H]1O[C@H](COP(O)(O)=O)[C@@H](O)[C@H]1O
None,NC[C@H](N)C(O)=O
None,N[C@@H](CCCNC(=N)N[C@@H](CC(O)=O)C(O)=O)C(O)=O
None,NCCC[C@H](NC(=O)CCC(O)=O)C(O)=O
None,C[C@@H](O)C(=O)SC[C@H](NC(=O)CC[C@H](N)C(O)=O)C(=O)NCC(O)=O
None,O=C(O)/C=C\CC(=O)C(=O)O
None,CC(=C)C(=O)SCCNC(=O)CCNC(=O)[C@H](O)C(C)(C)COP(O)(=O)OP(O)(=O)OC[C@H]1O[C@H]([C@H](O)[C@@H]1OP(O)(O)=O)N1C=NC2=C1N=CN=C2N
None,NC1=NC(=O)C2=C(NC[C@H](CNC3=CC=C(C=C3)C(=O)N[C@@H](CCC(O)=O)C(O)=O)N2C=O)N1
None,CC(C)(COP(O)(O)=O)[C@@H](O)C(=O)NCCC(O)=O
None,[H][C@@](O)(COP(O)(O)=O)[C@@]([H])(O)C1=CNC2=C1C=CC=C2
None,CC(=O)[C@H](N)C(O)=O
None,CC(=O)N[C@@H](CC1=CC=CC=C1)C(O)=O
None,NC1=NC(=O)C2=C(NCC(CNC3=CC=C(C=C3)C(=O)NC(CCC(=O)NC(CCC(=O)NC(CCC(O)=O)C(O)=O)C(O)=O)C(O)=O)N2)N1
None,O[C@@H]1[C@H](O)[C@H](O)[C@@H](OP(O)(O)=O)[C@H](O)[C@H]1O
None,NCCP(O)(O)=O
None,C[C@@H](O)CC(=O)SCCNC(=O)CCNC(=O)[C@H](O)C(C)(C)COP(O)(=O)OP(O)(=O)OC[C@H]1O[C@H]([C@H](O)[C@@H]1OP(O)(O)=O)N1C=NC2=C1N=CN=C2N
None,OC(=O)C1=C(O)C2=CC=CC=C2C(O)=C1
None,CC(=O)C(=O)C1CNC2=C(N1)C(=O)NC(N)=N2
None,OC(=O)C1=CC=CN=C1C(O)=O
None,C=CS(=O)(=O)C=C
None,C[C@H](NC(=O)CC[C@H](N)C(O)=O)C(O)=O
None,O[C@H](C#N)C1=CC=C(O)C=C1
None,NCCC1=CC(O)=C(O)C=C1
None,OC1=CC=C(CC=O)C=C1
None,O[C@@H]1[C@H](O)C(O)(COP(O)(O)=O)O[C@@H]1COP(O)(O)=O
None,O[C@@H]1[C@@H](COP(O)(O)=O)O[C@H]([C@@H]1O)N1C=NC2=C1N=CN=C2N[C@@H](CC(O)=O)C(O)=O
None,O=C(O)C(=O)C(O)CO
None,NCC(=O)N[C@@H]1O[C@H](COP(O)(O)=O)[C@@H](O)[C@H]1O
None,OC(=O)[C@@H]1CCC=N1
None,OC(=O)[C@@H]1CCCC(=N1)C(O)=O
None,O[C@H]1[C@H](O)[C@@H](O)[C@H](OP(O)(O)=O)[C@H](O)[C@@H]1O
None,OC1=C(O)C=C(CC=O)C=C1
None,NC(=O)C1=C(N)N=CN1
None,CC(C)(CO)[C@@H](O)C(=O)NCCC(=O)N[C@@H](CS)C(O)=O
None,O=C(O)CC(O)(CC(=O)C(=O)O)C(=O)O
None,NC1=NC(=O)N(C=C1)C1OC(COP([O-])(=O)OC2(CC(O)C(O)C(O2)C(O)CO)C([O-])=O)C(O)C1O
None,CC(=O)N[C@@H](CCC(=O)OP(O)(O)=O)C(O)=O
None,NC1=NC(=O)C2=C(NC[C@H](CNC3=CC=C(C=C3)C(=O)N[C@@H](CCC(=O)N[C@@H](CCC(=O)N[C@@H](CCC(O)=O)C(O)=O)C(O)=O)C(O)=O)N2)N1
None,CC(C)=CCC\C(C)=C\CC\C(C)=C\CC\C(C)=C\CC\C(C)=C\CC\C(C)=C\CC\C(C)=C\CC\C(C)=C\COP(O)(=O)OP(O)(O)=O
None,CN1C(N)=NC2=C(NC=N2)C1=O
None,CNC1=NC(=O)C2=C(N1)N=CN2
None,CC(C)(O)C(=O)C(=O)O
None,CSC[C@H]1O[C@H](OP(O)(O)=O)[C@H](O)[C@@H]1O
None,C\C(C(O)=O)=C(/CC(O)=O)C(O)=O
None,CCCCCCCC\C=C/CCCCCCCC(=O)OC[C@@H](O)COP([O-])(=O)OCC[N+](C)(C)C
None,CC(C)[C@H](C(O)=O)C(=O)C(O)=O
None,O[C@H]1C[C@@H](O[C@@H]1COP(O)(O)=O)N1C=C(F)C(O)=NC1=O
None,CC(=O)N[C@@H]1[C@@H](O)O[C@H](COP(O)(O)=O)[C@@H](O)[C@@H]1O
None,CC(C)(O)[C@@H](O)C(O)=O
None,OC1CC(N=C1)C(O)=O
None,CC1=C(CCO)SC=N1
None,CCCCCCCCCCCCCCCCCCOC[C@@H](O)COP([O-])(=O)OCC[N+](C)(C)C
None,CC1=C(CCOP(O)(O)=O)SC=N1
None,CC1=C(C)N(C[C@H](O)[C@H](O)[C@H](O)CO)C2=NC(=O)NC(=O)C2=N1
None,O=C(O)C(=O)C(O)C(=O)CO
None,CC(C)(COP(O)(O)=O)[C@@H](O)C(=O)NCCC(=O)N[C@@H](CS)C(O)=O
None,O[C@H]1[C@@H](O)[C@H](NC(=O)CNC=O)O[C@@H]1COP(O)(O)=O
None,C[C@@H]1[C@H]2[C@H](C)NC3=C(N2CN1C1=CC=C(C[C@H](O)[C@H](O)[C@H](O)CO[C@H]2O[C@H](COP(O)(=O)O[C@@H](CCC(O)=O)C(O)=O)[C@@H](O)[C@H]2O)C=C1)C(O)=NC(=N)N3
None,OC1CCC(CC1)C(O)=O
None,C[C@H](O)[C@H](C)C(=O)SCCNC(=O)CCNC(=O)[C@H](O)C(C)(C)COP(O)(=O)OP(O)(=O)OC[C@H]1O[C@H]([C@H](O)[C@@H]1OP(O)(O)=O)N1C=NC2=C1N=CN=C2N
None,CC(C)[C@@H]([C@@H](O)C(O)=O)C(O)=O
None,NC(CCC[C@H](NC(=O)CCC(O)=O)C(O)=O)C(O)=O
None,C[S+](CCC(=O)C(O)=O)C[C@H]1O[C@H]([C@H](O)[C@@H]1O)N1C=NC2=C1N=CN=C2N
None,OC(=O)\C=C1\OC(=O)C=C1
None,O[C@H](COP(O)(O)=O)[C@@H](O)CC(=O)C(O)=O
None,NC1=C(NC[C@H](O)[C@H](O)[C@H](O)COP(O)(O)=O)NC(=O)NC1=O
None,OC(=O)CCC(=O)N[C@@H](CCCC(=O)C(O)=O)C(O)=O
None,O[C@H](COP(O)(O)=O)[C@@H](O)[C@H](O)[C@H](O)CC(=O)C(O)=O
None,CN1[C@@H](CNC2=CC=C(C=C2)C(=O)N[C@@H](CCC(=O)N[C@@H](CCC(=O)N[C@@H](CCC(O)=O)C(O)=O)C(O)=O)C(O)=O)CNC2=C1C(=O)N=C(N)N2
None,[H][C@]1(COP(O)(=O)OP(O)(=O)OP(O)(O)=O)O[C@@]([H])(N2C=NC3=C2NC(=N)N=C3O)[C@]([H])(O)[C@]1([H])OP(O)(=O)OP(O)(O)=O
None,CC(=O)N[C@@H]1[C@@H](O)[C@H](O)[C@@H](CO)OC1OP(O)(O)=O
None,CC1=NC=C(COP(O)(O)=O)C(=N)N1
None,OC[C@H](O)[C@@H](O)C(=O)C(=O)C(O)=O
None,CC(O)(C(CC(O)=O)C(O)=O)C(O)=O
None,NC(=N)CN(C=O)[C@@H]1O[C@H](COP(O)(O)=O)[C@@H](O)[C@H]1O
None,[H][C@@]12C[C@H](O)CC[C@]1(C)C1CC[C@]3(C)C(CCC3C1[C@H](O)C2)C(C)CCCC(C)C(=O)SCCNC(=O)CCNC(=O)C(O)C(C)(C)COP(O)(=O)OP(O)(=O)OC[C@H]1O[C@H]([C@H](O)[C@@H]1OP(O)(O)=O)N1C=NC2=C(N)N=CN=C12
None,O[C@@H]1[C@@H](COP(O)(O)=O)O[C@H]([C@@H]1O)N1C=NC2=C1N=CN=C2S
None,O[C@H](COP(O)(O)=O)[C@@H](O)C1=CNC=N1
None,NC(=O)C1=C(N)N(C=N1)[C@@H]1O[C@H](COP(O)(O)=O)[C@@H](O)[C@H]1O
None,O[C@H](COP(O)(O)=O)[C@@H](O)[C@H](O)CC(=O)C(O)=O
None,OC(=O)C=C1OC(=O)C(Cl)=C1
None,NC1=C(NC[C@H](O)[C@H](O)[C@H](O)CO)NC(=O)NC1=O
None,NC(=O)C1=C(NC=O)N(C=N1)[C@@H]1O[C@H](COP(O)(O)=O)[C@@H](O)[C@H]1O
None,CCCCCCCCCCCCC\C=C\[C@@H](O)[C@H](CO[C@@H]1O[C@H](CO)[C@@H](O[C@@H]2O[C@H](CO)[C@H](O[C@H]3O[C@H](CO)[C@H](O)[C@H](O)[C@H]3O)[C@H](O)[C@H]2O)[C@H](O)[C@H]1O)NC(=O)CCCCCCCCCCC
None,NC1=C(N=CN1[C@@H]1O[C@H](COP(O)(O)=O)[C@@H](O)[C@H]1O)C(O)=O
None,OP(O)(=O)OP(O)(O)=O.CC1=NC=C(CO)C(N)=N1
None,[H][C@@](CO\C=C/CCCCCCCCCCCCCC)(COP(O)(=O)OCCN)OC(=O)CCCCCCCCCCCCCCC
None,CC1=CC2=C(C=C1C)N(C=N2)[C@H]1O[C@H](COP(O)(O)=O)[C@@H](O)[C@H]1O
None,NC1=C(N=CN1[C@@H]1O[C@H](COP(O)(O)=O)[C@@H](O)[C@H]1O)C(=O)N[C@@H](CC(O)=O)C(O)=O
None,CCCCCCCCCCC(O)CC(=O)N1C(OC(=O)C(O)CCCCCCCCCCC)(O)C(CO)O1OP(=O)(O)O
None,NC1=NC(=O)C2=C(NCC(=N2)[C@H](O)[C@H](O)CO)N1
None,NC1=NC(=O)C2=C(NCC(=N2)[C@H](O)[C@H](O)COP(O)(=O)OP(O)(=O)OP(O)(O)=O)N1
None,NC(=O)C1=C(\N=C\N[C@@H]2O[C@H](COP(O)(O)=O)[C@@H](O)[C@H]2O)N(C=N1)[C@@H]1O[C@H](COP(O)(O)=O)[C@@H](O)[C@H]1O
None,O[C@@H]1[C@@H](O)[C@H](O[C@@H]2[C@@H](O)[C@H](O)[C@H](O[C@H]2OC2=CC(O)=C3C(=O)C=C(OC3=C2)C2=CC(O)=C(O[C@@H]3O[C@@H]([C@@H](O)[C@H](O)[C@H]3O)C(O)=O)C=C2)C(O)=O)O[C@@H]([C@H]1O)C(O)=O
None,NC(=O)C1=C(\N=C\NCC(=O)[C@H](O)[C@H](O)COP(O)(O)=O)N(C=N1)[C@@H]1O[C@H](COP(O)(O)=O)[C@@H](O)[C@H]1O
None,CO[C@@H]1[C@@H](OC(N)=O)[C@@H](O)[C@H](OC2=C(C)C3=C(C=C2)C(O)=C(NC(=O)C2=CC=C(O)C(CC=C(C)C)=C2)C(=O)O3)OC1(C)C
None,OCCS(O)(=O)=O
None,CC(O)C1=[N+](CC2=CN=C(C)N=C2N)C(C)=C(CCOP(O)(=O)OP(O)(O)=O)S1
None,OC[C@H]1O[C@@H](O[C@H](C#N)C2=CC=C(O)C=C2)[C@H](O)[C@@H](O)[C@@H]1O
None,OP(O)(O)=[Se]
None,C[C@H]1O[C@H]([C@H](O)[C@@H]1O)N1C=NC2=C(N)N=CN=C12
None,CC(=O)CO
None,CCCCCCCCCCCCC[C@H](O)CC(=O)SCCNC(=O)CCNC(=O)C(O)C(C)(C)COP(O)(=O)OP(O)(=O)OC[C@H]1O[C@H]([C@H](O)[C@@H]1OP(O)(O)=O)N1C=NC2=C(N)N=CN=C12
None,CCCCCCCCCCCCCC(=O)CC(=O)SCCNC(=O)CCNC(=O)C(O)C(C)(C)COP(O)(=O)OP(O)(=O)OC[C@H]1O[C@H]([C@H](O)[C@@H]1OP(O)(O)=O)N1C=NC2=C(N)N=CN=C12
None,CCCCCCCCCCC[C@H](O)CC(=O)SCCNC(=O)CCNC(=O)C(O)C(C)(C)COP(O)(=O)OP(O)(=O)OC[C@H]1O[C@H]([C@H](O)[C@@H]1OP(O)(O)=O)N1C=NC2=C(N)N=CN=C12
None,CCCCCCCCCCCC(=O)CC(=O)SCCNC(=O)CCNC(=O)[C@H](O)C(C)(C)COP(O)(=O)OP(O)(=O)OC[C@H]1O[C@H]([C@H](O)[C@@H]1OP(O)(O)=O)N1C=NC2=C1N=CN=C2N
None,CCCCCCCCC[C@H](O)CC(=O)SCCNC(=O)CCNC(=O)C(O)C(C)(C)COP(O)(=O)OP(O)(=O)OC[C@H]1O[C@H]([C@H](O)[C@@H]1OP(O)(O)=O)N1C=NC2=C(N)N=CN=C12
None,CCCCCCCCCC(=O)CC(=O)SCCNC(=O)CCNC(=O)C(O)C(C)(C)COP(O)(=O)OP(O)(=O)OC[C@H]1O[C@H]([C@H](O)[C@@H]1OP(O)(O)=O)N1C=NC2=C(N)N=CN=C12
None,CCCCCCC[C@H](O)CC(=O)SCCNC(=O)CCNC(=O)[C@H](O)C(C)(C)COP(O)(=O)OP(O)(=O)OC[C@H]1O[C@H](C(O)[C@H]1OP(O)(O)=O)N1C=NC2=C(N)N=CN=C12
None,CCCCCCCC(=O)CC(=O)SCCNC(=O)CCNC(=O)C(O)C(C)(C)COP(O)(=O)OP(O)(=O)OC[C@H]1O[C@H]([C@H](O)[C@@H]1OP(O)(O)=O)N1C=NC2=C(N)N=CN=C12
None,[H][C@](O)(CCCCC)CC(=O)SCCNC(=O)CCNC(=O)[C@]([H])(O)C(C)(C)COP(O)(=O)OP(O)(=O)OC[C@H]1O[C@H](C(O)[C@H]1OP(O)(O)=O)N1C=NC2=C1N=CN=C2N
None,CCCCCC(=O)CC(=O)SCCNC(=O)CCNC(=O)C(O)C(C)(C)COP(O)(=O)OP(O)(=O)OC[C@H]1O[C@H]([C@H](O)[C@@H]1OP(O)(O)=O)N1C=NC2=C(N)N=CN=C12
None,CCC[C@H](O)CC(=O)SCCNC(=O)CCNC(=O)[C@H](O)C(C)(C)COP(O)(=O)OP(O)(=O)OC[C@H]1O[C@H]([C@H](O)[C@@H]1OP(O)(O)=O)N1C=NC2=C1N=CN=C2N
None,CCCC(=O)CC(=O)SCCNC(=O)CCNC(=O)C(O)C(C)(C)COP(O)(=O)OP(O)(=O)OC[C@H]1O[C@H]([C@H](O)[C@@H]1OP(O)(O)=O)N1C=NC2=C(N)N=CN=C12
None,CCCCCC(=O)SCCNC(=O)CCNC(=O)[C@H](O)C(C)(C)COP(O)(=O)OP(O)(=O)OC[C@H]1O[C@H]([C@H](O)[C@@H]1OP(O)(O)=O)N1C=NC2=C1N=CN=C2N
None,CCC\C=C\C(=O)SCCNC(=O)CCNC(=O)C(O)C(C)(C)COP(O)(=O)OP(O)(=O)OC[C@H]1O[C@H]([C@H](O)[C@@H]1OP(O)(O)=O)N1C=NC2=C1N=CN=C2N
None,CCCCCCCCCCCCCC=CC(=O)SCCNC(=O)CCNC(=O)C(O)C(C)(C)COP(O)(=O)OP(O)(=O)OCC1OC(C(O)C1OP(O)(O)=O)N1C=NC2=C1N=CN=C2N
None,CCCCCCCCCCC\C=C\C(=O)SCCNC(=O)CCNC(=O)C(O)C(C)(C)COP(O)(=O)OP(O)(=O)OC[C@H]1O[C@H]([C@H](O)[C@@H]1OP(O)(O)=O)N1C=NC2=C1N=CN=C2N
None,CCCCCCCCCC(=O)SCCNC(=O)CCNC(=O)C(O)C(C)(C)COP(O)(=O)OP(O)(=O)OC[C@H]1O[C@H]([C@H](O)[C@@H]1OP(O)(O)=O)N1C=NC2=C1N=CN=C2N
None,CCCCCCC\C=C\C(=O)SCCNC(=O)CCNC(=O)C(O)C(C)(C)COP(O)(=O)OP(O)(=O)OC[C@H]1O[C@H]([C@H](O)[C@@H]1OP(O)(O)=O)N1C=NC2=C(N)N=CN=C12
None,CCCCC\C=C\C(=O)SCCNC(=O)CCNC(=O)C(O)C(C)(C)COP(O)(=O)OP(O)(=O)OC[C@H]1O[C@H]([C@H](O)[C@@H]1OP(O)(O)=O)N1C=NC2=C1N=CN=C2N
None,CCCCCC\C=C/C\C=C\C(=O)SCCNC(=O)CCNC(=O)[C@@](O)([H])C(C)(C)COP(=O)(O)OP(=O)(O)OC[C@H]1O[C@H](C(O)[C@H]1OP(=O)(O)O)N1C=NC2=C1N=CN=C2N
None,CCCCC\C=C/C\C=C/CC(=O)SCCNC(=O)CCNC(=O)C(O)C(C)(C)COP(O)(=O)OP(O)(=O)OC[C@H]1O[C@H]([C@H](O)[C@@H]1OP(O)(O)=O)N1C=NC2=C1N=CN=C2N
None,NCCC1=CC=CC=C1
None,C[Se]CC[C@H](N)C(O)=O
None,[H][C@@]1(CC[C@@]2([H])[C@]3([H])[C@H](O)C[C@]4([H])C[C@H](O)CC[C@]4(C)[C@@]3([H])CC[C@]12C)[C@H](C)CCC(=O)SCCNC(=O)CCNC(=O)C(O)C(C)(C)COP(O)(=O)OP(O)(=O)OC[C@H]1O[C@H]([C@H](O)[C@@H]1OP(O)(O)=O)N1C=NC2=C1N=CN=C2N
None,OC[C@@]1(O)O[C@H](COP(O)(O)=O)[C@@H](O)[C@@H]1O
None,N=N
None,OC(=O)C[C@H](C(O)=O)C(=O)C(O)=O
None,CC1=C(CCOP(O)(=O)OP(O)(O)=O)SC(C(O)CCC(O)=O)=[N+]1CC1=C(N)N=C(C)N=C1
None,OC[C@]1(O)O[C@H](COP(O)(O)=O)[C@@H](O)[C@@H](O)[C@@H]1O
None,O[C@@H]1[C@@H](O)[C@@H](OP(O)(O)=O)O[C@@H]([C@H]1O)C(O)=O
None,OC[C@H]1O[C@@H](O)[C@H](O)C(=O)[C@H]1O
None,OC[C@@H](O)[C@@H](O)[C@H](O)[C@@H](O)COC[C@H]1O[C@H](O)[C@H](O)[C@@H](O)[C@H]1O
None,OC[C@H]1O[C@H](OC[C@H]2O[C@H](O)[C@@H](O)[C@@H](O)[C@@H]2O)[C@H](O)[C@@H](O)[C@H]1O
None,OCC(O)CO[C@@H]1O[C@H](CO)[C@H](O)[C@H](O)[C@H]1O
None,OC[C@H]1O[C@H](OC[C@H]2O[C@H](O)[C@H](O)[C@@H](O)[C@@H]2O)[C@H](O)[C@@H](O)[C@H]1O
None,OC[C@H]1O[C@@H](O[C@H]2[C@H](O)[C@@H](O)C(O)O[C@@H]2CO)[C@H](O)C(=O)[C@H]1O
None,OC[C@H]1O[C@H](OC[C@H]2O[C@H](OC[C@H]3OC(O)[C@H](O)[C@@H](O)[C@@H]3O)[C@H](O)[C@@H](O)[C@H]2O)[C@H](O)[C@@H](O)[C@H]1O
None,OC[C@H]1O[C@H](C[C@@H]1O)N1C=NC2=C1N=CNC2=O
None,C[C@H](O)[C@H](N)C(O)=O
None,OC(=O)C(=O)CS(O)=O
None,OC(=O)C(=O)CS(O)(=O)=O
None,CC(=O)N(O)CCCC[C@H](NC(=O)CC(O)(CC(=O)N[C@@H](CCCCN(O)C(C)=O)C(O)=O)C(O)=O)C(O)=O
None,OCC(O)C1=CC(O)=C(O)C=C1
None,OC(C=O)C1=CC(O)=C(O)C=C1
None,[H][C@](O)(CC1=CC=CC=C1)C(O)=O
None,OC[C@H]1O[C@@H](OC2=C(OC3=C(C(O)=CC(O)=C3)C2=O)C2=CC=C(O)C(O)=C2)[C@H](O)[C@@H](O)[C@@H]1O
None,OC1=CC=C(C=C)C=C1
None,OC(=O)CCC1=CC=CC=C1
None,NC1=C(C(O)=O)C2=NC3=C(C=CC=C3OC2=CC1=O)C(O)=O
None,C1CN=C2N=CN=CC2=N1
None,C1CNC2=C(N1)C=NC=N2
None,NCCC=O
None,CC(C)(COP(O)(=O)OP(O)(=O)OC[C@H]1O[C@H]([C@H](O)[C@@H]1OP(O)(O)=O)N1C=NC2=C1N=CN=C2N)[C@@H](O)C(=O)NCCC(=O)NCCSC(=O)CCO
None,NCCC#N
None,O[Se](O)=O
None,NC1=NC=NC2=C1N=CN2[C@@H]1O[C@H](COP(O)(=O)O[Se](O)(=O)=O)[C@@H](O)[C@H]1O
None,N[C@@H](C[SeH])C(O)=O
None,C[Se]C[C@H](N)C(O)=O
None,C[Se+](CCC(N)C(O)=O)C[C@H]1O[C@H]([C@H](O)[C@@H]1O)N1C=NC2=C1N=CN=C2N
None,C[Se]CC(NC(=O)CCC(N)C(O)=O)C(O)=O
None,NC1=C2N=CN([C@@H]3O[C@H](COP(O)(=O)O[Se](O)(=O)=O)[C@@H](OP(O)(O)=O)[C@H]3O)C2=NC=N1
None,O[Se](O)(=O)=O
None,N[C@@H](CC[SeH])C(O)=O
None,N[C@@H](CC[Se]C[C@H](N)C(O)=O)C(O)=O
None,NC(CCOP(O)(O)=O)C(O)=O
None,C[SeH]
None,N[C@@H](CCC(O)=N[C@@H](CC#N)C(O)=O)C(O)=O
None,CCCCCCCCCCCCCC(=O)CC(=O)S[*]
None,OC(=O)CCC1=C2CC3=C(CC(O)=O)C(CCC(O)=O)=C(CC4=C(CC(O)=O)C(CCC(O)=O)=C(CC5=C(CC(O)=O)C(CCC(O)=O)=C(CC(N2)=C1CC(O)=O)N5)N4)N3
None,CC1=C2CC3=C(CCC(O)=O)C(C)=C(CC4=C(CCC(O)=O)C(C)=C(CC5=C(CCC(O)=O)C(C)=C(CC(N2)=C1CCC(O)=O)N5)N4)N3
None,CC1=C(CCC(O)=O)/C2=C/C3=N/C(=C\C4=C(C)C(CCC(O)=O)=C(N4)/C=C4\N=C(\C=C\1/N\2)C(C)=C4CCC(O)=O)/C(CCC(O)=O)=C3C
None,CC(O)CN
None,[H][C@@]12[C@H](CC(N)=O)[C@@](C)(CCC(=O)NC[C@@H](C)O)C3=C(C)C4=[N]5C(=CC6=[N]7C(=C(C)C8=[N]([C@]1(C)[C@@](C)(CC(N)=O)[C@@H]8CCC(N)=O)[Co++]57N23)[C@@](C)(CC(N)=O)[C@@H]6CCC(N)=O)C(C)(C)[C@@H]4CCC(N)=O
None,CC1=CC2=C(C=C1C)N(C=N2)[C@H]1O[C@H](CO)C(O)C1O
None,CC1=C(C=C)\C(NC1=O)=C\C1=C(C)C(CCC(=O)O[C@@H]2O[C@@H]([C@@H](O)[C@H](O)[C@H]2O)C(O)=O)=C(CC2=C(CCC(=O)O[C@@H]3O[C@@H]([C@@H](O)[C@H](O)[C@H]3O)C(O)=O)C(C)=C(N2)\C=C2/NC(=O)C(C=C)=C2C)N1
None,CCC1=C(C)C(=O)NC1CC1=C(C)C(CCC(O)=O)=C(CC2=C(CCC(O)=O)C(C)=C(CC3NC(=O)C(C=C)=C3C)N2)N1
None,CO[C@@H]1O[C@H](CO)[C@H](O[C@@H]2O[C@H](CO)[C@H](OC)[C@H](O)[C@H]2O)[C@H](O)[C@H]1O
None,CC(C)=CCCC(C)=CCCC(C)=CCCC(C)=CCCC(C)=CCCC(C)=CCCC(C)=CCCC(C)=CCC1=C(O)C=CC(=C1)C([O-])=O
None,CC(C)=CCC\C(C)=C\CC\C(C)=C\CC\C(C)=C\CC\C(C)=C\CC\C(C)=C\CC\C(C)=C\CC\C(C)=C\CC1=CC=CC=C1O
None,[H]\C(CC\C(C)=C(/[H])CC\C(C)=C(/[H])CC\C(C)=C(/[H])CC\C(C)=C(/[H])CC\C(C)=C(/[H])CC\C(C)=C(/[H])CC1=C(O)C(O)=CC=C1)=C(\C)CCC=C(C)C
None,[H][C@@]1(O)C=CC=C(C(=O)CCC(O)=O)[C@@]1([H])C(O)=O
None,CC(C)=CCC\C(C)=C\CC1=C(O)C2=CC=CC=C2C(O)=C1C
None,OC1=CC=CC(C(=O)N[C@H]2COC(=O)[C@H](COC(=O)[C@H](COC2=O)NC(=O)C2=CC=CC(O)=C2O)NC(=O)C2=CC=CC(O)=C2O)=C1O
None,NC1=NC(=O)N(C=C1)[C@@H]1O[C@H](CO)[C@@H](OP(O)(O)=O)[C@H]1O
None,N[C@@H](CSS(O)(=O)=O)C(O)=O
None,OC(=O)\C=C/C1=C(O)C=CC=C1
None,OC[C@H]1O[C@@H](OC2=C(\C=C/C(O)=O)C=CC=C2)[C@H](O)[C@@H](O)[C@@H]1O
None,OC(=O)CC(=N)C(O)=O
None,OC[C@H]1O[C@H]([C@H](O)[C@@H]1O)[N+]1=CC=CC(=C1)C(O)=O
None,N[C@@H](CCC(=O)NCCS(O)(=O)=O)C(O)=O
None,CC(C)=CCC\C(C)=C\CC1=CC(=CC=C1O)C(O)=O
None,CC(C)CCC[C@@H](C)CCC[C@@H](C)CCC\C(C)=C\CC1=C(C)C(=O)C2=C(C=CC=C2)C1=O
None,NC1=NC=NC2=C1N=CN2[C@@H]1O[C@H](COP(O)(=O)OC(=O)CCCC[C@@H]2SCC3NC(=O)NC23)[C@@H](O)[C@H]1O
None,NC1=NC(N[C@@H]2O[C@H](COP(O)(=O)OP(O)(=O)OP(O)(O)=O)[C@@H](O)[C@H]2O)=C(NC=O)C(=O)N1
None,NC1=NC(N[C@@H]2O[C@H](COP(O)(=O)OP(O)(=O)OP(O)(O)=O)[C@@H](O)[C@H]2O)=C(N)C(=O)N1
None,NC1=NC(=O)C2=C(NCC(=N2)[C@H](O)[C@H](O)COP(O)(O)=O)N1
None,OC(=O)CCC(=O)N[C@@H](CCC=O)C(O)=O
None,N[C@@H](C[C@@H](O)C=O)C(O)=O
None,[H][C@@](O)(CC(=O)C(O)=O)C(O)=O
None,N[C@@H](C[C@@H](O)C(O)=O)C(O)=O
None,CCCCC\C=C/C\C=C/C=C/C=C/[C@@H](SC[C@H](N)C(=O)NCC(O)=O)[C@@H](O)CCCC(O)=O
None,[H][C@](O)(COP(O)(=O)OC[C@@]([H])(COC(=O)CCCCCCC)OC(=O)CCCCCCCCCCCCCC)COP(O)(=O)OC[C@@]([H])(COC(=O)CCCCCCC\C=C/C=C\CCCCCC)OC(=O)CCCCCCCCCCCCCCCCCCCCCC
None,CCC(=O)OP(O)(=O)OC[C@H]1O[C@H]([C@H](O)[C@@H]1O)N1C=NC2=C1N=CN=C2N
None,CC(=O)OP(O)(=O)OC[C@H]1O[C@H]([C@H](O)[C@@H]1O)N1C=NC2=C1N=CN=C2N
None,CC(C)(O)CC(=O)SCCNC(=O)CCNC(=O)C(O)C(C)(C)COP(O)(=O)OP(O)(=O)OC[C@H]1O[C@H]([C@H](O)[C@@H]1OP(O)(O)=O)N1C=NC2=C1N=CN=C2N
None,CC(CO)C(=O)SCCNC(=O)CCNC(=O)C(O)C(C)(C)COP(O)(=O)OP(O)(=O)OCC1OC(C(O)C1OP(O)(O)=O)N1C=NC2=C(N)N=CN=C12
None,C[C@@H](C=O)C(O)=O
None,CC[C@](O)(C(C)=O)C(O)=O
None,CC[C@@](C)(O)[C@@H](O)C(O)=O
None,CC(=O)[C@](C)(O)C(O)=O
None,O[C@H](COP(O)(O)=O)C(=O)C(O)=O
None,N[C@@H]([C@H](O)COP(O)(O)=O)C(O)=O
None,[H][C@](N)(CCC(O)=NCCC#N)C(O)=O
None,[H][C@@](CO[C@@H]1O[C@H](CO)[C@H](O)C(OS(O)(=O)=O)C1O)(NC(=O)CCCCCCCCCCCCCCCCCCCCCCC)[C@]([H])(O)\C=C\CCCCCCCCCCCCC
None,CCCCCCCCCCCCC\C=C/C(O)C(CO[C@@H]1O[C@H](CO)[C@H](O[C@H]2O[C@H](CO)[C@H](O)[C@H](O)[C@H]2O)[C@H](O)[C@H]1O)NC(=O)CCCCCCC\C=C/CCCCCCCC
None,NC1=NC(=O)C(N)=C(NCC(=O)C(O)C(O)COP(O)(=O)OP(O)(=O)OP(O)(O)=O)N1
None,N[C@@H]1[C@@H](O)[C@H](O)[C@@H](CO)O[C@H]1OP(O)(O)=O
None,NC(=O)CCCCC(S)CCSC(=O)CCCC(O)=O
None,C[N+]1=CCCC1
None,OC[C@H]1O[C@@H](OC2=CC=C(O)C=C2)[C@H](O)[C@@H](O)[C@@H]1O
None,NC1=NC2=C(N=CN2[C@@H]2O[C@H](CO)[C@@H](OP(O)(O)=O)[C@H]2O)C(=O)N1
None,NC1=NC(=O)C2=C(N1)N(C=N2)[C@@H]1O[C@H](CO)[C@H]2OP(O)(=O)O[C@@H]12
None,O[C@H]1C[C@@H](O[C@@H]1COP(O)(O)=O)N1C=NC2=C1NC=NC2=O
None,OP(O)(=O)OC(=O)C1=CC=CC=C1
None,O[Mo++](O)(=O)=O
None,OC[C@@H]1OC[C@@H](O)[C@@H]1O
None,OC(=O)CC(=O)\C=C(\Cl)C(O)=O
None,COC(=O)C1=CC=CC=C1NC(C)=O
None,OCC(O)C1OC(O)C(O)C(O)C1O
None,CCCCCCCC(O)=O
None,CC\C=C/C\C=C/C\C=C/CCCCCCCC(O)=O
None,N[C@@H](CC1=CC=C(OP(O)(O)=O)C=C1)C(O)=O
None,[Co]N1\C2=C(C)/C3=N/C(=C\C4=N\C(=C(C)/C5=NC([C@H](CC(O)=O)[C@@]5(C)CCC(O)=O)[C@@]1(C)[C@@](C)(CC(N)=O)[C@@H]2CCC(O)=O)\[C@@H](CCC(O)=O)C4(C)C)/[C@@H](CCC(O)=O)[C@]3(C)CC(N)=O
None,[H][C@]12[C@H](CC(O)=O)[C@@](C)(CCC(O)=O)\C(N1[Co+]C[C@H]1O[C@H]([C@H](O)[C@@H]1O)N1C=NC3=C1N=CN=C3N)=C(C)\C1=N\C(=C/C3=N/C(=C(C)\C4=N[C@]2(C)[C@@](C)(CC(N)=O)[C@@H]4CCC(O)=O)/[C@@](C)(CC(N)=O)[C@@H]3CCC(O)=O)\C(C)(C)[C@@H]1CCC(O)=O
None,[H][C@@]12[C@H](CC(N)=O)[C@@](C)(CCC(=O)NC[C@@H](C)O)C3=C(C)C4=[N+]5C(=CC6=[N+]7C(=C(C)C8=[N+]([C@]1(C)[C@@](C)(CC(N)=O)[C@@H]8CCC(N)=O)[Co--]57(C[C@H]1O[C@H]([C@H](O)[C@@H]1O)N1C=NC5=C1N=CN=C5N)N23)[C@@](C)(CC(N)=O)[C@@H]6CCC(N)=O)C(C)(C)[C@@H]4CCC(N)=O
None,C[C@H](CNC(=O)CC[C@]1(C)[C@@H](CC(N)=O)[C@H]2N3C1=C(C)C1=[N+]4C(=CC5=[N+]6C(=C(C)C7=[N+]([C@]2(C)[C@@](C)(CC(N)=O)[C@@H]7CCC(N)=O)[Co--]346C[C@H]2O[C@H]([C@H](O)[C@@H]2O)N2C=NC3=C2N=CN=C3N)[C@@](C)(CC(N)=O)[C@@H]5CCC(N)=O)C(C)(C)[C@@H]1CCC(N)=O)OP(O)(O)=O
None,[H][C@@]12[C@H](CC(N)=O)[C@@](C)(CCC(=O)NC[C@@H](C)OP(O)(=O)OP(O)(=O)OC[C@H]3O[C@H]([C@H](O)[C@@H]3O)N3C=NC4=C3N=C(N)NC4=O)C3=C(C)C4=[N+]5C(=CC6=[N+]7C(=C(C)C8=[N+]([C@]1(C)[C@@](C)(CC(N)=O)[C@@H]8CCC(N)=O)[Co--]57(C[C@H]1O[C@H]([C@H](O)[C@@H]1O)N1C=NC5=C1N=CN=C5N)N23)[C@@](C)(CC(N)=O)[C@@H]6CCC(N)=O)C(C)(C)[C@@H]4CCC(N)=O
None,OC1=CC=C(C=C1)C1=COC2=CC(O)=CC(O)=C2C1=O
None,CC1(C)SC(NC1C(O)=O)C(NC(=O)CC1=CC=CC=C1)C(O)=O
None,[H][C@@]12C[C@@]3([H])C(=C(O)[C@]1(O)C(=O)C(C(N)=O)=C(O)[C@H]2N(C)C)C(=O)C1=C(O)C=CC=C1[C@@]3(C)O
None,OC\C=C\Cl
None,OC\C=C/Cl
None,Cl\C=C\C=O
None,O[C@@H]1CC[C@@]2(C)[C@@]([H])(CC[C@@]3(C)[C@@]2([H])[C@H](O)C[C@@]2([H])\C([C@@H](OC(=O)C)C[C@]32C)=C(/CCC=C(C)C)C(O)=O)[C@@H]1C
None,[Ag+]
None,CC(C)(COP(O)(=O)OP(O)(=O)OC[C@H]1O[C@H]([C@H](O)[C@@H]1OP(O)(O)=O)N1C=NC2=C1N=CN=C2N)C(O)C(=O)NCCC(=O)NCCSC(=O)CC(O)CCCC(O)=O
None,CC(C)(COP(O)(=O)OP(O)(=O)OC[C@H]1O[C@H]([C@H](O)[C@@H]1OP(O)(O)=O)N1C=NC2=C1N=CN=C2N)C(O)C(=O)NCCC(=O)NCCSC(=O)CC(=O)CCCC(O)=O
None,NCC=O
None,ClC=C(Cl)Cl
None,OC(O)C(Cl)(Cl)Cl
None,NNC(=O)C1=CC=NC=C1
None,OC(=O)CC1=CC=CC=C1
None,C=C1OC(=O)C=C1
None,[H]\C(=C(/[H])C(O)=O)C(C)=O
None,[H][C@@]12CC3=C(C(O)=CC=C3N(C)C)C(=O)C1=C(O)[C@]1(O)C(=O)C(C(N)=O)=C(O)[C@@H](N(C)C)[C@]1([H])C2
None,OCC(Cl)(Cl)Cl
None,CC(=O)N1CCCCCNC(=O)CCC(=O)N2CCCCCNC(=O)CCC(=O)N(CCCCCN)O[Fe](O1)O2
None,NP(=O)(OCCC=O)N(CCCl)CCCl
None,NC1=NC(=S)C2=C(N1)N=CN2
None,FC1=CNC(=O)NC1=O
None,OCC1OC(OCC2OC(OC(C#N)C3=CC=CC=C3)C(O)C(O)C2O)C(O)C(O)C1O
None,CCC(C)(OC1OC(CO)C(O)C(O)C1O)C#N
None,OCC1OC(OC2=CC(O)=C3C(=O)C(=COC3=C2)C2=CC=C(O)C=C2)C(O)C(O)C1O
None,O=S=O
None,NC1=NC2=C(NC(CNC3=CC=C(C=C3)C(=O)NC(CCC(=O)NC(CCC(O)=O)C(O)=O)C(O)=O)CN2)C(=O)N1
None,OC(=O)C1CCCCC1
None,CC(C)=CCC\C(C)=C/C=O
None,CC(C)=CCC\C(C)=C\CO
None,OC1=CC=C(C=C1)C1=COC2=C(C=CC(O)=C2)C1=O
None,OC[C@H]1O[C@@H](OC2=CC3=C(C=C2)C(=O)C(=CO3)C2=CC=C(O)C=C2)[C@H](O)[C@@H](O)[C@@H]1O
None,OC(=O)\C=C/C1=CC=CC=C1
None,BrCCBr
None,CS(C)=O
None,CS(O)(=O)=O
None,CCC1=C2C=C(O)C=CC2=NC2=C1CN1C2=CC2=C(COC(=O)[C@]2(O)CC)C1=O
None,COC1=CC2=C(C3[C@@H](O)[C@@H](OC3O2)SCC(N=C(O)CCC(N)C(O)=O)C(O)=NCC(O)=O)C2=C1C1=C(C(=O)CC1)C(=O)O2
None,N[C@@H]1C=CC(=C[C@H]1OC(=C)C(O)=O)C(O)=O
None,CCC1=C2C=C(O[C@@H]3O[C@@H]([C@@H](O)[C@H](O)[C@H]3O)C(O)=O)C=CC2=NC2=C1CN1C2=CC2=C(COC(=O)[C@]2(O)CC)C1=O
None,[H][C@@](O)(COP(O)(O)=O)[C@@](C)(O)CO
None,[H][C@@](O)(COP(O)(=O)OP(O)(=O)OC[C@@]1([H])O[C@@]([H])(N2C=CC(=N)N=C2O)[C@]([H])(O)[C@]1([H])O)[C@@](C)(O)CO
None,[H][C@@](O)(COP(O)(=O)OP(O)(=O)OC[C@@]1([H])O[C@@]([H])(N2C=CC(=N)N=C2O)[C@]([H])(O)[C@]1([H])O)[C@](C)(CO)OP(O)(O)=O
None,CC(=O)[C@@H](O)[C@H](O)COP(O)(O)=O
None,OC(=O)CCC1=CC(O)=CC=C1
None,OS([O-])=O
None,COC(=O)/C(=C/C(=O)O)CC(=O)O
None,CC1=NC(=NC(=N1)OCC=C)C(Cl)(Cl)Cl
None,NC(CCC(O)=NC(CSC1CCOP(=O)(N1)N(CCCl)CCCl)C(O)=NCC(O)=O)C(O)=O
None,OC[C@H]1O[C@H](C[C@@H]1O)N1C=C(F)C(=O)NC1=O
None,C/C(=C\COP(=O)(O)OP(=O)(O)O)CO
None,O[C@@]12NC(=O)NC1=NC(=O)NC2=O
None,C[C@H]1O[C@H](OP(O)(=O)OP(O)(=O)OC[C@H]2O[C@H](C[C@@H]2O)N2C=C(C)C(=O)NC2=O)[C@H](O)[C@@H](O)C1=O
None,CC(C)C(=C)C\C=C(\C)C(=O)SCCNC(=O)CCNC(=O)[C@@](O)([H])C(C)(C)COP(=O)(O)OP(=O)(O)OC[C@H]1O[C@H](C(O)[C@H]1OP(=O)(O)O)N1C=NC2=C1N=CN=C2N
None,CC(C)C(=C)C\C=C(/C)C(=O)SCCNC(=O)CCNC(=O)[C@@](O)([H])C(C)(C)COP(=O)(O)OP(=O)(O)OC[C@H]1O[C@H]([C@@H](O)C1OP(=O)(O)O)N1C=NC2=C1N=CN=C2N
None,CC(C)C(=C)CC(O)C(C)C(=O)SCCNC(=O)CCNC(=O)[C@H](O)C(C)(C)COP(O)(=O)OP(O)(=O)OC[C@H]1O[C@H]([C@H](O)[C@@H]1OP(O)(O)=O)N1C=NC2=C(N)N=CN=C12
None,C[C@@H](OP(O)(O)=O)[C@H](N)C(O)=O
None,COC1=CC(\C=C\CO)=CC(O)=C1O
None,N[C@H]1[C@H](O)[C@@H](COP(O)(O)=O)OC1(O)CO
None,O[C@H](COP(O)(O)=O)[C@@H](O)C=N
None,NC(=O)NC1=NC(=O)N[C@@]1(O)C(O)=O
None,NCCCCC=O
None,OC(=O)\C=C\C1=CC(O)=CC=C1
None,OC(=O)C=CC1=C(O)C(O)=CC=C1
None,O[C@@H]1[C@@H](O)[C@H](O[C@@H]2[C@@H](O)[C@H](O)[C@H](O[C@H]2OC2=CC(O)=C3C(=O)C=C(OC3=C2)C2=CC(O)=C(O)C=C2)C(O)=O)O[C@@H]([C@H]1O)C(O)=O
None,C[C@H]1O[C@H]([C@H](O)[C@@H]1O)N1C=C(F)C(O)=NC1=O
None,OC(=O)C(Cl)=C1OC(=O)C(Cl)=C1
None,[H]\C(=C(/Cl)C(O)=O)C(=O)C(Cl)C(O)=O
None,OC(=O)C=C1OC(=O)C=C1
None,OCC1=CC=CC2=CC=CC=C12
None,O=CC1=CC=CC2=CC=CC=C12
None,O=CC1=CC2=CC=CC=C2C=C1
None,O[C@H](C(C)(C)COP(=O)(O)OP(O)(=O)OC[C@H]1O[C@H]([C@H](O)[C@@H]1OP(O)(O)=O)N1C=NC2=C1N=CN=C2N)C(=O)NCCC(=O)NCCSC(=O)\C=C\CCC(O)=O
None,CC(C)(COP(O)(=O)OP(O)(=O)OC[C@@H]1O[C@@H]([C@@H](O)[C@H]1OP(O)(O)=O)N1C=NC2=C1N=CN=C2N)C(O)C(=O)NCCC(=O)NCCSC(=O)C[C@H](O)CCC(O)=O
None,OC(=O)CS(O)(=O)=O
None,N[C@@H](CCC(=O)N[C@@H](CSCO)C(=O)NCC(O)=O)C(O)=O
None,CC(C)(O)C(=O)C(=O)O
None,O1C2C=CC3=CC=CC=C3C12
None,[H][C@]12O[C@@]1([H])C1=CC=CC=C1C=C2
None,[H][C@](N)(CCC(O)=N[C@@]([H])(CS[C@]1([H])C=CC2=CC=CC=C2[C@@]1([H])O)C(O)=NCC(O)=O)C(O)=O
None,[H][C@](N)(CCC(O)=N[C@@]([H])(CS[C@@]1([H])C=CC2=CC=CC=C2[C@]1([H])O)C(O)=NCC(O)=O)C(O)=O
None,[H][C@](N)(CCC(O)=N[C@@]([H])(CS[C@]1([H])C2=CC=CC=C2C=C[C@@]1([H])O)C(O)=NCC(O)=O)C(O)=O
None,O=N(=O)C1=CC=CC2=C1C=CC1OC21
None,O=N(=O)C1=CC=CC2=C1C1OC1C=C2
None,[H][C@](N)(CCC(O)=N[C@@]([H])(CSC1([H])C2=C(C=CC=C2N(=O)=O)C=CC1([H])O)C(O)=NCC(O)=O)C(O)=O
None,[H][C@](N)(CCC(O)=N[C@@]([H])(CSC1([H])C=CC2=C(C(=CC=C2)N(=O)=O)C1([H])O)C(O)=NCC(O)=O)C(O)=O
None,[H][C@](N)(CCC(O)=N[C@@]([H])(CSC1([H])C=CC2=C(C=CC=C2N(=O)=O)C1([H])O)C(O)=NCC(O)=O)C(O)=O
None,[H][C@](N)(CCC(O)=N[C@@]([H])(CSC1([H])C2=C(C=CC1([H])O)C(=CC=C2)N(=O)=O)C(O)=NCC(O)=O)C(O)=O
None,[Fe++]
None,[Fe+3]
None,BrC1=CC2OC2C=C1
None,BrC1=CC=CC2OC12
None,[H][C@](N)(CCC(O)=N[C@@]([H])(CSC1([H])C=CC(Br)=CC1([H])O)C(O)=NCC(O)=O)C(O)=O
None,[H][C@](N)(CCC(O)=N[C@@]([H])(CSC1([H])C(Br)=CC=CC1([H])O)C(O)=NCC(O)=O)C(O)=O
None,O1C2C1C1=CC3=CC=CC=C3C3=C1C1=C(C=CC=C21)C=C3
None,OC1C=CC2=C3C=CC4=CC=CC5=C4C3=C(C=C5)C=C2C1O
None,[H][C@](N)(CCC(O)=N[C@@]([H])(CSC1([H])C2=CC3=CC=CC=C3C3=C2C2=C(C=CC=C2C1([H])O)C=C3)C(O)=NCC(O)=O)C(O)=O
None,[H][C@](N)(CCC(O)=N[C@@]([H])(CSC1([H])C=CC2=C3C=CC4=CC=CC5=C4C3=C(C=C5)C=C2C1([H])O)C(O)=NCC(O)=O)C(O)=O
None,ClC1(Cl)CO1
None,ClC(Cl)C=O
None,ClCC(Cl)=O
None,[H][C@](N)(CCC(O)=N[C@@]([H])(CSC([H])(O)C(Cl)Cl)C(O)=NCC(O)=O)C(O)=O
None,[H][C@](N)(CCC(O)=N[C@@]([H])(CSCC(=O)SC[C@]([H])(N=C(O)CC[C@]([H])(N)C(O)=O)C(O)=NCC(O)=O)C(O)=NCC(O)=O)C(O)=O
None,[H][C@](N)(CCC(O)=N[C@@]([H])(CSC(=O)CCl)C(O)=NCC(O)=O)C(O)=O
None,[H][C@](N)(CCC(O)=N[C@@]([H])(CSCC(Cl)=O)C(O)=NCC(O)=O)C(O)=O
None,[H]\C(Cl)=C(/Cl)SC[C@]([H])(N=C(O)CC[C@]([H])(N)C(O)=O)C(O)=NCC(O)=O
None,BrCC=O
None,[H][C@](N)(CCC(O)=N[C@@]([H])(CSCC=O)C(O)=NCC(O)=O)C(O)=O
None,[H][C@](N)(CCC(O)=N[C@@]([H])(C[S+]1CC1)C(O)=NCC(O)=O)C(O)=O
None,CC(=O)N[C@@H](CCCNC(N)=O)C(O)=O
None,[H][C@](O)(C(O)=NCCC(O)=NCCSC(=O)C1=C(O)C2=CC=CC=C2C(O)=C1)C(C)(C)COP(O)(=O)OP(O)(=O)OC[C@@]1([H])O[C@@]([H])(N2C=NC3=C(N)N=CN=C23)[C@]([H])(O)[C@]1([H])OP(O)(O)=O
None,CC(=O)C(O)COP(O)(O)=O
None,CC(=O)OC1=CC=CC=C1
None,N1C=NC2=C1C=NC=N2
None,CC(C)=CCC\C(C)=C\CC\C(C)=C\CCC(O)C1=C(C)/C2=C/C3=N/C(=C\C4=C(CCC(O)=O)C(C)=C5/C=C6\N=C(\C=C\1/N\2[Fe]N45)C(C)=C6C=C)/C(CCC(O)=O)=C3C
None,NCCCCNC(=O)CC[C@H](N)C(O)=O
None,N[C@@H](CCC(=O)NCCCC(O)=O)C(O)=O
None,C1COC2=C1C=C(C=C2)C(=O)NCC3=CC=NN3
None,CC(C)=CCC/C(C)=C/CC/C(C)=C/CC/C(C)=C/CC/C(C)=C/CC/C(C)=C/CC/C(C)=C/CC/C(C)=C/CC/C(C)=C/CC/C(C)=C/CC/C(C)=C/COP(=O)(O)O1OC(N)(O)1O
None,CCCCCCCCCCCCCCCC(=O)CC(=O)SCCNC(=O)CCNC(=O)C(O)C(C)(C)COP(O)(=O)OP(O)(=O)OCC1OC(C(O)C1OP(O)(O)=O)N1C=NC2=C1N=CN=C2N
None,CCCCCCCCCCCCCCC\C=C\C(=O)SCCNC(=O)CCNC(=O)[C@@](O)([H])C(C)(C)COP(=O)(O)OP(=O)(O)OC[C@H]1O[C@H](C(O)[C@H]1OP(=O)(O)O)N1C=NC2=C1N=CN=C2N
None,NC1=NC=NC2=C1N=CN2[C@@H]1O[C@H](COP(O)(=O)OC(=O)CCCCC2CCSS2)[C@@H](O)[C@H]1O
None,OC(=O)CCCC[C@@H]1CCSS1
None,CC(=O)SCCC(S)CCCCC(N)=O
None,CC\C=C/C[C@H]1[C@@H](CCCCCC(=O)CC(=O)SCCN=C(O)CCN=C(O)[C@H](O)C(C)(C)COP(O)(=O)OP(O)(=O)OC[C@H]2O[C@H]([C@H](O)[C@@H]2OP(O)(O)=O)N2C=NC3=C(N)N=CN=C23)CCC1=O
None,CC\C=C/C[C@@H]1C(=O)CCC1CCCCCC(=O)SCCNC(=O)CCNC(=O)[C@@](O)([H])C(C)(C)COP(=O)(O)OP(=O)(O)OC[C@H]1O[C@H](C(O)[C@H]1OP(=O)(O)O)N1C=NC2=C1N=CN=C2N
None,CC\C=C/C[C@H]1[C@@H](CCCC(=O)CC(=O)SCCN=C(O)CCN=C(O)[C@H](O)C(C)(C)COP(O)(=O)OP(O)(=O)OC[C@H]2O[C@H]([C@H](O)[C@@H]2OP(O)(O)=O)N2C=NC3=C(N)N=CN=C23)CCC1=O
None,CC\C=C/C[C@@H]1C(=O)CCC1CCCC(=O)SCCNC(=O)CCNC(=O)[C@@](O)([H])C(C)(C)COP(=O)(O)OP(=O)(O)OC[C@H]1O[C@H](C(O)[C@H]1OP(=O)(O)O)N1C=NC2=C1N=CN=C2N
None,CC\C=C/C[C@H]1[C@@H](CC(=O)CC(=O)SCCN=C(O)CCN=C(O)[C@H](O)C(C)(C)COP(O)(=O)OP(O)(=O)OC[C@H]2O[C@H]([C@H](O)[C@@H]2OP(O)(O)=O)N2C=NC3=C(N)N=CN=C23)CCC1=O
None,CC\C=C/C[C@H]1[C@@H](CC(=O)SCCN=C(O)CCN=C(O)[C@H](O)C(C)(C)COP(O)(=O)OP(O)(=O)OC[C@H]2O[C@H]([C@H](O)[C@@H]2OP(O)(O)=O)N2C=NC3=C(N)N=CN=C23)CCC1=O
None,Cl\C=C/C=O
None,CC1=C(C=C(C=C1[N+]([O-])=O)[N+]([O-])=O)[N+]([O-])=O
None,CC1=C(C=C(NO)C=C1[N+]([O-])=O)[N+]([O-])=O
None,CC1=C(C=C(C=C1NO)[N+]([O-])=O)[N+]([O-])=O
None,CC1=C(N)C=C(N)C=C1N(=O)=O
None,N[C@@H](CCCCNC[C@@]1(O)O[C@H](CO)[C@@H](O)[C@@H]1O)C(O)=O
None,OC(=O)C1CCCN1
None,CC(C)C(N)C(O)=O
None,NC(CC(O)=N)C(O)=O
None,CC(C)=CCCC(=O)CC(=O)SCCN=C(O)CCN=C(O)[C@H](O)C(C)(C)COP(O)(=O)OP(O)(=O)OC[C@H]1O[C@H]([C@H](O)[C@@H]1OP(O)(O)=O)N1C=NC2=C(N)N=CN=C12
None,CC(C)=CC(O)CC(=O)SCCN=C(O)CCN=C(O)[C@H](O)C(C)(C)COP(O)(=O)OP(O)(=O)OC[C@H]1O[C@H]([C@H](O)[C@@H]1OP(O)(O)=O)N1C=NC2=C(N)N=CN=C12
None,CC(C)=CC(=O)CC(=O)SCCN=C(O)CCN=C(O)[C@H](O)C(C)(C)COP(O)(=O)OP(O)(=O)OC[C@H]1O[C@H]([C@H](O)[C@@H]1OP(O)(O)=O)N1C=NC2=C(N)N=CN=C12
None,NC(CCCCNCC1(O)OC(CO)C(O)C1O)C(O)=O
None,OC1C(CC=C(C1C([O-])=O)C(=O)CCC([O-])=O)OC(=C)C([O-])=O
None,NP(=O)(OCCCO)N(CCCl)CCCl
None,NCCCCCNCCCN
None,OCC(COC(O)=N)C1=CC=CC=C1
None,OC(=N)OCC(C=O)C1=CC=CC=C1
None,OC1N=C(O)OCC1C1=CC=CC=C1
None,OC1=NC(=O)OCC1C1=CC=CC=C1
None,CSC1=NC=NC2=C1N=CN2
None,CSC1=NC=NC2=C1N=CN2[C@@H]1O[C@H](COP(O)(O)=O)[C@@H](O)[C@H]1O
None,O[C@@H]1[C@@H](COP(O)(=O)OP(O)(=O)OP(O)(O)=O)O[C@H]([C@@H]1O)N1C=NC2=C1N=CN=C2S
None,O[C@@H]1[C@@H](COP(O)(O)=O)O[C@H]([C@@H]1O)N1C=NC2=C1N=C(O)N=C2S
None,NC1=NC(=S)C2=C(N1)N(C=N2)[C@@H]1O[C@H](COP(O)(O)=O)[C@@H](O)[C@H]1O
None,OC1=NCC(F)C(O)=N1
None,OC(=N)NCC(F)C(O)=O
None,OC[C@H]1O[C@H]([C@H](O)[C@@H]1O)N1C=C(F)C(=O)NC1=O
None,O[C@H]1[C@@H](O)[C@@H](O[C@@H]1COP(O)(O)=O)N1C=C(F)C(O)=NC1=O
None,C[C@H]1O[C@H]([C@H](O)[C@@H]1O)N1C=C(F)C(=N)N=C1O
None,C[C@H]1O[C@H](OP(O)(O)=O)[C@H](O)[C@@H]1O
None,NCC1=CNC2=C1C(=O)NC(N)=N2
None,OCC1OC(CO)(OC2OC(COP(O)(O)=O)C(O)C(O)C2O)C(O)C1O
None,OC[C@@H](O[C@H]1O[C@H](COP(O)(O)=O)[C@@H](O)[C@H](O)[C@@H]1O)C(O)=O
None,CSCCCC(=O)C([O-])=O
None,CSCCC[C@H](N)C(O)=O
None,CSCCCC(C(O)C([O-])=O)C([O-])=O
None,CSCCCCC(=O)C([O-])=O
None,CSCCCCC(O)(CC([O-])=O)C([O-])=O
None,CSCCCCC(C(O)C([O-])=O)C([O-])=O
None,CSCCCCCC(O)(CC([O-])=O)C([O-])=O
None,CSCCCCCC(C(O)C([O-])=O)C([O-])=O
None,CSCCCCCCC(O)(CC([O-])=O)C([O-])=O
None,CSCCCCCCC(C(O)C([O-])=O)C([O-])=O
None,CSCCCCCCCC(O)(CC([O-])=O)C([O-])=O
None,CSCCCCCCCC(C(O)C([O-])=O)C([O-])=O
None,COC1=CC=CC(C\C=C(/C)CCC=C(C)C)=C1O
None,CC(C)=CCC/C(C)=C/CC/C(C)=C/CC/C(C)=C\CC/C(C)=C\CC/C(C)=C\CC/C(C)=C\CC/C(C)=C\CC/C(C)=C\CC/C(C)=C\CC/C(C)=C\COP(=O)(O)O
None,COC1=C(OC)C(=O)C(C\C=C(/C)CC\C=C(/C)CC\C=C(/C)CC\C=C(/C)CC\C=C(/C)CC\C=C(/C)CC\C=C(/C)CCC=C(C)C)=C(C)C1=O
None,[H]C(O)=C([H])C(\C[C@]([H])(N)C(O)=O)=C(\[H])C(=O)C(O)=O
None,CC(O)=N[C@@H]1[C@@H](O)[C@@H](O)[C@@H](CO)O[C@@H]1OP(O)(O)=O
None,[H][C@@]12COP(O)(=O)O[C@]1([H])C(O)(O)[C@]1([H])NC3=C(NC(=N)N=C3O)N[C@]1([H])O2
None,OC(=O)C(\Cl)=C1/OC(=O)C(Cl)=C1Cl
None,OC(=O)C(Cl)C(=O)C(\Cl)=C(\Cl)C(O)=O
None,C\C(C(O)=O)=C1/OC(=O)C(Cl)=C1
None,CC(C(O)=O)C(=O)\C=C(\Cl)C(O)=O
None,CC1=C(Cl)\C(OC1=O)=C\C(O)=O
None,C\C(C(O)=O)=C(/Cl)C(=O)CC(O)=O
None,CC[C@@](C)(O)C#N
None,N[C@@H](CCC(=O)N[C@@H](CS[Se]SC[C@H](NC(=O)CC[C@H](N)C(O)=O)C(=O)NCC(O)=O)C(=O)NCC(O)=O)C(O)=O
None,C[Se](O)=O
None,[H][C@]12O[C@@H]3O[C@@H]3[C@@]1([H])C1=C(O2)C=C(OC)C2=C1OC(=O)C1=C2CCC1=O
None,[Ni++]
None,C[C@@H](O[C@H]1[C@H](O)[C@H]2CO[C@H](O2)[C@@H]1N=C(C)[O-])C(O)=O
None,[H][C@]12NC3=C(N[C@@]1([H])C(S)=C(S)[C@@H](COP(O)(=O)OP(O)(=O)OC[C@H]1O[C@H]([C@H](O)[C@@H]1O)N1C=NC4=C1N=CN=C4N)O2)C(=O)NC(N)=N3
None,[H]\C(CC\C(C)=C(/[H])CC\C(C)=C(/[H])CC\C(C)=C(/[H])CC\C(C)=C(/[H])CC1=CC(O)=CC(OC)=C1O)=C(\C)CCC=C(C)C
None,[H]\C(CC\C(C)=C(/[H])CC\C(C)=C(/[H])CC\C(C)=C(/[H])CC\C(C)=C(/[H])CC1=C(C)C(O)=CC(OC)=C1O)=C(\C)CCC=C(C)C
None,O[C@H]1[C@@H](O)[C@H](O)[C@H](O)[C@@H](O)[C@@H]1O
None,[H][C@]1(O[C@](O)(C[C@H](O)[C@H]1NC(C)=O)C(O)=O)[C@H](O)[C@H](O)CO
None,[H][C@]1(O[C@@](O)(C[C@H](O)[C@H]1NC(C)=O)C(O)=O)[C@H](O)[C@H](O)CO
None,[H]\C(CC(O)=O)=C(/[H])CC(=O)CC(=O)SCCN=C(O)CCN=C(O)[C@]([H])(O)C(C)(C)COP(O)(=O)OP(O)(=O)OC[C@@]1([H])O[C@@]([H])(N2C=NC3=C(N)N=CN=C23)[C@]([H])(O)[C@]1([H])OP(O)(O)=O
None,NC1=NC2=C(NC(CN2)C(O)=O)C(=O)N1
None,CC1=C(CCOP([O-])([O-])=O)SC(=N1)C([O-])=O
None,[H][C@@]1(O)CC(=N[C@@]([H])(C1)C([O-])=O)C([O-])=O
None,OC(=O)CCCCC1C2NC(=O)NC2CS1=O
None,CP(O)(O)=O
None,C[C@@H]1O[C@H](O)[C@@H](O)[C@H](O)[C@@H]1O
None,[H][C@](O)(CO)[C@@]([H])(O)C1=NC2=C(NC1)NC(=N)N=C2O
None,CC[C@H](NC(=O)CC[C@H](N)C(O)=O)C(=O)NCC(O)=O
None,[H][C@@](O)(COC(=O)CCCCCCCCCCCCCCCCC)COP(O)(=O)OCCN
