Name,ionMz
Propanal,57.0346;57.0342
Acetatic acid,59.0135
Glycolaldehyde,59.0135
Pyruvaldehyde,71.0137;71.0141
Iminoacetate,72.0093
Glyoxylic acid,72.9932
(S)-Lactaldehyde,73.0293;73.0297
Lactaldehyde,73.0293;73.0297
C3:0 (Propionic acid),73.0293;73.0297
Glycine,74.025;74.0247
Glycolate,75.0087;75.0089
Diacetyl,85.0295;85.0297
Malonic semialdehyde,87.0088
Pyruvate,87.0088
Acetoin,87.0451;87.0452
C4:0 (Butyric acid),87.0451;87.0452
Alanine,88.0406;88.0403
Sarcosine,88.0406;88.0403
beta-Alanine,88.0406;88.0403
3-Hydroxypropanoate,89.0244;89.0247
Dihydroxyacetone,89.0244;89.0247
Glyceraldehyde,89.0244;89.0247
Lactate,89.0244;89.0247
Glycerol,91.0402
Phenol,93.0338;93.0347
2-Aminobut-2-enoate,100.0407
Oxobutanoic acid,101.0242;101.0245
2-Ketobutyric acid,101.0242;101.0245
2-Methyl-3-oxopropanoate,101.0242;101.0245
Acetoacetic acid,101.0242;101.0245
Succinic acid semialdehyde,101.0242;101.0245
Pentanoic acid,101.0607;101.061
2-Aminomalonate semialdehyde,102.0199
Peroxyaminoacrylate,102.0199
Aminobutanoic acid (ABA),102.056;102.0562
2-Aminoisobutyric acid,102.056;102.0562
"N,N-Dimethylglycine",102.056;102.0562
gamma-Aminobutyric acid,102.056;102.0562
Hydroxybutanoic acid,103.0402;103.04
3-Hydroxyisobutyric acid,103.0402;103.04
4-Hydroxybutanoic acid,103.0402;103.04
gamma-Hydroxybutyrate,103.0402;103.04
Serine,104.0355;104.0352
D-Glyceric acid,105.0196;105.0193
Benzyl alcohol,107.0503;107.05
p-Cresol,107.0503;107.05
Catechol,109.0295
Cytosine,110.0358
Monomethyl sulfate,110.9758;110.9762
Uracil,111.02;111.0203
"2-Hydroxy-2,4-pentadienoic acid",113.0245;113.0244
cis-Acetylacrylate,113.0245;113.0244
3-Cyano-alanine,113.0358;113.0357
Dihydrouracil,113.0358;113.0357
Proline,114.056
Fumarate,115.0037;115.0038
Ketovaline,115.0402
alpha-Ketoisovaleric acid,115.0402
Hexanoate (N-C6:0),115.0764;115.0767
(Z)-2-Methyl-peroxyaminoacrylate,116.0354;116.0356
2-Amino-3-oxobutanoic acid,116.0354;116.0356
Aspartate semialdehyde,116.0354;116.0356
Betaine,116.0717;116.0718
Valine,116.0717;116.0718
Succinate,117.0194
"L-2,4-Diaminobutanoic acid",117.0676
Allothreonine,118.0508;118.0513
Homoserine,118.0508;118.0513
Threonine,118.0508;118.0513
Mercaptopyruvic acid,118.9804;118.9807
Phenylacetaldehyde,119.0503
Cys,120.0127
Nicotinamide,121.0409
Taurine,124.0075;124.0076
Thymine,125.0354
5-Amino-4-imidazolecarboxyamide,125.0439;125.0466
"2-Hydroxy-cis-hex-2,4-dienoate",127.0401;127.0403
Dihydrothymine,127.0523
Pyrrolidonecarboxylic acid,128.0353;128.0354
Pyrroline hydroxycarboxylic acid,128.0353;128.0354
Pipecolate,128.0719;128.0711
Citraconic acid,129.0194;129.0193
Itaconate,129.0194;129.0193
2-Keto-3-methyl-valerate,129.056;129.0556
4-Methyl-2-oxopentanoate,129.056;129.0556
Ketoleucine,129.056;129.0556
N-Acetylputrescine,129.1035
(S)-4-Amino-5-oxopentanoate,130.0511;130.0509
5-Aminolevulinic acid,130.0511;130.0509
Glutamic-gamma-semialdehyde,130.0511;130.0509
Hydroxyproline,130.0511;130.0509
Isoleucine,130.0876;130.0874
(Iso)Leucine,130.0876;130.0874
"(4S)-4,5-Dihydroxypentan-2,3-dione",131.035
(S)-2-Acetolactate,131.035
2-Acetolactate,131.035
3-Hydroxy-3-methyl-2-oxobutanoic acid,131.035
4-Hydroxy-2-oxopentanoate,131.035
Glutarate,131.035
Asparagine,131.0466;131.0462
Ureidopropionic acid,131.0466;131.0462
Ornithine,131.0828
Aspartate,132.0302;132.0305
Malate,133.0144;133.0142
Malic acid,133.0144;133.0142
"(R)-2,3-Dihydroxy-isovalerate",133.0508;133.0505
1-Deoxy-xylulose,133.0508;133.0505
"2,3-Dihydroxyisovaleric acid",133.0508;133.0505
Deoxyribose,133.0508;133.0505
Hypoxanthine,135.0302;135.031
Phenyl acetate,135.0453;135.0456
Benzeneacetic acid,135.0453;135.0456
2-Aminobenzoic acid,136.0404
p-Aminobenzoic acid,136.0404
Acetyl-P,138.9798;138.9789
Phosphonoacetate,138.9798;138.9789
Carbamoyl phosphate,139.976
Crotonobetaine,142.0873
Stachydrine,142.0873
Octanoic acid,143.1077;143.108
Oxoglutarate,145.0145;145.0141
alpha-Ketoglutarate,145.0145;145.0141
(R)-3-Hydroxy-3-methyl-2-oxopentanoate,145.0508;145.0506
2-Aceto-2-hydroxybutanoate,145.0508;145.0506
2-Dehydropantoate,145.0508;145.0506
3-Hydroxy-5-oxohexanoate,145.0508;145.0506
4-Hydroxy-2-oxohexanoic acid,145.0508;145.0506
Glutamine,145.0621;145.0623
Ureidoisobutyric acid,145.0621;145.0623
Lysine,145.0986;145.0982
gamma-Butyrobetaine,145.1098;145.1106
Glutamate,146.046;146.0459
Glutamic acid,146.046;146.0459
O-Acetylserine,146.046;146.0459
Hydroxyglutarate,147.0299;147.0298
Erythro-3-Methylmalate,147.0299;147.0298
"(R) 2,3-Dihydroxy-3-methylvalerate",147.0664;147.0662
(R)-Pantoate,147.0664;147.0662
Methionine,148.044
Tartaric acid,149.0096;149.0092
Pentose,149.0455;149.0456
Lyxose,149.0455;149.0456
Ribose,149.0455;149.0456
Ribulose,149.0455;149.0456
Threo-2-pentulose,149.0455;149.0456
Xylose,149.0455;149.0456
Xylulose,149.0455;149.0456
beta-Ribopyranose,149.0455;149.0456
beta-ribofuranose,149.0455;149.0456
Guanine,150.0422;150.0425
Xanthine,151.0259;151.0264
Xylitol,151.06;151.0609
Ribitol,151.06;151.0609
3-Sulfino-L-alanine,152.0021
3-Hydroxyanthranilate,152.0356;152.0353
Dopamine,152.0716
2-Pyrocatechuic acid,153.0193;153.0192
Histidine,154.0623;154.062
2-Phosphoglycolate,154.9751
Orotate,155.0099
Dihydroorotate,157.0256;157.0255
Isopropylmaleate,157.0504
(2-Naphthyl)methanol,157.0646
1-Hydroxymethylnaphthalene,157.0646
Oxoadipate,159.0297;159.03
Alanyl-alanine,159.0775;159.0773
Aminoadipate,160.0616
2-Dehydro-3-deoxy-rhamnonate,161.0455;161.0453
2-Ethylmalate,161.0455;161.0453
3-Hydroxycinnamic acid,163.0398;163.0397;163.0351
Phenylpyruvic acid,163.0398;163.0397;163.0351
2-Deoxyglucose,163.0614;163.0611
Fucose,163.0614;163.0611
Fuculose,163.0614;163.0611
Rhamnose,163.0614;163.0611
Rhamnulose,163.0614;163.0611
alpha-Fucopyranose,163.0614;163.0611
alpha-Fucose,163.0614;163.0611
alpha-Rhamnose,163.0614;163.0611
beta-Fucopyranose,163.0614;163.0611
beta-Rhamnose,163.0614;163.0611
Methionine (R)-S-oxide,164.038
Met-oxide,164.038
methionine (S)-S-oxide,164.038
Phenylalanine,164.0716;164.0717
3-(2-Hydroxyphenyl)propanoate,165.0551;165.0556
3-(3-Hydroxyphenyl)propionate,165.0551;165.0556
Phenyllactic acid,165.0551;165.0556
Pyridoxal,166.0508;166.0507
Phosphoenolpyruvate,166.9759;166.9752
Urate,167.0207;167.021
Pyridoxamine,167.0828;167.0827
Pyridoxine,168.0667;168.0664
"3,4-Dihydroxyphenylethyleneglycol",169.0503
"2,3,4,5-Tetrahydrodipicolinate",170.0455;170.0454
Homoserine lactone,170.0825
Glycerol 2-phosphate,171.0092;171.0064;171.0065
sn-Glycerol 3-phosphate,171.0092;171.0064;171.0065
Sn-Glycerol-1-phosphate,171.0092;171.0064;171.0065
glycerol-3-phosphate,171.0092;171.0064;171.0065
Acetyl-Glu-semialdehyde,172.0616;172.0615
Aconitate,173.0092;173.0089
trans-Aconitic acid,173.0092;173.0089
2-Isopropyl-3-oxosuccinate,173.0455;173.0453
Shikimate,173.0455;173.0453
Acetylornithine,173.0932
Arginine,173.1041
Acetyl-Asp,174.0407;174.0409
Citrulline,174.088
"(4S)-4,6-Dihydroxy-2,5-dioxohexanoate",175.022;175.0245
5-Dehydro-4-deoxy-glucuronate,175.022;175.0245
Hexuronic acid,175.022;175.0245
Ureidosuccinic acid,175.0361;175.0364
2-Isopropylmalic acid,175.0611;175.061
3-Carboxy-3-hydroxy-isocaproate,175.0611;175.061
3-Propylmalate,175.0611;175.061
2-Dehydro-3-deoxy-galactonate,177.0405;177.0402
2-Keto-3-deoxy-gluconic acid,177.0405;177.0402
3-Dehydro-2-deoxy-gluconate,177.0405;177.0402
Galactonolactone,177.0405;177.0402
Glucono-lactone,177.0405;177.0402
S-Carboxymethyl-Cys,178.0175;178.017
N-Acetylanthranilate,178.0509;178.051
3-(4-Hydroxyphenyl)pyruvate,179.036;179.0348
"Trans-2,3-Dihydroxycinnamate",179.036;179.0348
2-Deoxygluconate,179.0561
Allose,179.0561
Alpha-Galactose,179.0561
Fructose,179.0561
Galactose,179.0561
Glucose,179.0561
Inositol,179.0561
Mannose,179.0561
Myoinositol,179.0561
Rhamnonate,179.0561
Sorbose,179.0561
alpha-Glucose,179.0561
b-Glucose,179.0561
beta-Galactose,179.0561
Tyrosine,180.0663;180.0664
"3-(2,3-Dihydroxyphenyl)propanoate",181.051;181.0505
3-(4-Hydroxyphenyl)lactate,181.051;181.0505
"cis-3-(3-Carboxyethenyl)-3,5-cyclohexadiene-1,2-diol",181.051;181.0505
1-Deoxy-glycero-tetrulose 4-phosphate,183.0061
"3,4-Dihydroxy-2-butanone-4-P",183.0061
"L-3,4-Dihydroxybutan-2-one 4-P",183.0061
O-Phospho-serine,184.0017
Phosphoserine,184.0017
2-Phospho-glyceric acid,184.9853;184.9856
3-Phospho-glycerate,184.9853;184.9856
Phosphoglycerate,184.9853;184.9856
"7,8-Diaminononanoate",187.1459
Acetyl-Glu,188.0565;188.0566
Oxalosuccinate,189.0022
3-Dehydroquinate,189.0404;189.0405
Diaminopimelate,189.088
"Meso-2,6-Diaminoheptanedioate",189.088
Acetyl-Met,190.0558;190.055
"2,3-Diketo-gulonate",191.0197;191.0196
"2,5-Diketo-gluconate",191.0197;191.0196
2-Dehydro-3-deoxy-glucarate,191.0197;191.0196
5-Dehydro-4-deoxy-glucarate,191.0197;191.0196
Citric acid,191.0197;191.0196
(Iso)Citrate,191.0197;191.0196
Quinate,191.0561
3-Carbamoyl-2-phenylpropionaldehyde,192.0666;192.0663
"4-Hydroxy-5-phenyltetrahydro-1,3-oxazin-2-one",192.0666;192.0663
2-Dehydro-gluconate,193.0352;193.0349
3-Dehydro-gulonate,193.0352;193.0349
5-Keto-gluconate,193.0352;193.0349
Hexuronate,193.0352;193.0349
Galacturonate,193.0352;193.0349
Glucuronic acid,193.0352;193.0349
Tagaturonate,193.0352;193.0349
Methyl-beta-galactoside,193.0719
"2-Amino-4-hydroxy-6-hydroxymethyl-7,8-dihydropteridine",194.0682;194.0686
6-Hydroxymethyl dihydropterin,194.0682;194.0686
Altronate,195.0508;195.0509
Galactonate,195.0508;195.0509
Hexonic acid,195.0508;195.0509
Gluconic acid,195.0508;195.0509
Gulonate,195.0508;195.0509
Idonate,195.0508;195.0509
Mannonate,195.0508;195.0509
gamma-Glutamyl-beta-aminopropiononitrile,198.088
D-Erythrose 4-phosphate,199.0019;199.0014
Dodecanoic acid (FA12:0),199.1701;199.1703
"1,4-Dihydroxy-2-naphthoate",203.0348
Tryptophan,203.0824;203.0826
Lipoamide,204.0498;204.0508
"(R)-2-Hydroxybutane-1,2,4-tricarboxylate",205.0351;205.0353
Lipoate,205.0351;205.0353
Methylcitric acid,205.0351;205.0353
Methylisocitric acid,205.0351;205.0353
lipoate,205.0351;205.0353
2-Amino-3-oxo-4-phosphonooxybutyrate,211.9967;211.9968
Aspartyl-4-phosphate,211.9967;211.9968
2-Oxo-3-hydroxy-4-phosphobutanoate,212.9807;212.9812
1-Deoxy-xylulose 5-phosphate,213.014;213.0161
2-Deoxy-D-ribose 1-phosphate,213.014;213.0161
Deoxyribose 5-phosphate,213.014;213.0161
O-Phospho-4-hydroxy-L-threonine,214.0117
sn-Glycero-3-phosphoethanolamine,214.0488;214.0491
2-C-Methyl-D-erythritol 4-phosphate,215.0331;215.0326
gamma-Glutamyl-putrescine,216.1344;216.1351
4-Amino-2-methyl-5-phosphomethylpyrimidine,218.0335;218.0332
4-amino-5-phosphonooxymethyl-2-methylpyrimidine,218.0335;218.0332
Pantothenate,218.1034
L-Histidinol phosphate,220.0487
N-Acetyl-b-galactosamine,220.0828;220.0825
N-Acetyl-D-glucosamine,220.0828;220.0825
N-Acetylglucosamine,220.0828;220.0825
N-Acetylmannosamine,220.0828;220.0825
6-Acetyl-D-glucose,221.0664;221.0668
Chorismate,225.0403;225.0399
Isochorismate,225.0403;225.0399
Prephenate,225.0403;225.0399
L-Glutamyl 5-phosphate,226.0125;226.0135
Myristic acid,227.2016
5-Phosphoribosylamine,228.0266
Arabinose 5-phosphate,229.0122;229.0119
Ribose-1-phosphate,229.0122;229.0119
Ribose-5-phosphate,229.0122;229.0119
Ribulose 5-phosphate,229.0122;229.0119
Xylulose 5-phosphate,229.0122;229.0119
N2-Succinyl-glutamic acid 5-semialdehyde,230.0676
Sepiapterin,236.0782
3-Deoxy-D-manno-octulosonate,237.0614;237.0611
"N-(2,3-Dihydroxybenzoyl)-L-serine",240.0514;240.0515
Thymidine,241.0834;241.0844
Cytidine,242.079;242.0804
gamma-Glutamyl-beta-cyanoalanine,242.079;242.0804
Pseudouridine,243.0632;243.0625
Uridine,243.0632;243.0625
Shikimate 3-phosphate,253.0119
5-L-Glutamyl-taurine,253.0499
L-Ascorbate 6-phosphate,254.9905
"D-Glucono-1,5-lactone 6-phosphate",257.0063;257.0072
2-Dehydro-3-deoxy-galactonate-6-phosphate,257.0063;257.0072
2-Keto-3-deoxy-6-phosphogluconic acid,257.0063;257.0072
6-Phosphonoglucono-lactone,257.0063;257.0072
sn-Glycero-3-phosphocholine,257.1027;257.1028
Allose 6-phosphate,259.0227;259.0226
Alpha-glucose 6-phosphate,259.0227;259.0226
Fructose 1-phosphate,259.0227;259.0226
Fructose 6-phosphate,259.0227;259.0226
Galactose 1-phosphate,259.0227;259.0226
Glucose 1-phosphate,259.0227;259.0226
Glucose 6-phosphate,259.0227;259.0226
Mannose 1-phosphate,259.0227;259.0226
Mannose 6-phosphate,259.0227;259.0226
Myo-inositol (1)-monophosphate,259.0227;259.0226
Myo-inositol 1-phosphate,259.0227;259.0226
Myo-inositol 4-phosphate,259.0227;259.0226
Tagatose 6-phosphate,259.0227;259.0226
Tagatose-6-phosphate,259.0227;259.0226
beta-Fructose 2-phosphate,259.0227;259.0226
beta-Fructose 6-phosphate,259.0227;259.0226
beta-Glucose 1-phosphate,259.0227;259.0226
beta-Glucose 6-phosphate,259.0227;259.0226
D-Mannitol 1-phosphate,261.0385;261.0382
Mannitol 1-phosphate,261.0385;261.0382
Sorbitol 6-phosphate,261.0385;261.0382
Sorbitol-6-phosphate,261.0385;261.0382
"2,3-Diphosphoglyceric acid",264.9518
3-Phospho-D-glyceroyl phosphate,264.9518
S-Ribosyl-L-homocysteine,266.0704;266.0703
2(alpha-D-Mannosyl)-D-glycerate,267.0724;267.072
omega-Cyclohexylundecanoic acid,267.2328;267.2327
3-Dehydro-gulonate 6-phosphate,273.0016;273.0021
Glucuronate 1-phosphate,273.0016;273.0021
"1,6-Anhydro-N-acetyl-beta-muramate",274.0932;274.0933
6-Phosphogluconate,275.0184;275.0168
5-Amino-6-ribitylamino uracil,275.0991;275.1015
5-Amino-6-(1-D-ribitylamino)uracil,275.0991;275.1015
Guanosine,282.0845;282.0839
N-Succinyl-2-L-amino-6-oxoheptanedioate,288.0726;288.0725
Glycero-manno-heptose 1-phosphate,289.0331;289.0333
Glycero-manno-heptose 7-phosphate,289.0331;289.0333
Sedoheptulose P,289.0331;289.0333
glycero-beta-manno-heptose 7-phosphate,289.0331;289.0333
"N-Succinyl-LL-2,6-diaminoheptanedioate",289.1043;289.1044
"alpha-D-Ribose 1,2-cyclic phosphate 5-phosphate",290.9669;290.9677
"3',5'-Cyclic CMP",304.0351
"2',3'-Cyclic UMP",305.0193;305.0207
"2-(3,4-dihydroxybenzoyloxy)-4,6-dihydroxybenzoate",305.0297
dCMP,306.0491;306.0481
Glutathione,306.0762;306.0765
N-Acetyl-alpha-neuraminate,308.0986
N-Acetylneuraminate,308.0986
N-acetylneuraminate,308.0986
alpha-N-acetylneuraminate,308.0986
D-Ribose 5-diphosphate,308.9787
"Ribulose 1,5-bisphosphate",308.9787
5'-Phosphoribosyl-N-formylglycineamide,313.0438;313.0441
5-Thymidylic acid,321.0495
dTMP,321.0495
N-((R)-Pantothenoyl)-L-cysteine,321.1113
3'-CMP,322.0444
Cytidine monophosphate,322.0444
CMP,322.0444
3'-UMP,323.0256;323.0285
Pseudouridine 5'-phosphate,323.0256;323.0285
Uridine 5'-monophosphate,323.0256;323.0285
UMP,323.0256;323.0285
2-Succinyl-5-enolpyruvyl-6-hydroxy-3-cyclohexene-1-carboxylate,327.0738
"Adenosine 2',3'-cyclic phosphate",328.0452;328.0457
"3',5'-Cyclic AMP",328.0452;328.0457
Glutathione episulfonium ion,333.0999
S-Formylglutathione,334.0723
AICAR,337.0545
1-(5-Phospho-D-ribosyl)-5-amino-4-imidazolecarboxylate,338.0392
5-carboxyamino-1-(5-phospho-ribosyl)imidazole,338.0392
"Fructose 1,6-bisphosphate",338.9888;338.9884
"Tagatose 1,6-bisphosphate",338.9888;338.9884
"alpha-Glucose 1,6-bisphosphate",338.9888;338.9884
"beta-Fructose 1,6-bisphosphate",338.9888;338.9884
Cellobiose,341.1089
Isomaltose,341.1089
Maltose,341.1089
Melibiose,341.1089
Sucrose,341.1089
Trehalose,341.1089
alpha-Lactose,341.1089
cGMP,344.04;344.0393
"Guanosine 2',3'-cyclic phosphate",344.04;344.0393
2'-Deoxyguanosine 5'-monophosphate,346.0556
3'-AMP,346.0556
Adenosine monophosphate,346.0556
AMP,346.0556
Inosinic acid,347.0398
IMP,347.0398
S-(Formylmethyl)glutathione,348.0874;348.087
Pantetheine 4'-phosphate,357.089
pantotheine 4'-phosphate,357.089
8-oxo-dGMP,362.0506
Cyclic pyranopterin monophosphate,362.0506
Guanosine 3'-phosphate,362.0506
Guanosine monophosphate,362.0506
GMP,362.0506
Riboflavin,375.131
Acetyl-maltose,383.1188;383.1181
dUDP,386.999
Phosphoribosyl pyrophosphate,388.9416;388.9444;388.9442
dTDP,401.0173
CDP,402.0107
Uridine 5'-diphosphate,402.9949
UDP,402.9949
ADP,426.0222;426.0221
"Adenosine 3',5'-diphosphate",426.0222;426.0221
dGDP,426.0222;426.0221
Guanosine diphosphate,442.0169
GDP,442.0169
XDP,442.9997;443.0014
Deoxyuridine triphosphate,466.9657;466.9674
dUTP,466.9657;466.9674
Cytidine triphosphate,481.9773
CTP,481.9773
Uridine triphosphate,482.9616
UTP,482.9616
Gal alpha 1->6Gal alpha 1->6Glucose,503.1614;503.1623
Maltotriose,503.1614;503.1623
Adenosine triphosphate,505.9887
ATP,505.9887
8-oxo-dGTP,521.9834
Guanosine triphosphate,521.9834
GTP,521.9834
Deoxythymidine diphosphate-rhamnose,547.0731;547.0754
dTDP-6-deoxy-beta-L-talose,547.0731;547.0754
dTDP-Galactose,563.0683
dTDP-Glucose,563.0683
dTDP-hexose,563.0683
"UDP-Galacto-1,4-furanose",565.0471;565.0479
UDP-Glucose,565.0471;565.0479
Uridine diphosphategalactose,565.0471;565.0479
UDP-hexose,565.0471;565.0479
"1D-myo-Inositol 1,3,4,5,6-pentakisphosphate",578.8873;578.8872
"Inositol 1,2,3,5,6-pentakisphosphate",578.8873;578.8872
"Myo-inositol 1,2,4,5,6-pentakisphosphate",578.8873;578.8872
Glutathione disulfide,611.1447
Glycogen,665.2152;665.2144
Maltotetraose,665.2152;665.2144
Linear dimeric GMP,707.097
FAD (ox),784.1499
2-Methylacetoacetyl-CoA,864.1454;864.1473
(R)-Methylmalonyl-CoA,866.1233
(S)-Methylmalonyl-CoA,866.1233
Succinyl-CoA,866.1233
Aminoacetaldehyde,58.0295
Oxalic acid,88.9883
Methanesulfonic acid,94.9806;94.9761
"2,3-Diaminopropanoate",103.0509
Hydroxymalonic acid,119.0009
Nicotinate,122.0248
Iminoaspartic acid,130.0142
Oxaloacetic acid,131.0008
Oxaluric acid,131.0123
(-)-Ureidoglycolate,133.0257
4-Hydroxy-threonine,134.0472
Tyramine,136.0767
4-Hydroxybenzoate,137.0239
Salicylic acid,137.0239
Urocanate,137.0357
cis-4-Carboxymethylenebut-2-en-4-olide,139.0014;139.0067
Trans-4-Carboxymethylenebut-2-en-4-olide,139.0014;139.0067
Ectoine,141.0676
Hydrocinnamic acid,149.0608
3-Sulfinylpyruvate,150.9707
4-Hydroxyphenylacetate,151.04
2-Maleylacetate,157.0128
Allantoin,157.0379
Pterin,162.0424
"L-2,3-Dihydrodipicolinate",168.0277
3-Dehydroshikimate,171.0284
Decanoic acid (FA10:0),171.1388
"cis-2-Chloro-4-carboxymethylenebut-2-en-1,4-olide",172.962
Phenol sulfate,172.9909
Menadiol,173.0579
7-Cyano-7-carbaguanine,174.0407
3-Phosphonooxypyruvate,182.9725
"Cis-3-(3-carboxyethyl)-3,5-cyclohexadiene-1,2-diol",183.0661
"cis-3-(Carboxy-ethyl)-3,5-cyclo-hexadiene-1,2-diol",183.0661
2-Carboxymuconate,185.0057
8-Amino-7-oxononanoate,186.1136
(E)-3-(Methoxycarbonyl)pent-2-enedioate,187.0234
Cis-2-Methylaconitate,187.0234
E-3-Carboxy-2-pentenedioate 6-methyl ester,187.0234
Azelaic acid,187.0976
"1-Nitronaphthalene-5,6-oxide",188.035
"1-Nitronaphthalene-7,8-oxide",188.035
7-Carboxy-7-carbaguanine,193.0349
"2-Phenyl-1,3-propanediol monocarbamate",194.0822
"1,7-Dimethyluric acid",195.0509
Dihydroxy-Phe,196.0603
P-homoserine,198.0182
Threonine O-3-phosphate,198.0182
Benzoyl phosphate,200.9937
Galactaric acid,209.0292
D-Glucarate,209.0292
2-Hydroxy-6-ketononatrienedioate,211.0235
2-Hydroxy-6-ketononadienedicarboxylate,213.0384
Dethiobiotin,213.1252
2-Succinylbenzoate,221.0443
Porphobilinogen,225.0861;225.0901
"4-(L-Alanin-3-yl)-2-hydroxy-cis,cis-muconate 6-semialdehyde",228.0501
2-Deoxy-glucose 6-phosphate,243.029
L-Fuculose 1-phosphate,243.029
Rhamnulose 1-phosphate,243.029
Glycerophosphoglycerol,245.0444
Pyridoxal phosphate,246.0198
N-Succinyl-L-glutamate,246.064
S-Acetyldihydrolipoamide,248.08
Deoxyinosine,251.0816
Purine nucleoside,251.0816
(9Z)-Hexadecenoic acid,253.2173
Inosine,267.0724
N-Acetyl-5-glutamyl phosphate,268.02
N-Acetyl-L-glutamate 5-phosphate,268.02
alpha-Ribazole,277.1207
Pantetheine,277.1207
"(6Z,9Z,12Z)-Octadecatrienoic acid",277.2169
Retinal,283.2063
Salicin,285.0972
2-Dehydro-3-deoxy-D-arabino-heptonate 7-phosphate,287.0157
Aminoimidazole ribotide,294.0479
Glucosamine-1P,300.0509
N-Acetyl-Glucosamine 6-Phosphate,300.0509
N-Acetyl-galactosamine 1-phosphate,300.0509
N-Acetyl-galactosamine 6-phosphate,300.0509
Acetylglucosamine P,300.0509
N-Acetyl-mannosamine 6-phosphate,300.0509
Quercetin,301.0333
Dihydropteroate,313.1037
3-Deoxy-D-manno-octulosonate 8-phosphate,317.026
"6,7-Dimethyl-8-(D-ribityl)luma...",325.1163
sn-Glycero-3-phospho-1-inositol,333.0589
5(S)-Hydroperoxyeicosatetraenoic acid,335.2224
5-Amino-6-(5'-phosphoribosylamino)uracil,353.0489
Reduced riboflavin,377.1496
Chenodeoxycholate,391.2848
(R)-4'-Phosphopantothenoyl-L-cysteine,401.0756
"3-Alpha,7-alpha,12-alpha-trihydroxy-5-beta-cholanate",407.2795
Cholate,407.2795
1-Palmitoylglycerol 3-phosphate,409.2338
"6-Phospho-beta-glucosyl-(1,4)-glucose",421.0743
Cellobiose-6-phosphate,421.0743
Maltose 6'-phosphate,421.0743
Sucrose-6-phosphate,421.0743
"alpha,alpha'-Trehalose 6-phosphate",421.0743
"alpha,alpha-Trehalose 6-phosphate",421.0743
2'-Deoxyinosine triphosphate,490.9787
dITP,490.9787
UDP-Glucuronic acid,579.0269
Uridine diphosphate glucuronic acid,579.0269
UDP-glucuronate,579.0269
Ferroxamine,612.2549
Coproporphyrinogen III,659.307
Coproporphyrinogen I,659.307
Nicotinamide hypoxanthine dinucleotide,664.0939
Nicotinic acid adenine dinucleotide,664.0939
Enterochelin,668.1374
UDP-3-O-(3-Hydroxytetradecanoyl)-glucosamine,790.2568
UDP-3-O-(3-hydroxytetradecanoyl)-D-glucosamine,790.2568
"P1,P4-Bis(5'-adenosyl)tetraphosphate",835.0407
Precorrin 1,849.2765
Ubiquinone-10,861.6729
Precorrin 2,863.2971
trans-Tetradec-2-enoyl-CoA,974.2935
undecaprenyl phosphate-4-amino-4-deoxy-arabinose,976.7162
