kegg_id,metabolite_ids,Metabolite value
C00234,M_10fthf_c,0.5256560900342766
C02912,M_12ppd__R_c,0.03491646199436094
C02917,M_12ppd__S_c,0.0373083816442743
C00236,M_13dpg_c,0.028554998398166997
C01672,M_15dap_c,0.08477555554136096
C03912,M_1pyr5c_c,0.05240706528714112
C04322,M_1pyr5c_c,0.05240706528714112
C03401,M_23dappa_c,
C06393,M_23dappa_c,
C04171,M_23ddhb_c,0.08741833075290861
C00196,M_23dhb_c,0.08578017157865325
C04030,M_23dhba_c,0.306403327405691
C04204,M_23dhbzs_c,0.1751242216801452
C04272,M_23dhmb_c,0.07771070888641374
C06007,M_23dhmp_c,0.09886151825480027
C04575,M_23doguln_c,
C04811,M_25aics_c,0.17948535695240242
C02780,M_25dkglcn_c,
C01304,M_25drapp_c,0.19697426528125783
C00666,M_26dap_LL_c,0.08153516494012747
C00680,M_26dap__M_c,0.08200133176048396
C06006,M_2ahbut_c,0.07482758440859882
C11822,M_2amsa_c,0.05427110511061484
C03508,M_2aobut_c,0.05324850485246557
C01302,M_2cpr5p_c,0.19063928662186314
C04691,M_2dda7p_c,0.05906370261981042
C04442,M_2ddg6p_c,0.048923275539514144
C00204,M_2ddglcn_c;M_2dh3dgal_c,
C01216,M_2ddglcn_c;M_2dh3dgal_c,
C01286,M_2dh3dgal6p_c,0.04906917593481275
C00966,M_2dhp_c,0.1274451217650685
C00672,M_2dr1p_c,0.05599460743130891
C00673,M_2dr5p_c,0.05646468464054477
C01146,M_2h3oppan_c,0.027477134497766453
C02631,M_2ippm_c,0.1393325973250037
C04752,M_2mahmp_c,0.49779099153766104
C04225,M_2mcacn_c,0.05258757707611306
C02225,M_2mcit_c,0.06157204935476335
C11434,M_2me4p_c,0.06301234580391446
C11453,M_2mecdp_c,0.08181295350330187
C00109,M_2obut_c,0.05629694840962873
C05811,M_2ohph_c,0.958559767656475
C05812,M_2omph_c,1.1625334978907054
C05810,M_2oph_c,0.958014623819814
C19975,M_2oxpaccoa_c,
C11436,M_2p4c2me_c,0.19480769614406146
C00631,M_2pg_c,0.02319791982675623
C00988,M_2pglyc_c,
C16519,M_2sephchc_c,0.45113097160993654
C19771,M_2tpr3dpcoa_c,0.6955051739292228
C01179,M_34hpp_c,0.0948293331004102
C05350,M_34hpp_c,0.0948293331004102
C00942,M_35cgmp_c,0.19874277303771892
C20253,M_3amac_c,0.059373801485118616
C04411,M_3c2hmp_c,0.1656732379386905
C02504,M_3c3hmp_c,0.11299195671147233
C04236,M_3c4mop_c,0.16429203478823817
C00618,M_3dhguln_c,
C14899,M_3dhgulnp_c,
C00944,M_3dhq_c,0.05772004128501429
C02637,M_3dhsk_c,0.0581431302506874
C01271,M_3haACP_c,
C14145,M_3hadpcoa_c,
C01144,M_3hbcoa_c,0.6744663512531335
C06000,M_3hbcoa_c,0.6744663512531335
C12621,M_3hcinnm_c,
C05264,M_3hdcoa_c,0.8563412305423124
C05262,M_3hddcoa_c,0.8789660837017155
C05757,M_3hddecACP_c,
C04619,M_3hdecACP_c,
C05268,M_3hhcoa_c,0.8079442033614104
C05258,M_3hhdcoa_c,0.9305104317451574
C05747,M_3hhexACP_c,
C04688,M_3hmrsACP_c,
C05266,M_3hocoa_c,0.830569056520658
C04620,M_3hoctACP_c,
C16220,M_3hoctaACP_c,
C04633,M_3hpalmACP_c,
C01013,M_3hpp_c,0.06415148070910703
C11457,M_3hpppn_c,
C05260,M_3htdcoa_c,0.9047382577232255
C03506,M_3ig3p_c,0.20804762553684464
C00141,M_3mob_c,0.07907920699564697
C00671,M_3mop_c,0.10023001636411122
C05265,M_3odcoa_c,0.8531796943636372
C05263,M_3oddcoa_c,0.8758045475229292
C05756,M_3oddecACP_c,
C05753,M_3odecACP_c,
C05269,M_3ohcoa_c,0.8047826671824465
C05259,M_3ohdcoa_c,0.9273488955661491
C05746,M_3ohexACP_c,
C05759,M_3omrsACP_c,
C05267,M_3oocoa_c,0.8274075203420717
C05750,M_3ooctACP_c,
C16216,M_3ohodcoa_c,0.9534735218642898
C05762,M_3opalmACP_c,
C05809,M_3ophb_c,0.958260730656435
C05261,M_3otdcoa_c,0.9015767215446058
C19945,M_3oxdhscoa_c,
C00197,M_3pg_c,0.023129673576816057
C03232,M_3php_c,0.02192473445234988
C01269,M_3psme_c,0.095377891368853
C00606,M_3sala_c,
C00334,M_4abut_c,0.04634567989451055
C00555,M_4abutn_c,0.09430096292064594
C00568,M_4abz_c,0.22720613589686245
C11355,M_4adcho_c,0.24357808022342775
C01279,M_4ahmmp_c,
C04556,M_4ampm_c,0.12459619262678023
C11435,M_4c2me_c,0.18816562963496208
C01468,M_4crsol_c,
C03589,M_4h2opntn_c,
C00156,M_4hbz_c,0.10130215442768487
C06056,M_4hthr_c,0.09457883534990108
C04294,M_4mhetz_c,
C00233,M_4mop_c,0.16338782649321093
C04327,M_4mpetz_c,0.47811528050973884
C03082,M_4pasp_c,0.037924422196899954
C03393,M_4per_c,0.034058704941619666
C03492,M_4ppan_c,0.19114277351638398
C04352,M_4ppcys_c,0.4044125221217998
C04732,M_4r5au_c,0.20047045477338266
C00429,M_56dura_c,0.2325493144107904
C04751,M_5aizc_c,0.1441222950085197
C00430,M_5aop_c,0.18688786619284192
C04454,M_5aprbu_c,0.2018351608616631
C01268,M_5apru_c,0.1963372647311723
C15667,M_5caiz_c,0.14260974294754147
C01062,M_5dglcn_c,0.03741639583176859
C00679,M_5dh4dglc_c,
C03479,M_5fthf_c,0.5289534237904792
C00170,M_5mta_c,
C00440,M_5mthf_c,0.5335580799306405
C03089,M_5mtr_c,
C04778,M_5prdmbz_c,
C01300,M_6hmhpt_c,0.23091517427338282
C04807,M_6hmhptpp_c,0.24307461935940688
C00345,M_6pgc_c,0.048365742627931585
C01236,M_6pgl_c,0.04677532867196632
C01092,M_8aonn_c,0.37871540704601525
C00229,M_ACP_c,
C20957,M_LalaDglu_c,0.2529487703093136
C20958,M_LalaLglu_c,0.25782017993305484
C00612,M_N1aspmd_c,
C02983,M_Nmtrp_c,
C16831,M_Nmtrp_c,
C01031,M_Sfglutth_c,
C06735,M_aacald_c,
C00332,M_aacoa_c,0.6713280876618044
C01888,M_aact_c,0.05234429655757156
C00033,M_ac_c,0.009873399715987219
C03939,M_acACP_c,
C00164,M_acac_c,
C00084,M_acald_c,0.015237970486081664
C06332,M_acanth_c,0.11329472166806687
C00024,M_accoa_c,0.6562549285947572
C05235,M_acetol_c,0.03410553286345985
C04133,M_acg5p_c,0.07251319463532635
C01250,M_acg5sa_c,0.07660855215703144
C00140,M_acgam_c,0.2235636015778253
C04256,M_acgam1p_c,0.10875051556538118
C00357,M_acgam6p_c,0.1515925638420179
C02655,M_acglc__D_c,0.06046317649816002
C00624,M_acglu_c,0.06658659019648239
C02130,M_acmalt_c,
C00645,M_acmana_c,
C04257,M_acmanap_c,0.1518002070863167
C16698,M_acmum6p_c,0.24829060458458896
C00270,M_acnam_c,
C00417,M_acon_C_c,0.04136837001138538
C02341,M_acon_T_c,0.041368370011962696
C11514,M_aconm_c,0.24445902825755983
C00437,M_acorn_c,0.10885380875856887
C00979,M_acser_c,0.07438598449437395
C05744,M_actACP_c,
C00227,M_actp_c,0.016461196926842447
C00147,M_ade_c,0.15615997960076733
C00212,M_adn_c,0.19833088655140108
C06508,M_adocbi_c,
C06509,M_adocbip_c,
C00194,M_adocbl_c,0.6583500520841779
C00008,M_adp_c,0.20553839272473562
C00498,M_adpglc_c,0.25673351375073983
C06397,M_adphep_DD_c,0.31018342320277004
C06398,M_adphep_LD_c,0.3104843878567687
C00301,M_adprib_c,0.3005821114815288
C01882,M_adprib_c,0.3005821114815288
C06710,M_ag_c,
C06510,M_agdpcbi_c,
C00179,M_agm_c,0.13329214624575592
C00021,M_ahcys_c,0.4458890056494691
C04895,M_ahdt_c,0.2036202515574903
C04677,M_aicar_c,0.15235956439518805
C00026,M_akg_c,0.03626288821768631
C00099,M_ala_B_c,0.030991383792433602
C00133,M_ala__D_c,0.0511132404386716
C00041,M_ala__L_c,0.02376516761483094
C01401,M_ala__L_c,0.02376516761483094
C00993,M_alaala_c,0.10957122762093041
C06010,M_alac__S_c,0.03593868889923968
C01487,M_all__D_c,
C02962,M_all6p_c,0.05208538861370959
C01551,M_alltn_c,0.1203966422603564
C00499,M_alltt_c,0.1271045032144924
C18096,M_allul6p_c,0.052075347051894205
C00817,M_altrn_c,
C00019,M_amet_c,0.4673623321465814
C01137,M_ametam_c,0.47293519936498774
C04425,M_amob_c,
C00020,M_amp_c,0.19978939131317652
C00108,M_anth_c,0.09794330138596097
C01260,M_ap4a_c,0.4154715080745719
C04058,M_ap5a_c,
C03194,M_appl_c,0.26490228712960917
C05771,M_appl_c,0.26490228712960917
C00224,M_aps_c,0.22456672739685768
C01112,M_ara5p_c,0.04370881994233411
C11476,M_arab__L_c,
C06187,M_arbt6p_c,
C05554,M_arbtn_fe3_c,
C00062,M_arg__L_c,0.11522413911480012
C02385,M_arg__L_c,0.11522413911480012
C03406,M_argsuc_c,0.14266482162880179
C02163,M_argtrna_c,
C16186,M_ascb6p_c,
C00152,M_asn__L_c,0.05376424274242675
C16438,M_asn__L_c,0.05376424274242675
C03402,M_asntrna_c,
C06697,M_aso3_c,
C01478,M_aso4_c,
C11215,M_aso4_c,
C18647,M_aso4_c,
C18648,M_aso4_c,
C00049,M_asp__L_c,0.030119602104061727
C16433,M_asp__L_c,0.030119602104061727
C00441,M_aspsa_c,0.041893651172719704
C02984,M_asptrna_c,
C05519,M_athr__L_c,0.0605480295296168
C00002,M_atp_c,0.21100950965412535
C00877,M_b2coa_c,0.6745402196868144
C20749,M_bbtcoa_c,
C00576,M_betald_c,
C01412,M_btal_c,
C00136,M_btcoa_c,0.7897095065921955
C00120,M_btn_c,1.3065182139426312
C20386,M_btnso_c,
C04246,M_but2eACP_c,
C00076,M_ca2_c,
C08130,M_ca2_c,
C12277,M_ca2_c,
C13140,M_ca2_c,
C13189,M_ca2_c,
C17392,M_ca2_c,
C18381,M_ca2_c,
C00575,M_camp_c,0.2050496999507323
C00438,M_cbasp_c,0.03712152096014831
C00853,M_cbl1_c,0.11197675516132488
C01563,M_cbm_c,
C00169,M_cbp_c,0.007462416650327874
C15233,M_cd2_c,
C20248,M_cdg_c,0.17750090773869243
C00112,M_cdp_c,0.12565247725162543
C12622,M_cenchddd_c,
C01419,M_cgly_c,0.25972123637818534
C00114,M_chol_c,
C00251,M_chor_c,0.09782682307876156
C21152,M_chtbs6p_c,
C00423,M_cinnm_c,
C10438,M_cinnm_c,
C00158,M_cit_c,0.04084919910481988
C13660,M_cit_c,0.04084919910481988
C00327,M_citr__L_c,0.10613257868389292
C04121,M_ckdo_c,0.22657252892348545
C00698,M_cl_c,
C01327,M_cl_c,
C00055,M_cmp_c,0.12002258942235278
C00011,M_co2_c,0.02436149377506025
C00010,M_coa_c,0.6411818869121233
C00175,M_cobalt2_c,0.00030916331493768823
C20239,M_cph4_c,0.17848583944372054
C18239,M_cpmp_c,0.19921555891507792
C03263,M_cpppg3_c,1.6266679292967212
C00318,M_crn_c,
C00487,M_crn_c,
C15025,M_crn__D_c,
C20750,M_crncoa_c,
C00380,M_csn_c,0.07630928492613487
C04114,M_ctbt_c,
C20748,M_ctbtcoa_c,
C00063,M_ctp_c,0.13120486988859037
C00070,M_cu2_c,0.00030916331480446146
C00177,M_cyan_c,
C01326,M_cyan_c,
C18673,M_cyan_c,
C01417,M_cynt_c,
C19067,M_cynt_c,
C00793,M_cys__D_c,
C00097,M_cys__L_c,0.1841421289804468
C00736,M_cys__L_c,0.1841421289804468
C02291,M_cyst__L_c,0.23920031717191703
C03125,M_cystrna_c,
C00475,M_cytd_c,0.11890534805155673
C00559,M_dad_2_c,0.20344987722239471
C05198,M_dad_5_c,
C00206,M_dadp_c,0.2093160875559219
C00360,M_damp_c,0.20461589405026404
C01037,M_dann_c,1.047529752878107
C00131,M_datp_c,0.21470592877740335
C15556,M_db4p_c,0.04069776869697339
C05275,M_dc2coa_c,0.8564084984141185
C03794,M_dcamp_c,0.22691518387065734
C00705,M_dcdp_c,0.1295114477903092
C00239,M_dcmp_c,0.12432809999052274
C00458,M_dctp_c,0.13490128901186837
C00881,M_dcyt_c,0.12321857519089763
C03221,M_dd2coa_c,0.8790333515735105
C01832,M_ddcacoa_c,0.8865035609540439
C00361,M_dgdp_c,0.2031914267531798
C00362,M_dgmp_c,0.19780526351711458
C18870,M_dgslnt_c,
C00330,M_dgsn_c,0.19669573871784474
C00286,M_dgtp_c,0.20858126797457244
C00184,M_dha_c,0.02204687894368229
C00111,M_dhap_c,0.02999944996301407
C12623,M_dhcinnm_c,
C00415,M_dhf_c,0.5121487488735421
C15809,M_dhgly_c,0.18841378627147964
C21094,M_dhmptp_c,0.20374171357324666
C03657,M_dhna_c,0.440521100614788
C04874,M_dhnpt_c,0.20055073194215067
C21008,M_dhnpt_c,0.20055073194215067
C00337,M_dhor__S_c,0.03683375286828161
C05925,M_dhpmp_c,0.2019154380309418
C04044,M_dhpppn_c,
C00921,M_dhpt_c,0.46452442033904084
C11838,M_dhptd_c,0.1813450358257418
C05649,M_dhptdn_c,
C01344,M_didp_c,0.2134175892391399
C06196,M_dimp_c,0.20852557176195274
C05512,M_din_c,0.17953325733555126
C01345,M_ditp_c,0.2137209970721532
C03114,M_dmbzid_c,
C04332,M_dmlz_c,0.32120626141732833
C00235,M_dmpp_c,0.10196459422504578
C00580,M_dms_c,
C11143,M_dmso_c,
C00857,M_dnad_c,0.31189174154044874
C00882,M_dpcoa_c,0.6317063468478823
C02463,M_dscl_c,2.0378527882017217
C01909,M_dtbt_c,1.0556977872731133
C00363,M_dtdp_c,0.14158641678148065
C20415,M_dtdp4aaddg_c,0.34972232487849864
C04346,M_dtdp4addg_c,0.3335361664860703
C11907,M_dtdp4d6dg_c,0.22126622949375507
C00688,M_dtdp4d6dm_c,0.22141542965559147
C00842,M_dtdpglu_c,0.19879720306460458
C03319,M_dtdprmn_c,0.22755074181628476
C00364,M_dtmp_c,0.13324100534828354
C00459,M_dttp_c,0.14713880941834567
C01346,M_dudp_c,0.10564518281078739
C00365,M_dump_c,0.1066368495902359
C00526,M_duri_c,0.10552732479084392
C00460,M_dutp_c,0.1110350240325575
C06257,M_dxyl_c,
C11437,M_dxyl5p_c,0.057838125445830446
C00279,M_e4p_c,0.035541559959151314
C20374,M_egmeACP_c,
C04666,M_eig3p_c,0.13556604021481844
C05821,M_enter_c,0.5222662776007803
C20378,M_epmeACP_c,
C00189,M_etha_c,0.09554876893265174
C00469,M_etoh_c,0.019318725856265484
C01094,M_f1p_c,
C05345,M_f6p_c,0.05185014664033094
C00016,M_fad_c,1.416418674063935
C01352,M_fadh2_c,1.4199719730284222
C00067,M_fald_c,
C01099,M_fc1p_c,0.0655864288977237
C01721,M_fcl__L_c,
C00354,M_fdp_c,0.05865359174301865
C14818,M_fe2_c,0.006111862845636917
C14819,M_fe3_c,0.0011443369175578866
C06227,M_fe3hox_c,
C06228,M_fecrm_c,
C06230,M_feenter_c,0.5330239976351736
C06940,M_feoxam_c,
C04376,M_fgam_c,0.1158447568979204
C03294,M_fmettrna_c,
C00061,M_fmn_c,0.49184163482255405
C01847,M_fmnh2_c,0.4956533619111303
C00058,M_for_c,0.00384001396750433
C00798,M_forcoa_c,
C04734,M_fprica_c,0.16080047238641315
C00448,M_frdp_c,0.3496163373813421
C00095,M_fru_c,0.04761975535182428
C01496,M_fru_c,0.04761975535182428
C05003,M_fru_c,0.04761975535182428
C10906,M_fru_c,0.04761975535182428
C16488,M_frulys_c,
C00905,M_fruur_c,
C00122,M_fum_c,0.02766380918997058
C00103,M_g1p_c,0.052147833423032974
C00118,M_g3p_c,0.030001622771247405
C00661,M_g3p_c,0.030001622771247405
C00670,M_g3pc_c,
C01233,M_g3pe_c,0.12741537969483963
C03274,M_g3pg_c,0.10331950795835487
C01225,M_g3pi_c,
C00092,M_g6p_c,0.05179800641101906
C00124,M_gal_c,0.0472886839643083
C00984,M_gal_c,0.0472886839643083
C00446,M_gal1p_c,0.05235780701892123
C00879,M_galct__D_c,
C00880,M_galctn__D_c,
C15930,M_galctn__L_c,
C06311,M_galt1p_c,
C00333,M_galur_c,
C06156,M_gam1p_c,0.09270491175475959
C00352,M_gam6p_c,0.0627794791014269
C03838,M_gar_c,0.10662811956506646
C01181,M_gbbtn_c,
C00266,M_gcald_c,
C00035,M_gdp_c,0.19933245621417406
C01222,M_gdpddman_c,0.26080302737317984
C00325,M_gdpfuc_c,0.31302921243320236
C00096,M_gdpmann_c,0.2513487715801066
C04494,M_gdptp_c,0.23504991233419537
C15767,M_gg4abut_c,0.1478491638010504
C15700,M_ggbutal_c,0.15163416775225702
C00989,M_ghb_c,0.046412086566260946
C01991,M_ghb_c,0.046412086566260946
C00031,M_glc__D_c,0.04521680034559328
C00257,M_glcn_c,0.042328623469445326
C00818,M_glcr_c,
C00191,M_glcur_c,
C00064,M_gln__L_c,0.046989379276929366
C00303,M_gln__L_c,0.046989379276929366
C02282,M_glntrna_c,
C00217,M_glu__D_c,0.041529670663231766
C00025,M_glu__L_c,0.04152465727726984
C00302,M_glu__L_c,0.04152465727726984
C03741,M_glu1sa_c,0.10056268313247685
C03287,M_glu5p_c,0.04733264927653247
C01165,M_glu5sa_c,0.05150285699192514
C00669,M_glucys_c,0.2307300292941794
C02987,M_glutrna_c,
C00048,M_glx_c,0.012503729773660766
C00037,M_gly_c,0.04514492648947099
C00577,M_glyald_c,0.038827874773916804
C00719,M_glyb_c,
C00116,M_glyc_c,0.03435694696455327
C00258,M_glyc__R_c,0.03070596299834527
C02979,M_glyc2p_c,
C00093,M_glyc3p_c,0.03546304569616021
C00160,M_glyclt_c,0.01556235951346574
C00182,M_glycogen_c,0.05226809235847618
C02412,M_glytrna_c,
C20375,M_gmeACP_c,
C07838,M_gmhep1p_c,0.10577986962880814
C07836,M_gmhep7p_c,0.1001452525924984
C19882,M_gmhep7p_c,0.1001452525924984
C00144,M_gmp_c,0.1937921098195905
C01261,M_gp4g_c,
C00341,M_grdp_c,0.24984012733820782
C00387,M_gsn_c,0.1926748684485835
C00127,M_gthox_c,0.5553227928418836
C00051,M_gthrd_c,0.2824783381017659
C00044,M_gtp_c,0.20488484885090585
C05730,M_gtspmd_c,
C00242,M_gua_c,0.15426053990391653
C00080,M_h_c,0.003290727620997025
C00282,M_h2_c,
C11811,M_h2mb4p_c,0.08607426965393516
C00001,M_h2o_c,0.00037907799200764813
C01328,M_h2o_c,0.00037907799200764813
C18714,M_h2o_c,0.00037907799200764813
C00027,M_h2o2_c,0.0030495218910187027
C17732,M_h2o2_c,0.0030495218910187027
C18566,M_h2o2_c,0.0030495218910187027
C00283,M_h2s_c,0.11862952098256052
C00288,M_hco3_c,0.0009042136781878263
C01353,M_hco3_c,0.0009042136781878263
C12893,M_hco3_c,0.0009042136781878263
C00155,M_hcys__L_c,0.22195985957378372
C05330,M_hcys__L_c,0.22195985957378372
C00249,M_hdca_c,0.30063111672290477
C05272,M_hdd2coa_c,0.9305776996169968
C15672,M_hemeO_c,2.370760048841758
C00703,M_hg2_c,
C13377,M_hg2_c,
C18670,M_hg2_c,
C20373,M_hgmeACP_c,
C00135,M_his__L_c,0.14358828128279155
C00768,M_his__L_c,0.14358828128279155
C01100,M_hisp_c,0.14105836853811615
C00860,M_histd_c,0.13976500669977687
C02988,M_histrna_c,
C04479,M_hkndd_c,
C12624,M_hkntd_c,
C01024,M_hmbil_c,1.6300761372264438
C14180,M_hmgth_c,
C00263,M_hom__L_c,0.048600211978211405
C20377,M_hpmeACP_c,
C00168,M_hpyr_c,0.027730524756275354
C00530,M_hqn_c,
C05271,M_hx2coa_c,0.8080114712332165
C01585,M_hxa_c,0.17233240077718648
C00262,M_hxan_c,0.124827863863608
C05840,M_iasp_c,0.028422723654586424
C00885,M_ichor_c,0.10397139072574335
C00311,M_icit_c,0.04188754091882796
C00770,M_idon__L_c,0.04084410715248232
C00104,M_idp_c,0.2095918932477625
C00407,M_ile__L_c,0.10730516064038076
C03127,M_iletrna_c,
C01267,M_imacp_c,0.13564408074380196
C00130,M_imp_c,0.16893635682971864
C00463,M_indole_c,0.1808050842835529
C00137,M_inost_c,
C19891,M_inost_c,
C00294,M_ins_c,0.16781911545868944
C00129,M_ipdp_c,0.10196459422504578
C05123,M_isetac_c,
C00081,M_itp_c,0.21002457794863094
C00238,M_k_c,5.123134538636109
C12568,M_k_c,5.123134538636109
C06025,M_kdo2lipid4_c,1.6701866403993626
C06251,M_kdo2lipid4L_c,1.9176147828693146
C04478,M_kdo8p_c,0.0681789005332667
C06024,M_kdolipid4_c,1.5623245921829398
C00256,M_lac__D_c,0.021486663911129966
C00186,M_lac__L_c,0.03222528061815888
C00937,M_lald__D_c,0.031809152577855215
C00424,M_lald__L_c,0.0338516312008208
C05999,M_lald__L_c,0.0338516312008208
C00243,M_lcts_c,
C01970,M_lcts_c,
C00123,M_leu__L_c,0.17046297076951378
C16439,M_leu__L_c,0.17046297076951378
C02047,M_leutrna_c,
C03451,M_lgt__S_c,0.31119858467314465
C06026,M_lipa_c,2.21125093153689
C04919,M_lipidA_c,1.4544625439666392
C04932,M_lipidAds_c,1.4336964640512373
C04824,M_lipidX_c,0.7200416696195644
C16238,M_lipoamp_c,
C00725,M_lipoate_c,
C16241,M_lipoate_c,
C00047,M_lys__L_c,0.08513651714733284
C16440,M_lys__L_c,0.08513651714733284
C01931,M_lystrna_c,
C01508,M_lyx__L_c,
C00497,M_mal__D_c,
C00149,M_mal__L_c,0.02775169390604182
C01209,M_malACP_c,
C00083,M_malcoa_c,0.6773231207684027
C00208,M_malt_c,
C00897,M_malt_c,
C02995,M_malt6p_c,
C01936,M_malthx_c,
C01835,M_malttr_c,
C02013,M_maltttr_c,
C02052,M_maltttr_c,
C00159,M_man_c,0.05075120279340872
C00636,M_man1p_c,0.05382794706744187
C00275,M_man6p_c,0.05185358851410582
C16699,M_man6pglyc_c,
C00514,M_mana_c,
C05402,M_melib_c,
C00132,M_meoh_c,
C00957,M_mercppyr_c,
C00855,M_met__D_c,
C00073,M_met__L_c,0.23927520487715404
C01733,M_met__L_c,0.23927520487715404
C00445,M_methf_c,0.5247620516180107
C02989,M_metsox_R__L_c;M_metsox_S__L_c,0.24232472676835037
C15998,M_metsox_R__L_c;M_metsox_S__L_c,0.24232472676835037
C15999,M_metsox_R__L_c;M_metsox_S__L_c,0.24232472676835037
C02430,M_mettrna_c,
C00305,M_mg2_c,
C07755,M_mg2_c,
C07876,M_mg2_c,
C12567,M_mg2_c,
C01177,M_mi1p__D_c,
C04593,M_micit_c,0.047776947342792475
C00143,M_mlthf_c,0.5309882708391278
C00683,M_mmcoa__S_c,0.6748059128110939
C03172,M_mmet_c,
C19610,M_mn2_c,0.0003091633147711548
C00644,M_mnl1p_c,0.055545540186607845
C06232,M_mobd_c,0.005879743653958158
C15455,M_mobd_c,0.005879743653958158
C19928,M_mocogdp_c,28.522147823365824
C05924,M_mpt_c,0.5962697427851937
C19848,M_mptamp_c,28.523374693287245
C00222,M_msa_c,0.05863812545671143
C12069,M_msa_c,0.05863812545671143
C11145,M_mso3_c,
C00546,M_mthgxl_c,0.02870166622511716
C21382,M_mththf_c,0.1813450358257418
C00887,M_n2o_c,
C01029,M_n8aspmd_c,
C01330,M_na1_c,
C14042,M_na1_c,
C16565,M_na15dap_c,
C00253,M_nac_c,0.11021876418602083
C00003,M_nad_c,0.34881483659334744
C00004,M_nadh_c,0.35282635430460285
C00006,M_nadp_c,0.3573202569517875
C00005,M_nadph_c,0.3633744302227848
C00153,M_ncam_c,0.10802668978040497
C00014,M_nh4_c,0.09258552866008296
C01342,M_nh4_c,0.09258552866008296
C14711,M_ni2_c,0.00039632138196799005
C19609,M_ni2_c,0.00039632138196799005
C01185,M_nicrnt_c,0.10591737935350398
C00455,M_nmn_c,0.15083578598265035
C00533,M_no_c,
C00088,M_no2_c,
C00244,M_no3_c,
C00007,M_o2_c,0.005686326987153212
C00704,M_o2s_c,0.002514701974032363
C00036,M_oaa_c,0.024702172015511614
C03981,M_oaa_c,0.024702172015511614
C05276,M_oc2coa_c,0.830636324392664
C01944,M_occoa_c,0.8381065337729199
C01530,M_ocdca_c,0.3236084221585389
C00712,M_ocdcea_c,0.3174661612409757
C06423,M_octa_c,0.15597285051917043
C04146,M_octdp_c,0.862820227797878
C16218,M_od2coa_c,0.9567023259146601
C06054,M_ohpb_c,0.06440592769515474
C00596,M_op4en_c,
C00077,M_orn_c,0.09906236176540073
C01602,M_orn_c,0.09906236176540073
C00295,M_orot_c,0.034515893021780375
C01103,M_orot5p_c,0.09557599400940031
C00209,M_oxa_c,
C02232,M_oxadpcoa_c,
C00313,M_oxalcoa_c,
C01444,M_oxam_c,0.11979985587980968
C00802,M_oxur_c,0.12589756644150185
C00548,M_pac_c,
C07086,M_pac_c,
C15583,M_pac_c,
C00601,M_pacald_c,
C01134,M_pan4p_c,0.4260912410479101
C00522,M_pant__R_c,0.13467091117354002
C00054,M_pap_c,0.19757203091215203
C00053,M_paps_c,0.23144318919389173
C00627,M_pdx5p_c,0.1497065052808444
C00074,M_pep_c,0.023889540928612174
C00582,M_phaccoa_c,
C00079,M_phe__L_c,0.10246580002050143
C02057,M_phe__L_c,0.10246580002050143
C00032,M_pheme_c,2.0270076336152187
C03511,M_phetrna_c,
C01102,M_phom_c,0.057354673376941445
C00166,M_phpyr_c,0.09700466947332176
C02763,M_phpyr_c,0.09700466947332176
C06055,M_phthr_c,0.09580995440341411
C00009,M_pi_c,1.0366658338806234
C13558,M_pi_c,1.0366658338806234
C19845,M_pimACP_c,
C19846,M_pmeACP_c,
C00154,M_pmtcoa_c,0.9380479089973859
C00864,M_pnto__R_c,0.18349618517503608
C20249,M_poaac_c,0.05524357469822716
C00479,M_ppal_c,
C02876,M_ppap_c,0.03468281019891606
C00931,M_ppbng_c,0.37474805676768197
C00100,M_ppcoa_c,0.6742810028850799
C01228,M_ppgpp_c,0.228522489936811
C00254,M_pphn_c,0.09782711433193869
C00013,M_ppi_c,0.006142075813464487
C02191,M_ppp9_c,1.6805027132729466
C01079,M_pppg9_c,1.668451336962995
C00536,M_pppi_c,0.01230693994730414
C05629,M_pppn_c,
C03090,M_pram_c,0.05621112224170055
C04302,M_pran_c,0.19021639600094176
C02741,M_prbamp_c,0.27349224711796793
C02739,M_prbatp_c,0.27853383830520606
C15996,M_preq0_c,0.18281231846865031
C16675,M_preq1_c,0.6131411929744979
C04896,M_prfp_c,0.27829179695343376
C04916,M_prlp_c,0.28112448244651533
C00148,M_pro__L_c,0.05670044280010611
C16435,M_pro__L_c,0.05670044280010611
C02702,M_protrna_c,
C00119,M_prpp_c,0.0564012482661469
C01005,M_pser__L_c,0.05332876116138641
C00134,M_ptrc_c,0.09913438637080274
C00647,M_pyam5p_c,0.18006752166430662
C00534,M_pydam_c,0.17870281557552659
C00250,M_pydx_c,0.15037811934957013
C00018,M_pydx5p_c,0.14659919586468284
C00314,M_pydxn_c,0.15357088531398055
C00022,M_pyr_c,0.017532454977775558
C17569,M_q8_c,1.5681077710057112
C00296,M_quin_c,0.059924486314177905
C03722,M_quln_c,0.05738730716227103
C01151,M_r15bp_c,0.05075133187333325
C00620,M_r1p_c,0.04437600664976005
C03736,M_r5p_c,0.04371330449692845
C01007,M_rbflvrd_c,0.47245817307076665
C00508,M_rbl__L_c,
C05775,M_rdmbzi_c,
C03539,M_rhcys_c,0.30862921284036116
C00121,M_rib__D_c,0.042610918776375684
C21057,M_rib__D_c,0.042610918776375684
C00255,M_ribflv_c,0.46865781048125443
C00861,M_rml_c,
C01131,M_rml1p_c,0.06508546341095212
C00507,M_rmn_c,
C00199,M_ru5p__D_c,0.04343214279864949
C01101,M_ru5p__L_c,0.04482847009964486
C00447,M_s17bp_c,0.06386624344680847
C05382,M_s7p_c,0.057166966269794894
C00213,M_sarcs_c,
C01096,M_sbt6p_c,0.055197739309531535
C03160,M_sbzcoa_c,1.081295914109981
C05778,M_scl_c,2.0351763258120714
C06482,M_sectrna_c,
C05697,M_sel_c,
C01528,M_seln_c,
C05172,M_selnp_c,
C00740,M_ser__D_c,0.0596561010115515
C00065,M_ser__L_c,0.05929677568077274
C00716,M_ser__L_c,0.05929677568077274
C05820,M_seramp_c,0.2644847186728194
C02553,M_sertrna_c,
C06481,M_sertrna_sec_c,
C00748,M_sheme_c,2.0386289610381025
C00493,M_skm_c,0.06359104876857424
C03175,M_skm5p_c,0.07043652461364847
C04421,M_sl26da_c,0.11112400833706015
C04462,M_sl2a6o_c,0.10272903080137397
C05684,M_slnt_c,
C09306,M_so2_c,
C00094,M_so3_c,0.10445389246395154
C11481,M_so3_c,0.10445389246395154
C00059,M_so4_c,3.9649498433844577
C00315,M_spmd_c,
C00412,M_stcoa_c,0.9610252144329423
C02591,M_suc6p_c,
C16688,M_suc6p_c,
C03296,M_sucarg_c,0.14941240280732515
C02730,M_sucbz_c,0.43421183115561757
C00042,M_succ_c,0.029811724314832144
C00091,M_succoa_c,0.6741342479265944
C05931,M_sucglu_c,0.1522107776852577
C05932,M_sucgsa_c,0.15395650978360376
C01118,M_suchms_c,0.08353383697957684
C03415,M_sucorn_c,0.14786775531137053
C00232,M_sucsal_c,0.04328202497733136
C14179,M_sulfac_c,
C01097,M_tag6p__D_c,
C03785,M_tagdp__D_c,0.07024112823513784
C00558,M_tagur_c,
C02107,M_tartr__D_c,
C00898,M_tartr__L_c,
C00245,M_taur_c,
C01755,M_tcynt_c,
C05273,M_td2coa_c,0.9048055255952536
C02593,M_tdcoa_c,0.9122757349755539
C05758,M_tddec2eACP_c,
C05754,M_tdec2eACP_c,
C03972,M_thdp_c,0.06951884086621174
C05748,M_thex2eACP_c,
C00101,M_thf_c,0.5177096652261959
C00378,M_thm_c,
C01081,M_thmmp_c,0.9688823455807904
C21007,M_thmnp_c,0.20604543238672557
C00068,M_thmpp_c,1.514586868949952
C05650,M_thptdn_c,
C00188,M_thr__L_c,0.05612355432265126
C02992,M_thrtrna_c,
C00178,M_thym_c,0.08927299096143093
C00214,M_thymd_c,0.13213148054842527
C00565,M_tma_c,
C01104,M_tmao_c,
C05760,M_tmrs2eACP_c,
C05751,M_toct2eACP_c,
C16221,M_toctd2eACP_c,
C05763,M_tpalm2eACP_c,
C00343,M_trdox_c,
C00342,M_trdrd_c,
C01083,M_tre_c,0.1052957232590579
C00689,M_tre6p_c,0.10378800053908455
C01635,M_trnaala_c,
C01636,M_trnaarg_c,
C01637,M_trnaasn_c,
C01638,M_trnaasp_c,
C01639,M_trnacys_c,
C01640,M_trnagln_c,
C01641,M_trnaglu_c,
C01642,M_trnagly_c,
C01643,M_trnahis_c,
C01644,M_trnaile_c,
C01645,M_trnaleu_c,
C01646,M_trnalys_c,
C01647,M_trnamet_c,
C01648,M_trnaphe_c,
C01649,M_trnapro_c,
C01650,M_trnaser_c,
C01651,M_trnathr_c,
C01652,M_trnatrp_c,
C00787,M_trnatyr_c,
C01653,M_trnaval_c,
C00078,M_trp__L_c,0.20236783996548935
C00806,M_trp__L_c,0.20236783996548935
C03512,M_trptrna_c,
C00320,M_tsul_c,
C05529,M_tsul_c,
C20679,M_tungs_c,
C00082,M_tyr__L_c,0.10040985530503921
C01536,M_tyr__L_c,0.10040985530503921
C02839,M_tyrtrna_c,
C04652,M_u23ga_c,0.8141712358721409
C04738,M_u3aga_c,0.5016312723432503
C06022,M_u3hga_c,0.524804220216013
C04631,M_uaccg_c,0.2458829852397204
C00043,M_uacgam_c,0.2094145358530919
C01170,M_uacmam_c,0.22294361609569435
C06240,M_uacmamu_c,0.328844361199776
C05897,M_uagmda_c,1.5761667054052464
C01212,M_uama_c,0.2819661368596571
C00692,M_uamag_c,0.3285520581245094
C01050,M_uamr_c,0.2522594331491712
C00348,M_udcpp_c,1.1279961625573653
C00015,M_udp_c,0.10178621227194817
C16154,M_udpLa4fn_c,0.3983706725006364
C16153,M_udpLa4n_c,0.3888792739730751
C16155,M_udpLa4o_c,0.38325319242893396
C00029,M_udpg_c,0.15261691275756384
C00052,M_udpgal_c,0.15269650557961922
C03733,M_udpgalfur_c,0.15572921298565578
C00167,M_udpglcur_c,0.14893734333237818
C04882,M_ugmda_c,0.5441508556703445
C00105,M_ump_c,0.09616995389304384
C01289,M_unaga_c,1.2415940139460457
C20497,M_unagamu_c,1.4697972606874
C01051,M_uppg3_c,1.6301704328516298
C00106,M_ura_c,0.0523865185649508
C20231,M_uracp_c,0.05601107360367896
C00366,M_urate_c,0.12344616415131959
C00603,M_urdglyc_c,0.12838679386101282
C02766,M_urdglyc_c,0.12838679386101282
C00086,M_urea_c,0.11519310489562784
C00299,M_uri_c,0.09503799526225931
C00075,M_utp_c,0.10733860490877989
C00183,M_val__L_c,0.08571481924259938
C16436,M_val__L_c,0.08571481924259938
C02554,M_valtrna_c,
C00385,M_xan_c,0.12241014157190477
C01337,M_xdp_c,0.20359650931255358
C00655,M_xmp_c,0.17200647248236667
C00700,M_xtp_c,0.20389991714597766
C01762,M_xtsn_c,0.16547530024594304
C00231,M_xu5p__D_c,0.0434494848395417
C03291,M_xu5p__L_c,
C00181,M_xyl__D_c,
C00310,M_xylu__D_c;M_xylu__L_c,
C00312,M_xylu__D_c;M_xylu__L_c,
C00038,M_zn2_c,0.0003091633147156436
C12570,M_zn2_c,0.0003091633147156436
