Time,G6P,F6P,FBP,DHAP,GA3P,23PG,R5P,RU5P+X5P,S7P,E4P,ASN,GLU,SER,THR,GLN,HOM,TYR,GLY,PRO,ALA,MET,VAL,ARG,LYS
0,0.016646922,0.055343292,NaN,0.007969944,0.018949758,0.140138356,0.019000351,0.005158811,0.00128582,0.020132892,0.068408046,1.572429119,NaN,NaN,0.031269154,0.021678868,NaN,0.457261413,0.013006665,NaN,NaN,NaN,0.055588949,0.139484766
11,0.054680161,0.025428593,0.09854948,0.047721414,0.011344308,0.146403825,0.012901679,0.004738495,0.005542563,0.052,0.03959798,18.88593127,NaN,NaN,0.217035051,0.622706523,NaN,19.35010918,0.079195959,0.707106781,NaN,NaN,NaN,7.353910524
12,0.056047599,0.015143756,0.351120112,0.0612318,0.014422205,0.081616992,0.042172977,0.004,0.008428523,0.109860518,0.175362482,1.404753834,0.308343445,0.106903149,0.060044428,0.042332021,NaN,2.411085509,0.274197009,0.08,NaN,NaN,NaN,21.19748413
13,0.05281414,0.046360903,0.135371095,0.091243265,0.012858201,0.259733196,0.036065126,0.006928203,0.003885014,0.14655147,0.097734334,5.984691582,NaN,NaN,0.060177515,0.156614176,NaN,8.013322241,0.210497823,0.317490157,NaN,NaN,NaN,22.27105745
14,0.054454874,0.012858201,0.024979992,0.094063808,0.015143756,0.367020435,0.032216766,0.065767266,0.007529498,0.091243265,0.16984699,2.809507667,NaN,NaN,0.02,0.200013333,NaN,11.08512517,0.25716402,0.151437556,NaN,NaN,NaN,26.02562839
15,0.05768882,0.048387326,0.032578111,0.115470054,0.011547005,0.174218254,0.044147631,0.008326664,0.015503978,0.151947359,0.2,5.2,NaN,NaN,0.010583005,0.183317575,NaN,36.53163013,0.32,0.826559133,NaN,NaN,NaN,54.60158728
16,0.093836738,0.016653328,0.039259818,0.201328918,0.018330303,0.436220128,0.067091977,0.006110101,0.020132892,0.117234807,0.339411255,7.233256528,NaN,0.07184242,0.064373908,0.45254834,NaN,32.63699333,0.48,0.977616148,NaN,NaN,NaN,121.2600511
17,0.018903263,0.027227437,0.127895791,0.366606056,0.014422205,0.174355958,0.06885734,0.017435596,0.032741411,0.368789009,0.509116882,0.848528137,NaN,0.109568852,0.381575681,0.810267446,NaN,31.22136021,1.74737899,1.878864906,NaN,NaN,NaN,20
18,0.370664269,0.042332021,0.177643838,0.100664459,0.010583005,0.893532316,0.010583005,0.008,0.008,1.142686892,0.757187779,3.716629297,NaN,0.009899495,0.024979992,0.113137085,NaN,30.02487857,0.538144962,0.234378611,NaN,NaN,NaN,46.18802154
19,0.115470054,0.04613025,0.058286648,0.100664459,0.016,0.820081297,0.03494758,0.004618802,0.02,0.135823415,0.55569776,3.208322511,NaN,NaN,0.03122136,NaN,NaN,11.28775147,0.013348338,0.362950869,NaN,NaN,NaN,105.8300524
20,0.205264058,0.04201587,0.093552125,0.092376043,0.016,0.566156633,0.02884441,0.016165808,0.02433105,0.395420451,0.471593045,3.62950869,0.864012346,0.280950767,0.0052,0.189032625,0.107902178,28.02379941,0.014064253,0.700856619,NaN,NaN,NaN,46.18802154
21,0.061101009,0.024,0.064373908,0.205264058,0.022271057,0.977343338,0.030287511,0.034486712,0.018475209,0.08637901,0.280950767,3.607399802,0.158509726,0.056,0.046057935,0.605750224,0.094769897,20.03596766,NaN,1.058300524,NaN,NaN,NaN,161.6580754
22,0.074009008,0.076315136,0.09586101,0.234378611,0.036,0.288444102,0.047384948,0.025403412,0.020526406,0.26835797,0.266333125,2.013289183,0.364867099,0.110489819,0.010042576,0.362950869,0.026025628,7.6,0.046633384,0.8326664,NaN,NaN,NaN,105.8300524
23,0.143796152,0.039395431,0.256135381,0.30022214,0.019731531,0.205264058,0.015143756,0.020526406,0.020132892,0.169705627,NaN,2.893671255,0.223445743,0.021437662,0.026630309,0.612318,0.08759178,19.66655367,0.005670979,2.571640203,NaN,NaN,NaN,61.10100927
24,0.170473849,0.018903263,0.148647233,0.243310501,0.031069814,0.138564065,0.008326664,0.006110101,0.022271057,0.350724963,0.404639757,2.663331247,0.387494516,0.013010765,0.016642115,0.12,0.033755197,48.48422424,0.052777268,2.602562839,0.024,0.154211975,NaN,23.09401077
25,0.206572021,0.031240999,0.219429563,0.105830052,0.016653328,0.16653328,0.032,0.004618802,0.018330303,0.098994949,0.989949494,1.285820101,0.056426944,0.106214123,0.020306977,0.816169917,0.020091789,3.417601498,0.049065399,1.514375559,0.082977909,0.637959246,NaN,80
26,0.645195578,0.150890689,0.118050837,0.30022214,0.024979992,0.183303028,0.031069814,0.011547005,0.009237604,NaN,0.174355958,2.602562839,0.296872588,0.043557778,0.026835797,0.787908624,0.00512687,59.08231546,0.044239952,2.203028219,0.112641023,0.012858201,NaN,122.2020185
27,0.197315314,0.056047599,0.198164914,0.174355958,0.010066446,0.12,0.004,0.008,0.02884441,0.305470129,0.349475798,2.366544598,0.236992264,0.08326664,0.010630773,0.765593452,0,14.64422526,0.025632271,2.013289183,0.348918329,0.38574603,0.313800021,379.1006902
28,0.423175299,0.025455844,0.145986301,0.183303028,0.008485281,0.115470054,0.030287511,0.008485281,0.090891877,0.165618034,0.72700298,2.206294027,0.376255233,0.045254834,0.01836954,0.244404037,0.01489698,48.00888807,0.019552323,2.837839554,0.342235786,0.061101009,0.173988659,NaN
29,0.234378611,0.070465121,0.105248911,0.046188022,0.002309401,0.061101009,0.006928203,0.012220202,0.02116601,0.053740115,0.32,2.252465316,0.446431779,0.05939697,0.031512114,0.36073998,0.043382488,95.2470472,0.024970382,1.514375559,0.12858201,0.620107518,NaN,72.14799605
30,0.218369717,0.058968918,0.248772989,0.28,0.028,0.100664459,0.004618802,0.002309401,0.051588112,0.407705776,0.787908624,1.580379701,0.348742503,0.036769553,0.012028854,0.340196022,0.023753516,45.38252233,0.014839587,2.893671255,0.189032625,0.601775152,NaN,113.137085
31,0.061101009,0.12489996,1.15383881,0.140475383,0.019731531,0.183303028,0.017435596,0.008326664,0.018036999,0.155400558,0.560475988,1.196216257,0.218686991,0.052459508,0.022394047,1.104898185,0.025349819,35.42955452,0.023273447,2.052640576,0.197315314,0.468757222,NaN,146.860478
32,0.023094011,0.036073998,0.103098658,0.18036999,0.022271057,0.092376043,0.083522452,0.026229754,0.026633312,NaN,0.522047252,4.6942234,0.356456636,0.08,0.05658174,1.69579873,0.103864784,24.20027548,0.080392039,2,0.571780844,1.149840569,NaN,181.5635793
34,0.23413956,0.118861264,0.176378381,0.138564065,0.008326664,0.12858201,0.019731531,0.010066446,0.03494758,0.104651804,0.169705627,2.304430515,1.571379012,0.376180808,0.045733139,0.706918194,0.447800372,22.03028219,0.321106421,1.973153145,0.24979992,1.726190411,0.037181357,140.4753834
36,0.061101009,0.243244733,0.10690806,0.105830052,0.016970563,0.100664459,0.104919016,0.018903263,0.016970563,0.356583791,0.847899365,3.527567623,0.400666112,0.107802288,0.016632498,1.524729484,0.083490838,34.92926185,0.034019602,3.174901573,0.468757222,1.420422472,0.058410958,100.6644591
38,0.061101009,0.05033223,0.145986301,0.189032625,0.010066446,0.500133316,0.008326664,0.016,0.010583005,0.138592929,0.509116882,4.947942333,0.122202019,0.217782766,0.015514294,0.934094927,0.079612059,69.39740629,0.123698558,1.285820101,0.241108551,1.50589951,0.160734315,23.09401077
40,0.210155498,0.137423918,0.042332021,0.04,0.020132892,0.33306656,0.031749016,0.004,0.018036999,0.216012345,0.394630629,0.523067873,0.576888204,0.236913486,0.020600324,1.257298692,0.168491345,38.52687374,0.086932924,1.2,0.529150262,3.084498879,0.072929921,160
42,0.308077912,0.006110101,0.099142994,0.046188022,0.012220202,0.34176015,0.031240999,0.006928203,0.034641016,0.290002299,0.266333125,1.859462288,0.201328918,0.422039493,0.018774451,1.998532795,0.125496348,177.2135435,0.047384948,1.6653328,0.773907833,3.622448527,1.795750911,122.2020185
44,0.04,0.115723809,0.047721414,0.072332565,0.010583005,0.12,0.016653328,0.011547005,0.031240999,0.050911688,1.099818167,2.046395205,0.935521245,0.236722059,0.020420904,0.340196022,0.099946652,125.4910355,0.094572723,0.4,0.442417601,2.22003003,1.253863491,100.6644591
46,0.12858201,0.018903263,0.166324983,0.099946652,0.012220202,0.12858201,0.011313708,0.004,0.028378396,0.296984848,0.540123443,1.442959921,0.839364839,0.348375277,0.014290323,0.833626615,0.174646309,67.91092205,0.134004975,1.006644591,0.757187779,3.019933774,1.255449901,100.6644591
48,0.22627417,0.011313708,0.025455844,0.132936075,0.005656854,0.424264069,0.036769553,0.011313708,0.042426407,NaN,NaN,4.949747468,2.177888886,0.056568542,0.033941125,3.450681092,0.427092496,36.76955262,0.466690476,1.13137085,0.367695526,3.676955262,0.157543391,203.646753
50,0.22224311,0.158341403,0.109981817,0.12002222,0.012220202,0.241108551,0.044060564,0.014047538,0.042770706,0.172,0.323316151,2.08,2.031879262,0.380175398,0.044060564,0.927218061,0.12604761,65.03332479,0.087726849,0.230940108,0.144222051,2.052640576,NaN,105.8300524
52,0.220302822,0.025716402,0.024440404,0.065033325,0.008326664,0.283783955,0.027712813,0.004618802,0.041761226,0.20880613,0.335459883,1.247717917,0.189032625,0.139312598,0.011484482,0.400666112,0.174049342,99.14299437,0.046360903,3.028751118,0.993847742,4.105281152,NaN,61.10100927
56,0.139733079,0.031749016,0.055569776,0.157039273,0.026025628,0.272274371,0.020526406,0.008326664,0.006110101,0.225388553,0.473849484,3.881649134,0.362950869,0.272538682,0.017019205,1.460410901,0.09566971,12,0.022030282,1.285820101,0.940638081,3.487119155,0.092231882,83.26663998
60,0.346484307,0.056855376,0.251364253,0.03114711,0.024501621,0.348788192,0.035851546,0.022884057,0.052245463,0.178033705,0.395979797,1.656180344,0.642910051,0.389755479,0.019644847,0.720370275,0.072572538,58.10335619,0.060044428,1.32242202,0.211660105,5.143280406,0.070009523,23.09401077
64,0.023756281,0.056272228,0.084738148,0.029177894,0.064160657,0.057340426,0.012,0.013212117,0.021375209,0.195236609,0.975158107,1.840579619,0.484974226,0.123698558,0.014087347,0.440605644,0.02425201,88.12112876,0.088754343,1.028396811,0.24979992,1.803699901,0.074868774,144.222051
68,0.132269376,0.026630402,NaN,0.007706911,0.089456032,0.175177894,0.018036999,0.01800508,0.0291295,0.242783854,0.697423831,2.46781955,0.766289762,0.104230514,0.036665697,0.833626615,0.040463976,38.15756806,0.076628976,1.379468497,0.069282032,1.006644591,0.093836738,23.09401077
72,0.13675766,0.09366974,0.151318121,0.160617151,0.021829279,0.303417012,0.020526406,0.029260474,0.047339028,0.181019336,0.848528137,3.280325187,2.624296731,0.65695459,0.148257254,1.023197602,0.293730035,28.93671255,0.609712501,2.651590718,1.275199331,5.51845389,0.125368789,83.26663998
76,0.17434661,0.094981093,0.074130437,0.059863072,0.07324093,0.172021277,0.014422205,0.015256038,0.024681966,0.413305375,0.366606056,4.478749826,0.960277738,0.178542245,0.017437125,0.707672241,0.123569144,80.53156731,0.31303248,3.260511207,0.790274214,3.274141109,0.099304246,40
80,0.194048149,0.049405393,0.048421799,0.023545002,0.092306485,0.087588947,0.014047538,0.022884057,0.037022948,0.016970563,0.720370275,1.300461457,NaN,0.233729188,0.040072601,0.151437556,0.200439517,82.59136355,0.077700279,1.420422472,0.30022214,3.019933774,0.148665172,23.09401077
86,0.161489081,0.060098766,NaN,0.032086429,0.058638564,0.29424821,0.019731531,0.022884057,0.037022948,0.207473693,0.311126984,1.092031746,0.784176851,0.384111095,0.010294335,0.529150262,0.127582653,34.64101615,0.077871689,0.899184816,1.023197602,2.274496281,0.161658075,61.10100927
92,0.385500533,0.059823713,NaN,0.047090003,0.064026922,0.114680851,0.022271057,0.004993711,0.00807907,0.399145754,1.259206099,2.209917042,1.092031746,0.294844592,0.026750202,0.48,0.112166543,86.62563131,0.26800995,0.688573404,1.157468502,6.657326791,0.04,69.2820323
98,0.236205378,0.091442371,0.478165262,0.03114711,0.030274184,0.13242204,0.016165808,0.016052534,0.025970576,0.307384667,0.161658075,1.34004975,1.221365356,0.092376043,0.028956059,0.940070919,0.056756791,57.73502692,0.086193581,0.820081297,0.765593452,4.326661531,0.381575681,83.26663998
104,0.479579766,0.10582259,0.468138259,0.073519244,0.029878357,0.13242204,0.014422205,0.017537336,0.02837276,0.274002433,0.140475383,0.725901738,0.546015873,0.33306656,0.022528205,0.637913265,0.125560079,31.74901573,0.222710575,1.675390502,1.444622211,3.208322511,0.161658075,211.6601049
110,0.589515216,0.016244393,0.066579973,0.013348761,0.008526421,0.368647359,0.031749016,0.022517889,0.036430543,0.092980285,0.384360941,0.796994354,0.968572833,0.506491198,0.009699485,0.860077516,0.223153161,97.51581068,0.105830052,1.77583783,0.766289762,5.937451754,0.280950767,83.26663998
116,0.359169043,0.134752601,NaN,0.004449587,0.021209673,0.546992797,0.02261445,0.007628019,0.012340983,0.073539105,0.100664459,1.683963578,1.258782481,0.37806525,0.015724291,0.975158107,0.08711678,20.78460969,0.440605644,0.866256313,1.174620506,4.613025038,0.58286648,234.3786111
128,0.894677314,0.107676557,0.275515354,0.035317503,0.093169149,0.119363614,0.089796511,0.01256723,0.02033188,0.326100189,0.312930237,5.332066516,1.164130577,0.560475988,0.035156792,2.104978226,0.074868774,20.13289183,0.564269439,2.161604342,0.725901738,6.404165311,0.266333125,80
140,0.726341821,0.121086124,0.690346813,0.007706911,0.119401808,0.315806439,0.023094011,0.018905884,0.030586864,0.498835978,0.162693987,1.858314649,0.877572409,0.100664459,0.014655147,2.223630665,0.335459883,70.76722405,0.266333125,2.722743714,1.87104249,NaN,0.578734251,80
152,0.237562812,0.049903611,0.599270706,0.011772501,0.028658091,1.138656308,0.054110997,0.014415601,0.023322265,0.215604576,0.167761736,2.893671255,0.312409987,0.611010093,0.025525935,3.600222215,0.589236795,18.33030278,0.62268237,0.8326664,0.780085465,NaN,0.808949937,151.4375559
164,0.532637691,0.021489312,0.617377934,0.053948376,0.045244059,0.520293932,0.037166293,0.004993711,0.00807907,0.304245515,0.266843275,1.803699901,0.567567911,0.266333125,0.009406381,1.023197602,0.72700298,164.2924222,0.260256284,2.837839554,1.054008223,NaN,0.873002482,83.26663998
182,0.74333619,0.218394976,0.778299143,0.047090003,0.077098932,1.07120755,0.034486712,0.047984684,0.077631971,0.515011974,0.089472528,1.6,0.119353816,0.189032625,0.0090185,0.8,0.358515458,60.17751518,0.432666153,4.214261501,0.750821772,NaN,1.431828668,80
227,NaN,NaN,NaN,NaN,NaN,NaN,NaN,NaN,NaN,NaN,NaN,NaN,NaN,NaN,NaN,NaN,NaN,NaN,NaN,NaN,NaN,NaN,NaN,NaN
229,NaN,NaN,NaN,NaN,NaN,NaN,NaN,NaN,NaN,NaN,NaN,NaN,NaN,NaN,NaN,NaN,NaN,NaN,NaN,NaN,NaN,NaN,NaN,NaN
