Batch-Tube,Timepoint,Medium,OD,AUC OD,Hours,Strain,Parallel,Batch,#,Exp. phase time limit,Tube,Well
5-12A,1.0,M9 20 mM glucose pH 7.4 + 10 ng/mL aTc,0.024,0.069857369510978,4.0,WT+pEP35,A,5.0,20157,23.0,12A,D1
5-12A,2.0,M9 20 mM glucose pH 7.4 + 10 ng/mL aTc,0.03,0.1671907028443113,8.0,WT+pEP35,A,5.0,20489,23.0,12A,D1
5-12A,3.0,M9 20 mM glucose pH 7.4 + 10 ng/mL aTc,0.036,0.233357369510978,10.0,WT+pEP35,A,5.0,20573,23.0,12A,D1
5-12A,4.0,M9 20 mM glucose pH 7.4 + 10 ng/mL aTc,0.041,0.2706907028443113,11.0,WT+pEP35,A,5.0,21009,23.0,12A,D1
5-12A,5.0,M9 20 mM glucose pH 7.4 + 10 ng/mL aTc,0.048,0.3150240361776447,12.0,WT+pEP35,A,5.0,21284,23.0,12A,D1
5-12A,6.0,M9 20 mM glucose pH 7.4 + 10 ng/mL aTc,0.056,0.3670240361776447,13.0,WT+pEP35,A,5.0,21444,23.0,12A,D1
5-12A,7.0,M9 20 mM glucose pH 7.4 + 10 ng/mL aTc,0.072,0.430357369510978,14.0,WT+pEP35,A,5.0,21643,23.0,12A,D1
5-12A,8.0,M9 20 mM glucose pH 7.4 + 10 ng/mL aTc,0.098,0.514357369510978,15.0,WT+pEP35,A,5.0,21991,23.0,12A,D1
5-12A,9.0,M9 20 mM glucose pH 7.4 + 10 ng/mL aTc,0.137,0.6307740361776446,16.0,WT+pEP35,A,5.0,22297,23.0,12A,D1
5-12A,10.0,M9 20 mM glucose pH 7.4 + 10 ng/mL aTc,0.654,2.0183157028443115,20.0,WT+pEP35,A,5.0,22713,23.0,12A,D1
5-12A,11.0,M9 20 mM glucose pH 7.4 + 10 ng/mL aTc,1.3,4.8180657028443115,23.0,WT+pEP35,A,5.0,22243,23.0,12A,G4
5-12A,12.0,M9 20 mM glucose pH 7.4 + 10 ng/mL aTc,1.377,6.165871258399867,24.0,WT+pEP35,A,5.0,22239,23.0,12A,H4
5-12B,1.0,M9 20 mM glucose pH 7.4 + 10 ng/mL aTc,0.024,0.0688757727045908,4.0,WT+pEP35,B,5.0,20021,23.0,12B,D2
5-12B,2.0,M9 20 mM glucose pH 7.4 + 10 ng/mL aTc,0.029,0.1682091060379241,8.0,WT+pEP35,B,5.0,20353,23.0,12B,D2
5-12B,3.0,M9 20 mM glucose pH 7.4 + 10 ng/mL aTc,0.035,0.2320424393712575,10.0,WT+pEP35,B,5.0,20726,23.0,12B,D2
5-12B,4.0,M9 20 mM glucose pH 7.4 + 10 ng/mL aTc,0.041,0.2687091060379242,11.0,WT+pEP35,B,5.0,20822,23.0,12B,D2
5-12B,5.0,M9 20 mM glucose pH 7.4 + 10 ng/mL aTc,0.046,0.3122924393712575,12.0,WT+pEP35,B,5.0,21224,23.0,12B,D2
5-12B,6.0,M9 20 mM glucose pH 7.4 + 10 ng/mL aTc,0.058,0.3630424393712575,13.0,WT+pEP35,B,5.0,21484,23.0,12B,D2
5-12B,7.0,M9 20 mM glucose pH 7.4 + 10 ng/mL aTc,0.071,0.4274591060379242,14.0,WT+pEP35,B,5.0,21707,23.0,12B,D2
5-12B,8.0,M9 20 mM glucose pH 7.4 + 10 ng/mL aTc,0.095,0.5087091060379242,15.0,WT+pEP35,B,5.0,22039,23.0,12B,D2
5-12B,9.0,M9 20 mM glucose pH 7.4 + 10 ng/mL aTc,0.138,0.6236257727045909,16.0,WT+pEP35,B,5.0,22410,23.0,12B,D2
5-12B,10.0,M9 20 mM glucose pH 7.4 + 10 ng/mL aTc,0.743,2.1526674393712577,20.0,WT+pEP35,B,5.0,22674,23.0,12B,D2
5-12B,11.0,M9 20 mM glucose pH 7.4 + 10 ng/mL aTc,1.369,5.130167439371258,23.0,WT+pEP35,B,5.0,22179,23.0,12B,G5
5-12B,12.0,M9 20 mM glucose pH 7.4 + 10 ng/mL aTc,1.473,6.559334106037925,24.0,WT+pEP35,B,5.0,22171,23.0,12B,H5
5-12C,1.0,M9 20 mM glucose pH 7.4 + 10 ng/mL aTc,0.024,0.0782387961077844,4.0,WT+pEP35,C,5.0,20249,23.0,12C,D3
5-12C,2.0,M9 20 mM glucose pH 7.4 + 10 ng/mL aTc,0.03,0.1782387961077844,8.0,WT+pEP35,C,5.0,20485,23.0,12C,D3
5-12C,3.0,M9 20 mM glucose pH 7.4 + 10 ng/mL aTc,0.035,0.243405462774451,10.0,WT+pEP35,C,5.0,20589,23.0,12C,D3
5-12C,4.0,M9 20 mM glucose pH 7.4 + 10 ng/mL aTc,0.039,0.2794887961077844,11.0,WT+pEP35,C,5.0,20989,23.0,12C,D3
5-12C,5.0,M9 20 mM glucose pH 7.4 + 10 ng/mL aTc,0.047,0.3221554627744511,12.0,WT+pEP35,C,5.0,21121,23.0,12C,D3
5-12C,6.0,M9 20 mM glucose pH 7.4 + 10 ng/mL aTc,0.054,0.3731554627744511,13.0,WT+pEP35,C,5.0,21532,23.0,12C,D3
5-12C,7.0,M9 20 mM glucose pH 7.4 + 10 ng/mL aTc,0.067,0.4331554627744511,14.0,WT+pEP35,C,5.0,21855,23.0,12C,D3
5-12C,8.0,M9 20 mM glucose pH 7.4 + 10 ng/mL aTc,0.085,0.5088221294411177,15.0,WT+pEP35,C,5.0,22095,23.0,12C,D3
5-12C,9.0,M9 20 mM glucose pH 7.4 + 10 ng/mL aTc,0.12,0.609905462774451,16.0,WT+pEP35,C,5.0,22450,23.0,12C,D3
5-12C,10.0,M9 20 mM glucose pH 7.4 + 10 ng/mL aTc,0.587,1.848197129441118,20.0,WT+pEP35,C,5.0,22569,23.0,12C,D3
5-12C,11.0,M9 20 mM glucose pH 7.4 + 10 ng/mL aTc,1.238,4.331447129441118,23.0,WT+pEP35,C,5.0,22358,23.0,12C,G6
5-12C,12.0,M9 20 mM glucose pH 7.4 + 10 ng/mL aTc,1.305,5.61441935166334,24.0,WT+pEP35,C,5.0,22418,23.0,12C,H6
5-13A,1.0,M9 20 mM glucose pH 7.4 + 10 ng/mL aTc,0.032,0.0893635477045908,4.0,WT+pEP17,A,5.0,20097,23.0,13A,D4
5-13A,2.0,M9 20 mM glucose pH 7.4 + 10 ng/mL aTc,0.042,0.2293635477045908,8.0,WT+pEP17,A,5.0,20541,23.0,13A,D4
5-13A,3.0,M9 20 mM glucose pH 7.4 + 10 ng/mL aTc,0.065,0.3338635477045908,10.0,WT+pEP17,A,5.0,20597,23.0,13A,D4
5-13A,4.0,M9 20 mM glucose pH 7.4 + 10 ng/mL aTc,0.076,0.4071135477045908,11.0,WT+pEP17,A,5.0,20942,23.0,13A,D4
5-13A,5.0,M9 20 mM glucose pH 7.4 + 10 ng/mL aTc,0.089,0.4894468810379241,12.0,WT+pEP17,A,5.0,21344,23.0,13A,D4
5-13A,6.0,M9 20 mM glucose pH 7.4 + 10 ng/mL aTc,0.103,0.5854468810379242,13.0,WT+pEP17,A,5.0,21476,23.0,13A,D4
5-13A,7.0,M9 20 mM glucose pH 7.4 + 10 ng/mL aTc,0.125,0.6987802143712575,14.0,WT+pEP17,A,5.0,21851,23.0,13A,D4
5-13A,8.0,M9 20 mM glucose pH 7.4 + 10 ng/mL aTc,0.148,0.8357802143712575,15.0,WT+pEP17,A,5.0,21879,23.0,13A,D4
5-13A,9.0,M9 20 mM glucose pH 7.4 + 10 ng/mL aTc,0.192,1.0040302143712574,16.0,WT+pEP17,A,5.0,22270,23.0,13A,D4
5-13A,10.0,M9 20 mM glucose pH 7.4 + 10 ng/mL aTc,0.66,2.551613547704591,20.0,WT+pEP17,A,5.0,22690,23.0,13A,D4
5-13A,11.0,M9 20 mM glucose pH 7.4 + 10 ng/mL aTc,1.262,5.230613547704591,23.0,WT+pEP17,A,5.0,22406,23.0,13A,G7
5-13A,12.0,M9 20 mM glucose pH 7.4 + 10 ng/mL aTc,1.359,6.549391325482369,24.0,WT+pEP17,A,5.0,22350,23.0,13A,H7
5-13B,1.0,M9 20 mM glucose pH 7.4 + 10 ng/mL aTc,0.033,0.0999299611776447,4.0,WT+pEP17,B,5.0,20057,23.0,13B,D5
5-13B,2.0,M9 20 mM glucose pH 7.4 + 10 ng/mL aTc,0.048,0.255263294510978,8.0,WT+pEP17,B,5.0,20529,23.0,13B,D5
5-13B,3.0,M9 20 mM glucose pH 7.4 + 10 ng/mL aTc,0.062,0.3645966278443114,10.0,WT+pEP17,B,5.0,20569,23.0,13B,D5
5-13B,4.0,M9 20 mM glucose pH 7.4 + 10 ng/mL aTc,0.075,0.430763294510978,11.0,WT+pEP17,B,5.0,20858,23.0,13B,D5
5-13B,5.0,M9 20 mM glucose pH 7.4 + 10 ng/mL aTc,0.08,0.5089299611776448,12.0,WT+pEP17,B,5.0,21156,23.0,13B,D5
5-13B,6.0,M9 20 mM glucose pH 7.4 + 10 ng/mL aTc,0.09,0.5924299611776447,13.0,WT+pEP17,B,5.0,21472,23.0,13B,D5
5-13B,7.0,M9 20 mM glucose pH 7.4 + 10 ng/mL aTc,0.104,0.6890966278443114,14.0,WT+pEP17,B,5.0,21791,23.0,13B,D5
5-13B,8.0,M9 20 mM glucose pH 7.4 + 10 ng/mL aTc,0.153,0.8120966278443114,15.0,WT+pEP17,B,5.0,21905,23.0,13B,D5
5-13B,9.0,M9 20 mM glucose pH 7.4 + 10 ng/mL aTc,0.168,0.9754299611776448,16.0,WT+pEP17,B,5.0,22338,23.0,13B,D5
5-13B,10.0,M9 20 mM glucose pH 7.4 + 10 ng/mL aTc,0.668,2.4062632945109783,20.0,WT+pEP17,B,5.0,22504,23.0,13B,D5
5-13B,11.0,M9 20 mM glucose pH 7.4 + 10 ng/mL aTc,1.35,5.239013294510979,23.0,WT+pEP17,B,5.0,22426,23.0,13B,G8
5-13B,12.0,M9 20 mM glucose pH 7.4 + 10 ng/mL aTc,1.46,6.652929961177646,24.0,WT+pEP17,B,5.0,22402,23.0,13B,H8
5-13C,1.0,M9 20 mM glucose pH 7.4 + 10 ng/mL aTc,0.035,0.092482919510978,4.0,WT+pEP17,C,5.0,20133,23.0,13C,D6
5-13C,2.0,M9 20 mM glucose pH 7.4 + 10 ng/mL aTc,0.044,0.2278162528443114,8.0,WT+pEP17,C,5.0,20293,23.0,13C,D6
5-13C,3.0,M9 20 mM glucose pH 7.4 + 10 ng/mL aTc,0.053,0.3254829195109781,10.0,WT+pEP17,C,5.0,20601,23.0,13C,D6
5-13C,4.0,M9 20 mM glucose pH 7.4 + 10 ng/mL aTc,0.057,0.3800662528443114,11.0,WT+pEP17,C,5.0,20818,23.0,13C,D6
5-13C,5.0,M9 20 mM glucose pH 7.4 + 10 ng/mL aTc,0.066,0.4411495861776447,12.0,WT+pEP17,C,5.0,21336,23.0,13C,D6
5-13C,6.0,M9 20 mM glucose pH 7.4 + 10 ng/mL aTc,0.073,0.5113995861776447,13.0,WT+pEP17,C,5.0,21480,23.0,13C,D6
5-13C,7.0,M9 20 mM glucose pH 7.4 + 10 ng/mL aTc,0.094,0.5937329195109781,14.0,WT+pEP17,C,5.0,21763,23.0,13C,D6
5-13C,8.0,M9 20 mM glucose pH 7.4 + 10 ng/mL aTc,0.106,0.6963995861776446,15.0,WT+pEP17,C,5.0,22135,23.0,13C,D6
5-13C,9.0,M9 20 mM glucose pH 7.4 + 10 ng/mL aTc,0.132,0.814232919510978,16.0,WT+pEP17,C,5.0,22286,23.0,13C,D6
5-13C,10.0,M9 20 mM glucose pH 7.4 + 10 ng/mL aTc,0.587,2.063274586177645,20.0,WT+pEP17,C,5.0,22476,23.0,13C,D6
5-13C,11.0,M9 20 mM glucose pH 7.4 + 10 ng/mL aTc,1.258,4.532274586177645,23.0,WT+pEP17,C,5.0,22274,23.0,13C,G9
5-13C,12.0,M9 20 mM glucose pH 7.4 + 10 ng/mL aTc,1.383,5.861941252844312,24.0,WT+pEP17,C,5.0,22187,23.0,13C,H9
5-14A,1.0,M9 20 mM glucose pH 7.4 + 50 mg/L proline,0.028,0.0751743461077844,4.0,ΔproC (mCherry) ΔtrpR + pEP28,A,5.0,20161,16.0,14A,D7
5-14A,2.0,M9 20 mM glucose pH 7.4 + 50 mg/L proline,0.112,0.3018410127744511,8.0,ΔproC (mCherry) ΔtrpR + pEP28,A,5.0,20377,16.0,14A,D7
5-14A,3.0,M9 20 mM glucose pH 7.4 + 50 mg/L proline,0.226,0.6311743461077844,10.0,ΔproC (mCherry) ΔtrpR + pEP28,A,5.0,20609,16.0,14A,D7
5-14A,4.0,M9 20 mM glucose pH 7.4 + 50 mg/L proline,0.292,0.8943410127744511,11.0,ΔproC (mCherry) ΔtrpR + pEP28,A,5.0,21033,16.0,14A,D7
5-14A,5.0,M9 20 mM glucose pH 7.4 + 50 mg/L proline,0.399,1.2364243461077844,12.0,ΔproC (mCherry) ΔtrpR + pEP28,A,5.0,21133,16.0,14A,D7
5-14A,6.0,M9 20 mM glucose pH 7.4 + 50 mg/L proline,0.539,1.703341012774451,13.0,ΔproC (mCherry) ΔtrpR + pEP28,A,5.0,21456,16.0,14A,D7
5-14A,7.0,M9 20 mM glucose pH 7.4 + 50 mg/L proline,0.714,2.326924346107784,14.0,ΔproC (mCherry) ΔtrpR + pEP28,A,5.0,21699,16.0,14A,D7
5-14A,8.0,M9 20 mM glucose pH 7.4 + 50 mg/L proline,0.883,3.129341012774451,15.0,ΔproC (mCherry) ΔtrpR + pEP28,A,5.0,22047,16.0,14A,D7
5-14A,9.0,M9 20 mM glucose pH 7.4 + 50 mg/L proline,1.062,4.101007679441118,16.0,ΔproC (mCherry) ΔtrpR + pEP28,A,5.0,22143,16.0,14A,D7
5-14A,10.0,M9 20 mM glucose pH 7.4 + 50 mg/L proline,1.184,8.915591012774453,20.0,ΔproC (mCherry) ΔtrpR + pEP28,A,5.0,22488,16.0,14A,D7
5-14B,1.0,M9 20 mM glucose pH 7.4 + 50 mg/L proline,0.027,0.0744617544411177,4.0,ΔproC (mCherry) ΔtrpR + pEP28,B,5.0,20065,16.0,14B,D8
5-14B,2.0,M9 20 mM glucose pH 7.4 + 50 mg/L proline,0.109,0.2931284211077845,8.0,ΔproC (mCherry) ΔtrpR + pEP28,B,5.0,20385,16.0,14B,D8
5-14B,3.0,M9 20 mM glucose pH 7.4 + 50 mg/L proline,0.228,0.6204617544411177,10.0,ΔproC (mCherry) ΔtrpR + pEP28,B,5.0,20623,16.0,14B,D8
5-14B,4.0,M9 20 mM glucose pH 7.4 + 50 mg/L proline,0.298,0.8878784211077845,11.0,ΔproC (mCherry) ΔtrpR + pEP28,B,5.0,20850,16.0,14B,D8
5-14B,5.0,M9 20 mM glucose pH 7.4 + 50 mg/L proline,0.402,1.2350450877744512,12.0,ΔproC (mCherry) ΔtrpR + pEP28,B,5.0,21179,16.0,14B,D8
5-14B,6.0,M9 20 mM glucose pH 7.4 + 50 mg/L proline,0.538,1.702545087774451,13.0,ΔproC (mCherry) ΔtrpR + pEP28,B,5.0,21376,16.0,14B,D8
5-14B,7.0,M9 20 mM glucose pH 7.4 + 50 mg/L proline,0.714,2.325211754441118,14.0,ΔproC (mCherry) ΔtrpR + pEP28,B,5.0,21863,16.0,14B,D8
5-14B,8.0,M9 20 mM glucose pH 7.4 + 50 mg/L proline,0.881,3.1275450877744513,15.0,ΔproC (mCherry) ΔtrpR + pEP28,B,5.0,21941,16.0,14B,D8
5-14B,9.0,M9 20 mM glucose pH 7.4 + 50 mg/L proline,1.07,4.101211754441118,16.0,ΔproC (mCherry) ΔtrpR + pEP28,B,5.0,22235,16.0,14B,D8
5-14B,10.0,M9 20 mM glucose pH 7.4 + 50 mg/L proline,1.26,9.069628421107785,20.0,ΔproC (mCherry) ΔtrpR + pEP28,B,5.0,22511,16.0,14B,D8
5-14C,1.0,M9 20 mM glucose pH 7.4 + 50 mg/L proline,0.029,0.082783351247505,4.0,ΔproC (mCherry) ΔtrpR + pEP28,C,5.0,20273,16.0,14C,D9
5-14C,2.0,M9 20 mM glucose pH 7.4 + 50 mg/L proline,0.107,0.3014500179141717,8.0,ΔproC (mCherry) ΔtrpR + pEP28,C,5.0,20461,16.0,14C,D9
5-14C,3.0,M9 20 mM glucose pH 7.4 + 50 mg/L proline,0.208,0.6094500179141717,10.0,ΔproC (mCherry) ΔtrpR + pEP28,C,5.0,20667,16.0,14C,D9
5-14C,4.0,M9 20 mM glucose pH 7.4 + 50 mg/L proline,0.275,0.8497000179141717,11.0,ΔproC (mCherry) ΔtrpR + pEP28,C,5.0,20846,16.0,14C,D9
5-14C,5.0,M9 20 mM glucose pH 7.4 + 50 mg/L proline,0.375,1.1719500179141715,12.0,ΔproC (mCherry) ΔtrpR + pEP28,C,5.0,21113,16.0,14C,D9
5-14C,6.0,M9 20 mM glucose pH 7.4 + 50 mg/L proline,0.503,1.609033351247505,13.0,ΔproC (mCherry) ΔtrpR + pEP28,C,5.0,21520,16.0,14C,D9
5-14C,7.0,M9 20 mM glucose pH 7.4 + 50 mg/L proline,0.68,2.196450017914172,14.0,ΔproC (mCherry) ΔtrpR + pEP28,C,5.0,21639,16.0,14C,D9
5-14C,8.0,M9 20 mM glucose pH 7.4 + 50 mg/L proline,0.846,2.965366684580838,15.0,ΔproC (mCherry) ΔtrpR + pEP28,C,5.0,22003,16.0,14C,D9
5-14C,9.0,M9 20 mM glucose pH 7.4 + 50 mg/L proline,1.052,3.9110333512475046,16.0,ΔproC (mCherry) ΔtrpR + pEP28,C,5.0,22304,16.0,14C,D9
5-14C,10.0,M9 20 mM glucose pH 7.4 + 50 mg/L proline,1.207,8.794741684580838,20.0,ΔproC (mCherry) ΔtrpR + pEP28,C,5.0,22531,16.0,14C,D9
5-15A,1.0,M9 20 mM glucose pH 7.4 + 20 mg/L tryptophan,0.028,0.0796167675648702,4.0,ΔtrpC (sfGFP) proB74 + pEP28,A,5.0,20125,16.0,15A,E1
5-15A,2.0,M9 20 mM glucose pH 7.4 + 20 mg/L tryptophan,0.115,0.3029501008982036,8.0,ΔtrpC (sfGFP) proB74 + pEP28,A,5.0,20345,16.0,15A,E1
5-15A,3.0,M9 20 mM glucose pH 7.4 + 20 mg/L tryptophan,0.263,0.6674501008982037,10.0,ΔtrpC (sfGFP) proB74 + pEP28,A,5.0,20786,16.0,15A,E1
5-15A,4.0,M9 20 mM glucose pH 7.4 + 20 mg/L tryptophan,0.349,0.9809501008982036,11.0,ΔtrpC (sfGFP) proB74 + pEP28,A,5.0,20997,16.0,15A,E1
5-15A,5.0,M9 20 mM glucose pH 7.4 + 20 mg/L tryptophan,0.453,1.3804501008982035,12.0,ΔtrpC (sfGFP) proB74 + pEP28,A,5.0,21276,16.0,15A,E1
5-15A,6.0,M9 20 mM glucose pH 7.4 + 20 mg/L tryptophan,0.58,1.8946167675648704,13.0,ΔtrpC (sfGFP) proB74 + pEP28,A,5.0,21424,16.0,15A,E1
5-15A,7.0,M9 20 mM glucose pH 7.4 + 20 mg/L tryptophan,0.774,2.566033434231537,14.0,ΔtrpC (sfGFP) proB74 + pEP28,A,5.0,21715,16.0,15A,E1
5-15A,8.0,M9 20 mM glucose pH 7.4 + 20 mg/L tryptophan,0.974,3.4446167675648702,15.0,ΔtrpC (sfGFP) proB74 + pEP28,A,5.0,21969,16.0,15A,E1
5-15A,9.0,M9 20 mM glucose pH 7.4 + 20 mg/L tryptophan,1.099,4.48736676756487,16.0,ΔtrpC (sfGFP) proB74 + pEP28,A,5.0,22378,16.0,15A,E1
5-15A,10.0,M9 20 mM glucose pH 7.4 + 20 mg/L tryptophan,1.093,9.139200100898204,20.0,ΔtrpC (sfGFP) proB74 + pEP28,A,5.0,22492,16.0,15A,E1
5-15B,1.0,M9 20 mM glucose pH 7.4 + 20 mg/L tryptophan,0.027,0.0729767413173652,4.0,ΔtrpC (sfGFP) proB74 + pEP28,B,5.0,20025,16.0,15B,E2
5-15B,2.0,M9 20 mM glucose pH 7.4 + 20 mg/L tryptophan,0.104,0.277643407984032,8.0,ΔtrpC (sfGFP) proB74 + pEP28,B,5.0,20297,16.0,15B,E2
5-15B,3.0,M9 20 mM glucose pH 7.4 + 20 mg/L tryptophan,0.24,0.6089767413173652,10.0,ΔtrpC (sfGFP) proB74 + pEP28,B,5.0,20754,16.0,15B,E2
5-15B,4.0,M9 20 mM glucose pH 7.4 + 20 mg/L tryptophan,0.315,0.895643407984032,11.0,ΔtrpC (sfGFP) proB74 + pEP28,B,5.0,20834,16.0,15B,E2
5-15B,5.0,M9 20 mM glucose pH 7.4 + 20 mg/L tryptophan,0.423,1.261893407984032,12.0,ΔtrpC (sfGFP) proB74 + pEP28,B,5.0,21167,16.0,15B,E2
5-15B,6.0,M9 20 mM glucose pH 7.4 + 20 mg/L tryptophan,0.551,1.7483100746506983,13.0,ΔtrpC (sfGFP) proB74 + pEP28,B,5.0,21568,16.0,15B,E2
5-15B,7.0,M9 20 mM glucose pH 7.4 + 20 mg/L tryptophan,0.737,2.387476741317365,14.0,ΔtrpC (sfGFP) proB74 + pEP28,B,5.0,21803,16.0,15B,E2
5-15B,8.0,M9 20 mM glucose pH 7.4 + 20 mg/L tryptophan,0.905,3.2163100746506985,15.0,ΔtrpC (sfGFP) proB74 + pEP28,B,5.0,21929,16.0,15B,E2
5-15B,9.0,M9 20 mM glucose pH 7.4 + 20 mg/L tryptophan,1.066,4.202393407984031,16.0,ΔtrpC (sfGFP) proB74 + pEP28,B,5.0,22386,16.0,15B,E2
5-15B,10.0,M9 20 mM glucose pH 7.4 + 20 mg/L tryptophan,1.087,8.845268407984033,20.0,ΔtrpC (sfGFP) proB74 + pEP28,B,5.0,22507,16.0,15B,E2
5-15C,1.0,M9 20 mM glucose pH 7.4 + 20 mg/L tryptophan,0.025,0.0710607595808383,4.0,ΔtrpC (sfGFP) proB74 + pEP28,C,5.0,20173,16.0,15C,E3
5-15C,2.0,M9 20 mM glucose pH 7.4 + 20 mg/L tryptophan,0.107,0.2790607595808383,8.0,ΔtrpC (sfGFP) proB74 + pEP28,C,5.0,20501,16.0,15C,E3
5-15C,3.0,M9 20 mM glucose pH 7.4 + 20 mg/L tryptophan,0.232,0.6075607595808383,10.0,ΔtrpC (sfGFP) proB74 + pEP28,C,5.0,20706,16.0,15C,E3
5-15C,4.0,M9 20 mM glucose pH 7.4 + 20 mg/L tryptophan,0.313,0.8813107595808384,11.0,ΔtrpC (sfGFP) proB74 + pEP28,C,5.0,21057,16.0,15C,E3
5-15C,5.0,M9 20 mM glucose pH 7.4 + 20 mg/L tryptophan,0.424,1.2473107595808384,12.0,ΔtrpC (sfGFP) proB74 + pEP28,C,5.0,21264,16.0,15C,E3
5-15C,6.0,M9 20 mM glucose pH 7.4 + 20 mg/L tryptophan,0.543,1.731977426247505,13.0,ΔtrpC (sfGFP) proB74 + pEP28,C,5.0,21452,16.0,15C,E3
5-15C,7.0,M9 20 mM glucose pH 7.4 + 20 mg/L tryptophan,0.736,2.3653107595808383,14.0,ΔtrpC (sfGFP) proB74 + pEP28,C,5.0,21831,16.0,15C,E3
5-15C,8.0,M9 20 mM glucose pH 7.4 + 20 mg/L tryptophan,0.903,3.1953107595808383,15.0,ΔtrpC (sfGFP) proB74 + pEP28,C,5.0,21977,16.0,15C,E3
5-15C,9.0,M9 20 mM glucose pH 7.4 + 20 mg/L tryptophan,1.07,4.181810759580839,16.0,ΔtrpC (sfGFP) proB74 + pEP28,C,5.0,22215,16.0,15C,E3
5-15C,10.0,M9 20 mM glucose pH 7.4 + 20 mg/L tryptophan,1.128,8.908227426247505,20.0,ΔtrpC (sfGFP) proB74 + pEP28,C,5.0,22638,16.0,15C,E3
5-16A,1.0,M9 20 mM glucose pH 7.4 + 10 ng/mL aTc,0.035,0.0880531159680639,4.0,WT+pEP65,A,5.0,20225,13.0,16A,E4
5-16A,2.0,M9 20 mM glucose pH 7.4 + 10 ng/mL aTc,0.272,0.5273864493013972,8.0,WT+pEP65,A,5.0,20341,13.0,16A,E4
5-16A,3.0,M9 20 mM glucose pH 7.4 + 10 ng/mL aTc,0.655,1.4212197826347306,10.0,WT+pEP65,A,5.0,20617,13.0,16A,E4
5-16A,4.0,M9 20 mM glucose pH 7.4 + 10 ng/mL aTc,0.886,2.2051364493013974,11.0,WT+pEP65,A,5.0,20958,13.0,16A,E4
5-16A,5.0,M9 20 mM glucose pH 7.4 + 10 ng/mL aTc,1.145,3.218303115968064,12.0,WT+pEP65,A,5.0,21185,13.0,16A,E4
5-16A,6.0,M9 20 mM glucose pH 7.4 + 10 ng/mL aTc,1.283,4.454803115968064,13.0,WT+pEP65,A,5.0,21448,13.0,16A,E4
5-16A,7.0,M9 20 mM glucose pH 7.4 + 10 ng/mL aTc,1.33,5.768886449301397,14.0,WT+pEP65,A,5.0,21683,13.0,16A,E4
5-16A,8.0,M9 20 mM glucose pH 7.4 + 10 ng/mL aTc,1.335,7.100803115968064,15.0,WT+pEP65,A,5.0,21913,13.0,16A,E4
5-16A,9.0,M9 20 mM glucose pH 7.4 + 10 ng/mL aTc,1.314,8.42746978263473,16.0,WT+pEP65,A,5.0,22294,13.0,16A,E4
5-16A,10.0,M9 20 mM glucose pH 7.4 + 10 ng/mL aTc,1.228,13.510386449301397,20.0,WT+pEP65,A,5.0,22697,13.0,16A,E4
5-16B,1.0,M9 20 mM glucose pH 7.4 + 10 ng/mL aTc,0.034,0.0947403540918163,4.0,WT+pEP65,B,5.0,20197,13.0,16B,E5
5-16B,2.0,M9 20 mM glucose pH 7.4 + 10 ng/mL aTc,0.267,0.527407020758483,8.0,WT+pEP65,B,5.0,20389,13.0,16B,E5
5-16B,3.0,M9 20 mM glucose pH 7.4 + 10 ng/mL aTc,0.66,1.418907020758483,10.0,WT+pEP65,B,5.0,20627,13.0,16B,E5
5-16B,4.0,M9 20 mM glucose pH 7.4 + 10 ng/mL aTc,0.901,2.212657020758483,11.0,WT+pEP65,B,5.0,20985,13.0,16B,E5
5-16B,5.0,M9 20 mM glucose pH 7.4 + 10 ng/mL aTc,1.141,3.2337403540918164,12.0,WT+pEP65,B,5.0,21240,13.0,16B,E5
5-16B,6.0,M9 20 mM glucose pH 7.4 + 10 ng/mL aTc,1.28,4.460990354091816,13.0,WT+pEP65,B,5.0,21400,13.0,16B,E5
5-16B,7.0,M9 20 mM glucose pH 7.4 + 10 ng/mL aTc,1.316,5.767573687425149,14.0,WT+pEP65,B,5.0,21755,13.0,16B,E5
5-16B,8.0,M9 20 mM glucose pH 7.4 + 10 ng/mL aTc,1.32,7.082323687425149,15.0,WT+pEP65,B,5.0,22111,13.0,16B,E5
5-16B,9.0,M9 20 mM glucose pH 7.4 + 10 ng/mL aTc,1.315,8.40057368742515,16.0,WT+pEP65,B,5.0,22394,13.0,16B,E5
5-16B,10.0,M9 20 mM glucose pH 7.4 + 10 ng/mL aTc,1.196,13.47544868742515,20.0,WT+pEP65,B,5.0,22717,13.0,16B,E5
5-16C,1.0,M9 20 mM glucose pH 7.4 + 10 ng/mL aTc,0.034,0.1031217806886227,4.0,WT+pEP65,C,5.0,20053,13.0,16C,E6
5-16C,2.0,M9 20 mM glucose pH 7.4 + 10 ng/mL aTc,0.262,0.5244551140219561,8.0,WT+pEP65,C,5.0,20421,13.0,16C,E6
5-16C,3.0,M9 20 mM glucose pH 7.4 + 10 ng/mL aTc,0.637,1.390621780688623,10.0,WT+pEP65,C,5.0,20561,13.0,16C,E6
5-16C,4.0,M9 20 mM glucose pH 7.4 + 10 ng/mL aTc,0.869,2.154205114021956,11.0,WT+pEP65,C,5.0,20814,13.0,16C,E6
5-16C,5.0,M9 20 mM glucose pH 7.4 + 10 ng/mL aTc,1.131,3.151705114021956,12.0,WT+pEP65,C,5.0,21093,13.0,16C,E6
5-16C,6.0,M9 20 mM glucose pH 7.4 + 10 ng/mL aTc,1.271,4.375538447355289,13.0,WT+pEP65,C,5.0,21388,13.0,16C,E6
5-16C,7.0,M9 20 mM glucose pH 7.4 + 10 ng/mL aTc,1.344,5.688621780688623,14.0,WT+pEP65,C,5.0,21871,13.0,16C,E6
5-16C,8.0,M9 20 mM glucose pH 7.4 + 10 ng/mL aTc,1.348,7.040538447355289,15.0,WT+pEP65,C,5.0,21909,13.0,16C,E6
5-16C,9.0,M9 20 mM glucose pH 7.4 + 10 ng/mL aTc,1.346,8.388038447355289,16.0,WT+pEP65,C,5.0,22434,13.0,16C,E6
5-16C,10.0,M9 20 mM glucose pH 7.4 + 10 ng/mL aTc,1.223,13.587830114021958,20.0,WT+pEP65,C,5.0,22627,13.0,16C,E6
5-17A,1.0,M9 20 mM glucose pH 7.4 + 10 ng/mL aTc,0.032,0.1090964271457086,4.0,WT+pEP66_5,A,5.0,20049,14.0,17A,E7
5-17A,2.0,M9 20 mM glucose pH 7.4 + 10 ng/mL aTc,0.192,0.4397630938123752,8.0,WT+pEP66_5,A,5.0,20349,14.0,17A,E7
5-17A,3.0,M9 20 mM glucose pH 7.4 + 10 ng/mL aTc,0.463,1.0702630938123754,10.0,WT+pEP66_5,A,5.0,20790,14.0,17A,E7
5-17A,4.0,M9 20 mM glucose pH 7.4 + 10 ng/mL aTc,0.631,1.6255130938123754,11.0,WT+pEP66_5,A,5.0,21029,14.0,17A,E7
5-17A,5.0,M9 20 mM glucose pH 7.4 + 10 ng/mL aTc,0.848,2.360929760479042,12.0,WT+pEP66_5,A,5.0,21332,14.0,17A,E7
5-17A,6.0,M9 20 mM glucose pH 7.4 + 10 ng/mL aTc,0.999,3.299513093812375,13.0,WT+pEP66_5,A,5.0,21416,14.0,17A,E7
5-17A,7.0,M9 20 mM glucose pH 7.4 + 10 ng/mL aTc,1.162,4.379013093812375,14.0,WT+pEP66_5,A,5.0,21751,14.0,17A,E7
5-17A,8.0,M9 20 mM glucose pH 7.4 + 10 ng/mL aTc,1.228,5.591179760479041,15.0,WT+pEP66_5,A,5.0,22119,14.0,17A,E7
5-17A,9.0,M9 20 mM glucose pH 7.4 + 10 ng/mL aTc,1.275,6.8442630938123745,16.0,WT+pEP66_5,A,5.0,22318,14.0,17A,E7
5-17A,10.0,M9 20 mM glucose pH 7.4 + 10 ng/mL aTc,1.264,12.028471427145709,20.0,WT+pEP66_5,A,5.0,22721,14.0,17A,E7
5-17B,1.0,M9 20 mM glucose pH 7.4 + 10 ng/mL aTc,0.036,0.090250720758483,4.0,WT+pEP66_5,B,5.0,20233,14.0,17B,E8
5-17B,2.0,M9 20 mM glucose pH 7.4 + 10 ng/mL aTc,0.194,0.4355840540918164,8.0,WT+pEP66_5,B,5.0,20449,14.0,17B,E8
5-17B,3.0,M9 20 mM glucose pH 7.4 + 10 ng/mL aTc,0.473,1.0764173874251497,10.0,WT+pEP66_5,B,5.0,20758,14.0,17B,E8
5-17B,4.0,M9 20 mM glucose pH 7.4 + 10 ng/mL aTc,0.637,1.6453340540918162,11.0,WT+pEP66_5,B,5.0,21013,14.0,17B,E8
5-17B,5.0,M9 20 mM glucose pH 7.4 + 10 ng/mL aTc,0.838,2.3797507207584827,12.0,WT+pEP66_5,B,5.0,21304,14.0,17B,E8
5-17B,6.0,M9 20 mM glucose pH 7.4 + 10 ng/mL aTc,0.993,3.306000720758483,13.0,WT+pEP66_5,B,5.0,21524,14.0,17B,E8
5-17B,7.0,M9 20 mM glucose pH 7.4 + 10 ng/mL aTc,1.146,4.37566738742515,14.0,WT+pEP66_5,B,5.0,21691,14.0,17B,E8
5-17B,8.0,M9 20 mM glucose pH 7.4 + 10 ng/mL aTc,1.218,5.571000720758483,15.0,WT+pEP66_5,B,5.0,21999,14.0,17B,E8
5-17B,9.0,M9 20 mM glucose pH 7.4 + 10 ng/mL aTc,1.263,6.813750720758483,16.0,WT+pEP66_5,B,5.0,22175,14.0,17B,E8
5-17B,10.0,M9 20 mM glucose pH 7.4 + 10 ng/mL aTc,1.265,11.963917387425148,20.0,WT+pEP66_5,B,5.0,22619,14.0,17B,E8
5-17C,1.0,M9 20 mM glucose pH 7.4 + 10 ng/mL aTc,0.037,0.085526676247505,4.0,WT+pEP66_5,C,5.0,20257,14.0,17C,E9
5-17C,2.0,M9 20 mM glucose pH 7.4 + 10 ng/mL aTc,0.198,0.4261933429141716,8.0,WT+pEP66_5,C,5.0,20401,14.0,17C,E9
5-17C,3.0,M9 20 mM glucose pH 7.4 + 10 ng/mL aTc,0.469,1.069526676247505,10.0,WT+pEP66_5,C,5.0,20710,14.0,17C,E9
5-17C,4.0,M9 20 mM glucose pH 7.4 + 10 ng/mL aTc,0.623,1.6299433429141716,11.0,WT+pEP66_5,C,5.0,20826,14.0,17C,E9
5-17C,5.0,M9 20 mM glucose pH 7.4 + 10 ng/mL aTc,0.835,2.3541100095808383,12.0,WT+pEP66_5,C,5.0,21288,14.0,17C,E9
5-17C,6.0,M9 20 mM glucose pH 7.4 + 10 ng/mL aTc,0.996,3.2829433429141712,13.0,WT+pEP66_5,C,5.0,21544,14.0,17C,E9
5-17C,7.0,M9 20 mM glucose pH 7.4 + 10 ng/mL aTc,1.146,4.354860009580838,14.0,WT+pEP66_5,C,5.0,21767,14.0,17C,E9
5-17C,8.0,M9 20 mM glucose pH 7.4 + 10 ng/mL aTc,1.214,5.547610009580838,15.0,WT+pEP66_5,C,5.0,21893,14.0,17C,E9
5-17C,9.0,M9 20 mM glucose pH 7.4 + 10 ng/mL aTc,1.266,6.7889433429141715,16.0,WT+pEP66_5,C,5.0,22310,14.0,17C,E9
5-17C,10.0,M9 20 mM glucose pH 7.4 + 10 ng/mL aTc,1.271,11.971568342914171,20.0,WT+pEP66_5,C,5.0,22607,14.0,17C,E9
5-18A,1.0,M9 20 mM glucose pH 7.4,0.038,0.0901908909680638,4.0,E. coli MG1655,A,5.0,20181,12.0,18A,E10
5-18A,2.0,M9 20 mM glucose pH 7.4,0.265,0.5108575576347305,8.0,E. coli MG1655,A,5.0,20337,12.0,18A,E10
5-18A,3.0,M9 20 mM glucose pH 7.4,0.668,1.407190890968064,10.0,E. coli MG1655,A,5.0,20655,12.0,18A,E10
5-18A,4.0,M9 20 mM glucose pH 7.4,0.903,2.2126075576347306,11.0,E. coli MG1655,A,5.0,20950,12.0,18A,E10
5-18A,5.0,M9 20 mM glucose pH 7.4,1.176,3.248940890968064,12.0,E. coli MG1655,A,5.0,21308,12.0,18A,E10
5-18A,6.0,M9 20 mM glucose pH 7.4,1.302,4.5156075576347305,13.0,E. coli MG1655,A,5.0,21512,12.0,18A,E10
5-18A,7.0,M9 20 mM glucose pH 7.4,1.339,5.843524224301397,14.0,E. coli MG1655,A,5.0,21703,12.0,18A,E10
5-18A,8.0,M9 20 mM glucose pH 7.4,1.331,7.17860755763473,15.0,E. coli MG1655,A,5.0,21973,12.0,18A,E10
5-18A,9.0,M9 20 mM glucose pH 7.4,1.315,8.502274224301397,16.0,E. coli MG1655,A,5.0,22151,12.0,18A,E10
5-18A,10.0,M9 20 mM glucose pH 7.4,1.198,13.556315890968063,20.0,E. coli MG1655,A,5.0,22543,12.0,18A,E10
5-18B,1.0,M9 20 mM glucose pH 7.4,0.033,0.0999425790918163,4.0,E. coli MG1655,B,5.0,20073,12.0,18B,E11
5-18B,2.0,M9 20 mM glucose pH 7.4,0.272,0.5272759124251497,8.0,E. coli MG1655,B,5.0,20513,12.0,18B,E11
5-18B,3.0,M9 20 mM glucose pH 7.4,0.693,1.4534425790918164,10.0,E. coli MG1655,B,5.0,20605,12.0,18B,E11
5-18B,4.0,M9 20 mM glucose pH 7.4,0.942,2.29052591242515,11.0,E. coli MG1655,B,5.0,20886,12.0,18B,E11
5-18B,5.0,M9 20 mM glucose pH 7.4,1.2,3.360775912425149,12.0,E. coli MG1655,B,5.0,21183,12.0,18B,E11
5-18B,6.0,M9 20 mM glucose pH 7.4,1.327,4.646859245758483,13.0,E. coli MG1655,B,5.0,21352,12.0,18B,E11
5-18B,7.0,M9 20 mM glucose pH 7.4,1.371,6.002775912425149,14.0,E. coli MG1655,B,5.0,21807,12.0,18B,E11
5-18B,8.0,M9 20 mM glucose pH 7.4,1.341,7.364192579091816,15.0,E. coli MG1655,B,5.0,22083,12.0,18B,E11
5-18B,9.0,M9 20 mM glucose pH 7.4,1.321,8.694359245758482,16.0,E. coli MG1655,B,5.0,22223,12.0,18B,E11
5-18B,10.0,M9 20 mM glucose pH 7.4,1.218,13.785650912425147,20.0,E. coli MG1655,B,5.0,22575,12.0,18B,E11
5-18C,1.0,M9 20 mM glucose pH 7.4,0.032,0.0893761656187625,4.0,E. coli MG1655,C,5.0,20241,12.0,18C,E12
5-18C,2.0,M9 20 mM glucose pH 7.4,0.256,0.4947094989520958,8.0,E. coli MG1655,C,5.0,20309,12.0,18C,E12
5-18C,3.0,M9 20 mM glucose pH 7.4,0.63,1.347709498952096,10.0,E. coli MG1655,C,5.0,20722,12.0,18C,E12
5-18C,4.0,M9 20 mM glucose pH 7.4,0.869,2.1042094989520956,11.0,E. coli MG1655,C,5.0,20961,12.0,18C,E12
5-18C,5.0,M9 20 mM glucose pH 7.4,1.145,3.108126165618762,12.0,E. coli MG1655,C,5.0,21236,12.0,18C,E12
5-18C,6.0,M9 20 mM glucose pH 7.4,1.286,4.349209498952096,13.0,E. coli MG1655,C,5.0,21560,12.0,18C,E12
5-18C,7.0,M9 20 mM glucose pH 7.4,1.333,5.666542832285429,14.0,E. coli MG1655,C,5.0,21719,12.0,18C,E12
5-18C,8.0,M9 20 mM glucose pH 7.4,1.325,6.996876165618763,15.0,E. coli MG1655,C,5.0,22087,12.0,18C,E12
5-18C,9.0,M9 20 mM glucose pH 7.4,1.306,8.313292832285429,16.0,E. coli MG1655,C,5.0,22314,12.0,18C,E12
5-18C,10.0,M9 20 mM glucose pH 7.4,1.184,13.317292832285428,20.0,E. coli MG1655,C,5.0,22595,12.0,18C,E12
5-19A,1.0,M9 20 mM glucose pH 7.4 + 100 ng/mL aTc,0.03,0.0948347778443114,4.0,WT+pEP65,A,5.0,20145,20.0,19A,F1
5-19A,2.0,M9 20 mM glucose pH 7.4 + 100 ng/mL aTc,0.065,0.267501444510978,8.0,WT+pEP65,A,5.0,20365,20.0,19A,F1
5-19A,3.0,M9 20 mM glucose pH 7.4 + 100 ng/mL aTc,0.113,0.441501444510978,10.0,WT+pEP65,A,5.0,20802,20.0,19A,F1
5-19A,4.0,M9 20 mM glucose pH 7.4 + 100 ng/mL aTc,0.152,0.5705014445109782,11.0,WT+pEP65,A,5.0,20906,20.0,19A,F1
5-19A,5.0,M9 20 mM glucose pH 7.4 + 100 ng/mL aTc,0.205,0.7478347778443115,12.0,WT+pEP65,A,5.0,21228,20.0,19A,F1
5-19A,6.0,M9 20 mM glucose pH 7.4 + 100 ng/mL aTc,0.259,0.9808347778443114,13.0,WT+pEP65,A,5.0,21576,20.0,19A,F1
5-19A,7.0,M9 20 mM glucose pH 7.4 + 100 ng/mL aTc,0.356,1.284751444510978,14.0,WT+pEP65,A,5.0,21739,20.0,19A,F1
5-19A,8.0,M9 20 mM glucose pH 7.4 + 100 ng/mL aTc,0.449,1.691501444510978,15.0,WT+pEP65,A,5.0,22023,20.0,19A,F1
5-19A,9.0,M9 20 mM glucose pH 7.4 + 100 ng/mL aTc,0.62,2.219501444510978,16.0,WT+pEP65,A,5.0,22438,20.0,19A,F1
5-19A,10.0,M9 20 mM glucose pH 7.4 + 100 ng/mL aTc,1.395,6.206709777844312,20.0,WT+pEP65,A,5.0,22484,20.0,19A,F1
5-19B,1.0,M9 20 mM glucose pH 7.4 + 100 ng/mL aTc,0.03,0.0987864008982036,4.0,WT+pEP65,B,5.0,20117,20.0,19B,F2
5-19B,2.0,M9 20 mM glucose pH 7.4 + 100 ng/mL aTc,0.065,0.2794530675648703,8.0,WT+pEP65,B,5.0,20357,20.0,19B,F2
5-19B,3.0,M9 20 mM glucose pH 7.4 + 100 ng/mL aTc,0.121,0.459619734231537,10.0,WT+pEP65,B,5.0,20613,20.0,19B,F2
5-19B,4.0,M9 20 mM glucose pH 7.4 + 100 ng/mL aTc,0.162,0.6004530675648703,11.0,WT+pEP65,B,5.0,20918,20.0,19B,F2
5-19B,5.0,M9 20 mM glucose pH 7.4 + 100 ng/mL aTc,0.216,0.788369734231537,12.0,WT+pEP65,B,5.0,21220,20.0,19B,F2
5-19B,6.0,M9 20 mM glucose pH 7.4 + 100 ng/mL aTc,0.275,1.034119734231537,13.0,WT+pEP65,B,5.0,21540,20.0,19B,F2
5-19B,7.0,M9 20 mM glucose pH 7.4 + 100 ng/mL aTc,0.375,1.3557030675648702,14.0,WT+pEP65,B,5.0,21787,20.0,19B,F2
5-19B,8.0,M9 20 mM glucose pH 7.4 + 100 ng/mL aTc,0.474,1.7837864008982034,15.0,WT+pEP65,B,5.0,22067,20.0,19B,F2
5-19B,9.0,M9 20 mM glucose pH 7.4 + 100 ng/mL aTc,0.645,2.3372864008982033,16.0,WT+pEP65,B,5.0,22374,20.0,19B,F2
5-19B,10.0,M9 20 mM glucose pH 7.4 + 100 ng/mL aTc,1.33,6.292744734231538,20.0,WT+pEP65,B,5.0,22705,20.0,19B,F2
5-19C,1.0,M9 20 mM glucose pH 7.4 + 100 ng/mL aTc,0.029,0.079335144510978,4.0,WT+pEP65,C,5.0,20221,20.0,19C,F3
5-19C,2.0,M9 20 mM glucose pH 7.4 + 100 ng/mL aTc,0.065,0.2486684778443114,8.0,WT+pEP65,C,5.0,20413,20.0,19C,F3
5-19C,3.0,M9 20 mM glucose pH 7.4 + 100 ng/mL aTc,0.109,0.4195018111776447,10.0,WT+pEP65,C,5.0,20639,20.0,19C,F3
5-19C,4.0,M9 20 mM glucose pH 7.4 + 100 ng/mL aTc,0.147,0.5426684778443114,11.0,WT+pEP65,C,5.0,20854,20.0,19C,F3
5-19C,5.0,M9 20 mM glucose pH 7.4 + 100 ng/mL aTc,0.194,0.7124184778443114,12.0,WT+pEP65,C,5.0,21160,20.0,19C,F3
5-19C,6.0,M9 20 mM glucose pH 7.4 + 100 ng/mL aTc,0.243,0.931335144510978,13.0,WT+pEP65,C,5.0,21368,20.0,19C,F3
5-19C,7.0,M9 20 mM glucose pH 7.4 + 100 ng/mL aTc,0.327,1.2134184778443111,14.0,WT+pEP65,C,5.0,21867,20.0,19C,F3
5-19C,8.0,M9 20 mM glucose pH 7.4 + 100 ng/mL aTc,0.421,1.5886684778443114,15.0,WT+pEP65,C,5.0,22115,20.0,19C,F3
5-19C,9.0,M9 20 mM glucose pH 7.4 + 100 ng/mL aTc,0.57,2.079585144510978,16.0,WT+pEP65,C,5.0,22254,20.0,19C,F3
5-19C,10.0,M9 20 mM glucose pH 7.4 + 100 ng/mL aTc,1.345,5.8172101445109785,20.0,WT+pEP65,C,5.0,22480,20.0,19C,F3
5-20A,1.0,M9 20 mM glucose pH 7.4 + 100 ng/mL aTc,0.029,0.08441,4.0,WT+pEP66_5,A,5.0,20017,20.0,20A,F4
5-20A,2.0,M9 20 mM glucose pH 7.4 + 100 ng/mL aTc,0.082,0.2798816698455949,8.0,WT+pEP66_5,A,5.0,20305,20.0,20A,F4
5-20A,3.0,M9 20 mM glucose pH 7.4 + 100 ng/mL aTc,0.15,0.502381669845595,10.0,WT+pEP66_5,A,5.0,20675,20.0,20A,F4
5-20A,4.0,M9 20 mM glucose pH 7.4 + 100 ng/mL aTc,0.205,0.6787150031789283,11.0,WT+pEP66_5,A,5.0,20866,20.0,20A,F4
5-20A,5.0,M9 20 mM glucose pH 7.4 + 100 ng/mL aTc,0.267,0.9147150031789284,12.0,WT+pEP66_5,A,5.0,21149,20.0,20A,F4
5-20A,6.0,M9 20 mM glucose pH 7.4 + 100 ng/mL aTc,0.334,1.2147983365122617,13.0,WT+pEP66_5,A,5.0,21436,20.0,20A,F4
5-20A,7.0,M9 20 mM glucose pH 7.4 + 100 ng/mL aTc,0.448,1.5983816698455948,14.0,WT+pEP66_5,A,5.0,21687,20.0,20A,F4
5-20A,8.0,M9 20 mM glucose pH 7.4 + 100 ng/mL aTc,0.573,2.1079650031789283,15.0,WT+pEP66_5,A,5.0,21901,20.0,20A,F4
5-20A,9.0,M9 20 mM glucose pH 7.4 + 100 ng/mL aTc,0.769,2.7680483365122615,16.0,WT+pEP66_5,A,5.0,22346,20.0,20A,F4
5-20A,10.0,M9 20 mM glucose pH 7.4 + 100 ng/mL aTc,1.396,7.181781669845595,20.0,WT+pEP66_5,A,5.0,22579,20.0,20A,F4
5-20B,1.0,M9 20 mM glucose pH 7.4 + 100 ng/mL aTc,0.028,0.07707,4.0,WT+pEP66_5,B,5.0,20029,20.0,20B,F5
5-20B,2.0,M9 20 mM glucose pH 7.4 + 100 ng/mL aTc,0.076,0.2548701675976385,8.0,WT+pEP66_5,B,5.0,20397,20.0,20B,F5
5-20B,3.0,M9 20 mM glucose pH 7.4 + 100 ng/mL aTc,0.14,0.4648701675976384,10.0,WT+pEP66_5,B,5.0,20557,20.0,20B,F5
5-20B,4.0,M9 20 mM glucose pH 7.4 + 100 ng/mL aTc,0.193,0.6302035009309718,11.0,WT+pEP66_5,B,5.0,20806,20.0,20B,F5
5-20B,5.0,M9 20 mM glucose pH 7.4 + 100 ng/mL aTc,0.252,0.8528701675976385,12.0,WT+pEP66_5,B,5.0,21212,20.0,20B,F5
5-20B,6.0,M9 20 mM glucose pH 7.4 + 100 ng/mL aTc,0.316,1.1364535009309715,13.0,WT+pEP66_5,B,5.0,21516,20.0,20B,F5
5-20B,7.0,M9 20 mM glucose pH 7.4 + 100 ng/mL aTc,0.43,1.501536834264305,14.0,WT+pEP66_5,B,5.0,21835,20.0,20B,F5
5-20B,8.0,M9 20 mM glucose pH 7.4 + 100 ng/mL aTc,0.563,1.9964535009309716,15.0,WT+pEP66_5,B,5.0,21965,20.0,20B,F5
5-20B,9.0,M9 20 mM glucose pH 7.4 + 100 ng/mL aTc,0.722,2.636203500930971,16.0,WT+pEP66_5,B,5.0,22227,20.0,20B,F5
5-20B,10.0,M9 20 mM glucose pH 7.4 + 100 ng/mL aTc,1.433,6.906203500930972,20.0,WT+pEP66_5,B,5.0,22686,20.0,20B,F5
5-20C,1.0,M9 20 mM glucose pH 7.4 + 100 ng/mL aTc,0.031,0.0807399999999999,4.0,WT+pEP66_5,C,5.0,20201,20.0,20C,F6
5-20C,2.0,M9 20 mM glucose pH 7.4 + 100 ng/mL aTc,0.072,0.260589746435059,8.0,WT+pEP66_5,C,5.0,20317,20.0,20C,F6
5-20C,3.0,M9 20 mM glucose pH 7.4 + 100 ng/mL aTc,0.13,0.4577564131017256,10.0,WT+pEP66_5,C,5.0,20742,20.0,20C,F6
5-20C,4.0,M9 20 mM glucose pH 7.4 + 100 ng/mL aTc,0.178,0.6107008575461701,11.0,WT+pEP66_5,C,5.0,21049,20.0,20C,F6
5-20C,5.0,M9 20 mM glucose pH 7.4 + 100 ng/mL aTc,0.236,0.8170897464350589,12.0,WT+pEP66_5,C,5.0,21141,20.0,20C,F6
5-20C,6.0,M9 20 mM glucose pH 7.4 + 100 ng/mL aTc,0.293,1.0816730797683922,13.0,WT+pEP66_5,C,5.0,21528,20.0,20C,F6
5-20C,7.0,M9 20 mM glucose pH 7.4 + 100 ng/mL aTc,0.397,1.4187564131017254,14.0,WT+pEP66_5,C,5.0,21799,20.0,20C,F6
5-20C,8.0,M9 20 mM glucose pH 7.4 + 100 ng/mL aTc,0.497,1.8660897464350588,15.0,WT+pEP66_5,C,5.0,21889,20.0,20C,F6
5-20C,9.0,M9 20 mM glucose pH 7.4 + 100 ng/mL aTc,0.676,2.4390897464350587,16.0,WT+pEP66_5,C,5.0,22454,20.0,20C,F6
5-20C,10.0,M9 20 mM glucose pH 7.4 + 100 ng/mL aTc,1.422,6.619089746435058,20.0,WT+pEP66_5,C,5.0,22557,20.0,20C,F6
