,Metabolite,BiGG ID,ECMDB ID,KEGG_ID,IN ECMDB,From Mapping 1
0,"1, 3-diaminopropane",13dampp,,C00986,FALSE,TRUE
1,"2, 5-dihydroxybenzoate",,,,FALSE,FALSE
2,"2,5-dihydroxybenzoate",,,C00628,FALSE,TRUE
3,2-aminoisobutyrate,,ECMDB21403,C03665,TRUE,TRUE
4,2-hydroxybutyrate,ghb,ECMDB24007,C05984,TRUE,TRUE
5,2-hydroxyglutaric acid,S2hglut,ECMDB00606,C02630,TRUE,TRUE
6,2-oxobutanoate/acetoacetate,2obut,ECMDB00005,C00109,TRUE,FALSE
7,3-(4-hydroxyphenyl)pyruvate,34hpp,ECMDB00707,C01179,TRUE,TRUE
8,3-hydroxyanthranilate,,ECMDB01476,C00632,TRUE,TRUE
9,3-hydroxybutyrate,ghb,ECMDB21418,C01089,TRUE,TRUE
10,3-hydroxyglutaric acid,S2hglut,,,FALSE,TRUE
11,3-hydroxyphenylacetate,,,,FALSE,TRUE
12,4-acetamidobutanoate,4aabutn,,,FALSE,TRUE
13,4-imidazoleacetate,im4ac,,C02835,FALSE,TRUE
14,Acetate,ac,ECMDB00042,C00033,TRUE,TRUE
15,Adenosine,adn,ECMDB00050,C00212,TRUE,TRUE
16,"Adenosine 3', 5'-cyclic phosphate",camp,ECMDB00058,C00575,TRUE,FALSE
17,Adipate,,,C06104,FALSE,TRUE
18,Aicar,aicar,ECMDB01517,C04677,TRUE,TRUE
19,Alanine,ala__L,ECMDB00161,C00041,TRUE,TRUE
20,Allantoin,alltn,ECMDB00462,C01551,TRUE,TRUE
21,Alpha-aminoadipate,,ECMDB00510,C00956,TRUE,TRUE
22,Alpha-aminobutyrate,,,C02356,FALSE,TRUE
23,Alpha-glucose (cl adduct),glc__D,ECMDB00122,C00031,TRUE,TRUE
24,Anthranilate,anth,ECMDB01123,C00108,TRUE,TRUE
25,Arginine,arg__L,ECMDB00517,C00062,TRUE,TRUE
26,Asparagine,asn__L,ECMDB00168,C00152,TRUE,TRUE
27,Aspartate,asp__L,ECMDB00191,C00049,TRUE,TRUE
28,Beta-alanine,ala_B,ECMDB00056,C00099,TRUE,TRUE
29,Biotin,btn,ECMDB00030,C00120,TRUE,FALSE
30,Cadaverine,15dap,ECMDB02322,C01672,TRUE,FALSE
31,Carnitine (c0),crn,ECMDB23900,C00318,TRUE,FALSE
32,Cdp-ethanolamine,cdpea,,C00570,FALSE,TRUE
33,Choline,chol,ECMDB00097,C00114,TRUE,FALSE
34,Cis-aconitate,acon_C,ECMDB00072,C00417,TRUE,TRUE
35,Citrate,cit,ECMDB00094,C00158,TRUE,TRUE
36,Citrulline,citr__L,ECMDB00904,C00327,TRUE,TRUE
37,Creatine,creat,,C00300,FALSE,TRUE
38,Creatinine,crtn,,C00791,FALSE,TRUE
39,Cyclic gmp,35cgmp,ECMDB04034,C00942,TRUE,TRUE
40,Deoxycarnitine (deoxy-c0),gbbtn,ECMDB21336,C01181,TRUE,TRUE
41,Dethiobiotin,dtbt,ECMDB03581,C01909,TRUE,TRUE
42,Diaminopimelate,,ECMDB21665,C00680,TRUE,TRUE
43,Diethanolamine,,ECMDB21405,C06772,TRUE,TRUE
44,Dihydroorotate,dhor__S,ECMDB00528,C00337,TRUE,TRUE
45,Dihydrouracil,56dura,ECMDB00076,C00429,TRUE,TRUE
46,Ethanolamine,etha,ECMDB00149,C00189,TRUE,TRUE
47,FAD,fad,ECMDB01248,C00016,TRUE,FALSE
48,Formate,for,ECMDB00142,C00058,TRUE,TRUE
49,Fructose-6-phosphate,f6p,ECMDB00124,C00085,TRUE,TRUE
50,Gamma-aminobutyrate,4abut,ECMDB04017,C00334,TRUE,TRUE
51,Gluconate,glcn,ECMDB00625,C00257,TRUE,TRUE
52,Gluconolactone,,ECMDB00150,C00198,TRUE,TRUE
53,Glucosamine 6-phosphate,gam6p,ECMDB01254,C00352,TRUE,FALSE
54,Glucose-6-phosphate,g6p,ECMDB01401,C00092,TRUE,TRUE
55,Glutamate,glu__L,ECMDB00148,C00025,TRUE,TRUE
56,Glutamine,gln__L,ECMDB00641,C00064,TRUE,TRUE
57,Glutarate,glutar,ECMDB21425,C00489,TRUE,TRUE
58,Glutarylcarnitine (c5-dc),,,,FALSE,TRUE
59,Glutathione reduced,gthrd,ECMDB00125,C00051,TRUE,FALSE
60,Glycerol,glyc,ECMDB00131,C00116,TRUE,TRUE
61,Glycerol 3-phosphate,g3p,ECMDB23140,C03189,TRUE,TRUE
62,Glycine,gly,ECMDB00123,C00037,TRUE,TRUE
63,Guanidinosuccinate/n-acetylaspartate,,ECMDB21401,C01042,TRUE,TRUE
64,Guanine,gua,ECMDB00132,C00242,TRUE,TRUE
65,Hexanoate,hxa,ECMDB21229,C01585,TRUE,TRUE
66,Hexanoylcarnitine (c6),,,,FALSE,TRUE
67,Hexoses,glc__D,,C00124,TRUE,TRUE
68,Hexoses including glucose and fructose,fru,ECMDB00660,C00095,TRUE,TRUE
69,Histidine,his__L,ECMDB00177,C00135,TRUE,TRUE
70,Histidinol,histd,ECMDB03431,C00860,TRUE,FALSE
71,Homoserine,hom__L,ECMDB02251,C00263,TRUE,TRUE
72,Hydroxyphenyllactate,2hyoxplac,,,FALSE,TRUE
73,Hypoxanthine,hxan,ECMDB00157,C00262,TRUE,TRUE
74,Inosine,ins,ECMDB00195,C00294,TRUE,TRUE
75,Isocitrate,icit,ECMDB04088,C00311,TRUE,TRUE
76,Isoleucine,ile__L,ECMDB00172,C00407,TRUE,TRUE
77,Isovalerylcarnitine (c5/ic5),,,,FALSE,TRUE
78,Kynurenate,,,C01717,FALSE,TRUE
79,Lactate,lac__D,ECMDB00190,C00186,TRUE,TRUE
80,Leucine,leu__L,ECMDB00687,C00123,TRUE,TRUE
81,Lysine,lys__L,ECMDB00182,C00047,TRUE,TRUE
82,Malate,mal__L,ECMDB00156,C00149,TRUE,TRUE
83,Malonylcarnitine (c3:dc),,,,FALSE,TRUE
84,Mannose,man,ECMDB00169,C00159,TRUE,FALSE
85,Metanephrine,mepi,,C05588,FALSE,TRUE
86,Methionine,met__L,ECMDB00696,C00073,TRUE,TRUE
87,Methylglutarate,3mglutr,,,FALSE,TRUE
88,Methylguanidine,,,C02294,FALSE,TRUE
89,Methylthioadenosine,5mta,ECMDB01173,C00170,TRUE,TRUE
90,N-acetylalanine,,ECMDB01138,,TRUE,TRUE
91,N-acetylglutamate,acglu,ECMDB21429,C00624,TRUE,TRUE
92,N-acetylleucine,acleu__L,,C02710,FALSE,TRUE
93,N-acetylphenylalanine,,,,FALSE,TRUE
94,N-acetylputrescine,aprut,ECMDB02064,C02714,TRUE,TRUE
95,N-acetylserine,,ECMDB21441,,TRUE,TRUE
96,N-alpha-acetyllysine,aclys,ECMDB24023,,TRUE,TRUE
97,NAD,nad,ECMDB00902,C00003,TRUE,TRUE
98,Nicotinamide,ncam,ECMDB01406,C00153,TRUE,TRUE
99,Nicotinate,nac,ECMDB01488,C00253,TRUE,TRUE
100,O-acetylserine,acser,ECMDB03011,C00979,TRUE,TRUE
101,O-succinyl-homoserine,suchms,ECMDB01418,C01118,TRUE,TRUE
102,Ophthalmate,,,,FALSE,TRUE
103,Orotate,orot,ECMDB00226,C00295,TRUE,TRUE
104,Oxoproline,5oxpro,,C01879,FALSE,TRUE
105,P-hydroxyphenylacetate,4hphac,,C00642,FALSE,TRUE
106,Pantothenate,pnto__R,ECMDB00210,C00864,TRUE,TRUE
107,Phenylacetaldehyde,pacald,ECMDB06236,C00601,TRUE,TRUE
108,Phenylalanine,phe__L,ECMDB00159,C00079,TRUE,TRUE
109,Pipecolic acid,Lpipecol,ECMDB21385,C00408,TRUE,TRUE
110,Proline,pro__L,ECMDB00162,C00148,TRUE,TRUE
111,Propionate,ppa,ECMDB00237,C00163,TRUE,TRUE
112,Putrescine,ptrc,ECMDB01414,C02896,TRUE,TRUE
113,Pyridoxal,pydx,ECMDB01545,C00250,TRUE,FALSE
114,Pyruvate,pyr,ECMDB00243,C00022,TRUE,TRUE
115,Quinate,quin,ECMDB21278,C00296,TRUE,TRUE
116,Riboflavin,ribflv,ECMDB00244,C00255,TRUE,FALSE
117,Ribose 5-phosphate,r5p,ECMDB02033,C03736,TRUE,FALSE
118,S-adenosylhomocysteine,ahcys,ECMDB00939,C00021,TRUE,TRUE
119,S-adenosylmethionine,amet,ECMDB01185,C00019,TRUE,TRUE
120,Salicylate,salc,ECMDB21437,C00805,TRUE,TRUE
121,Sebacoyl-l-carnitine (c10-dc),,,,FALSE,TRUE
122,Sedoheptulose-7-phopsphate,s7p,ECMDB01068,C05382,TRUE,FALSE
123,Serine,ser__L,ECMDB00187,C00065,TRUE,TRUE
124,Stearoylcarnitine (c18),,,,FALSE,TRUE
125,Succinate,succ,ECMDB00254,C00042,TRUE,TRUE
126,Thiamine monophosphate,thmmp,ECMDB02666,C01081,TRUE,TRUE
127,Threonine,thr__L,ECMDB00167,C00188,TRUE,TRUE
128,Thymine,thym,ECMDB00262,C00178,TRUE,TRUE
129,Trans-aconitate,acon_T,ECMDB00958,C02341,TRUE,TRUE
130,Trigonelline,,,C01004,FALSE,TRUE
131,Trimethylamine,tma,ECMDB00906,C00565,TRUE,TRUE
132,Tyramine,tym,ECMDB00306,C00483,TRUE,TRUE
133,Tyrosine,tyr__L,ECMDB00158,C00082,TRUE,TRUE
134,Uracil,ura,ECMDB00300,C00106,TRUE,TRUE
135,Ureidopropionate,cala,ECMDB00026,C02642,TRUE,TRUE
136,Uridine diphosphate glucuronic acid,udpglcur,ECMDB04166,C00167,TRUE,FALSE
137,Uridine diphosphate hexose,udpg,ECMDB04171,C00029,TRUE,TRUE
138,Uridine monophosphate,ump,ECMDB00288,C00105,TRUE,TRUE
139,Urocanate,urcan,ECMDB21396,C00785,TRUE,TRUE
140,Valine,val__L,ECMDB00883,C00183,TRUE,TRUE
141,Xanthine,xan,ECMDB00292,C00385,TRUE,TRUE
142,Xanthosine,xtsn,ECMDB00299,C01762,TRUE,TRUE
143,cAMP,camp,ECMDB00058,C00575,TRUE,TRUE
144,Alpha-hydroxyisobutyrate,,,C21297,FALSE,FALSE
145,Epinephrine,,,C00788,FALSE,FALSE
146,Glucuronolactone,glac,,C02670,FALSE,FALSE
147,Guanidinosuccinate,,,C03139,FALSE,FALSE
148,"N,n,n-trimethyllysine",tmlys,,,FALSE,FALSE
149,N-acetylaspartate,Nacasp,ECMDB21401,C01042,TRUE,FALSE
150,Pyrimidine,pyrimid,ECMDB21392,C00396,TRUE,FALSE
151,Tryptamine,,,C00398,FALSE,FALSE
152,Xanthurenate,C02470,,C02470,FALSE,FALSE