,Carbon source,Metabolite,Slope,Intercept,r,p-value,Std. Err,N,T3_pval,Fitted on,Comment,Rate [mmol/gDW/h],Std. Err [mmol/gDW/h],Rate [1/gDW/h],Std. Err [1/gDW/h]
0,Galactose,"2,5-dihydroxybenzoate",0.25660635108228763,-1.2128360311930906,0.9232893770775655,0.0003816707119833333,0.040348799105246594,9,0.9437666044921235,Z-score,,,,0.25660635108228763,0.040348799105246594
1,L-malate,"2,5-dihydroxybenzoate",2.072629321709802,-1.2643140995479176,0.9786621360144161,4.57637091042492e-06,0.16447546567254379,9,0.9049049923391279,Z-score,,,,2.072629321709802,0.16447546567254379
2,L-alanine,"2,5-dihydroxybenzoate",0.5529987187471733,-0.9777322985875117,0.9028791352222404,0.0008538750185271281,0.09951931099289842,9,0.8764201189796994,Z-score,,,,0.5529987187471733,0.09951931099289842
3,Galactose,2-hydroxybutyrate,0.6162029282228361,-1.101829483244126,0.7822701225120121,0.007489079482948148,0.1734873440353243,10,0.9100920189667142,Z-score,,,,0.6162029282228361,0.1734873440353243
4,L-malate,2-hydroxybutyrate,0.42250410500506447,-0.7328068395385579,0.6512520659462608,0.04137322190233277,0.17406014226162173,10,0.7483567747780085,Z-score,,,,0.42250410500506447,0.17406014226162173
5,L-alanine,2-hydroxybutyrate,0.28285557626012164,0.7907024026615129,0.21008735604169773,0.5874441409880475,0.49752361997758987,9,0.19014111043795476,Z-score,,,,0.28285557626012164,0.49752361997758987
6,Galactose,2-hydroxyglutaric acid,0.09304610884600652,-0.8778282258973427,0.6480428067429386,0.08224962657162671,0.0446424543435421,8,0.48654618270439165,Z-score,,,,0.09304610884600652,0.0446424543435421
7,L-malate,2-hydroxyglutaric acid,1.2483496331219468,-1.1617103721303828,0.986237771987039,2.4150938720186434e-08,0.06975789138247765,11,0.9976488270434526,Z-score,,,,1.2483496331219468,0.06975789138247765
8,L-alanine,2-hydroxyglutaric acid,0.905100386742105,-0.9689056693135171,0.9518445863687603,7.696351280480491e-05,0.11018611285253145,9,0.9553476315591239,Z-score,,,,0.905100386742105,0.11018611285253145
9,Galactose,3-(4-hydroxyphenyl)pyruvate,0.5268288949495028,-1.4646375613053157,0.9314332913454265,0.0002597893980388468,0.07779744210772466,9,0.9703120537926865,Z-score,,,,0.5268288949495028,0.07779744210772466
10,L-malate,3-(4-hydroxyphenyl)pyruvate,1.7059039576075605,-0.98570080378051,0.9444442282025091,0.00012600720387159506,0.22438384101712228,9,0.8585653520298271,Z-score,,,,1.7059039576075605,0.22438384101712228
11,L-alanine,3-(4-hydroxyphenyl)pyruvate,0.4537479689285096,-1.1081542231721262,0.8196964160886656,0.00683695863756398,0.1198434457265386,9,0.8536073047191256,Z-score,,,,0.4537479689285096,0.1198434457265386
12,Galactose,3-hydroxybutyrate,0.3510549177501327,-1.1348135510608486,0.9792040909528608,4.1845250386136685e-06,0.027490780274051798,9,0.9956566731445563,Z-score,,,,0.3510549177501327,0.027490780274051798
13,L-malate,3-hydroxybutyrate,0.42014405141749994,-1.1929343003826447,0.9939939434156694,5.496184944436756e-08,0.017483246787676418,9,0.9857401480021158,Z-score,,,,0.42014405141749994,0.017483246787676418
14,L-alanine,3-hydroxybutyrate,1.4678938668030939,-1.0825019782883076,0.9834659385113806,1.8830571786962584e-06,0.10216178217224968,9,0.9973292283868683,Z-score,,,,1.4678938668030939,0.10216178217224968
15,Galactose,3-hydroxyglutaric acid,0.19060060658015546,-1.002045042242314,0.7482584903486705,0.020394645951428536,0.06387101888574687,9,0.893870472143651,Z-score,,,,0.19060060658015546,0.06387101888574687
16,L-malate,3-hydroxyglutaric acid,0.3617026576105554,-0.9435338840244845,0.9422250777800053,4.5446767637824066e-05,0.045464404884044074,10,0.8394999314411433,Z-score,,,,0.3617026576105554,0.045464404884044074
17,L-alanine,3-hydroxyglutaric acid,1.494496569568529,-0.918491449078055,0.9764200531953064,6.477962588498783e-06,0.12488786714067991,9,0.9964174754094249,Z-score,,,,1.494496569568529,0.12488786714067991
18,Galactose,Acetate,203.72456361295642,-8.770120503363614,0.5849330138126251,0.09803785197896953,106.77087309882825,9,0.8618575857251746,Concentration [uM],,0.20372456361295643,0.10677087309882825,,
19,L-malate,Acetate,614.0630198971179,122.13725132194975,0.6314151279036081,0.05022877290454849,266.62690016493616,10,0.6070648972690065,Concentration [uM],,0.6140630198971179,0.2666269001649362,,
20,L-alanine,Acetate,2114.485185426341,1046.365767288146,0.8943142427821249,0.0065834351833132295,473.11175770392856,7,0.0014617327073880675,Concentration [uM],,2.114485185426341,0.47311175770392855,,
21,Galactose,Adenosine,0.3985750505036451,-1.1712883120850797,0.9611167520745224,6.557047851699758e-07,0.03621320430323837,12,0.949244863299046,Z-score,,,,0.3985750505036451,0.03621320430323837
22,L-malate,Adenosine,0.5110748639321123,0.22209398622708576,0.2656223915122971,0.40403852091748493,0.5865859106461403,12,0.291875301507112,Z-score,,,,0.5110748639321123,0.5865859106461403
23,L-alanine,Adenosine,0.641724085394899,-1.1762325281268846,0.9645610572942929,4.147899890998171e-07,0.05551262440933281,12,0.9875146411756743,Z-score,,,,0.641724085394899,0.05551262440933281
24,Galactose,"Adenosine 3',5'-cyclic phosphate",0.6713483726617608,-0.6535298800293031,0.8491587608989225,0.0037747457341666857,0.15781823108184162,9,0.4878655971643012,Z-score,,,,0.6713483726617608,0.15781823108184162
25,L-malate,"Adenosine 3',5'-cyclic phosphate",0.9167285281480739,-1.5096263372310963,0.982754358812284,3.7903498281634234e-07,0.06098526341135212,10,0.9881413972669948,Z-score,,,,0.9167285281480739,0.06098526341135212
26,L-alanine,"Adenosine 3',5'-cyclic phosphate",1.2264724110939524,-1.7129817636842315,0.9818285056564706,2.616415051121018e-06,0.08959865358691373,9,0.994005336689977,Z-score,,,,1.2264724110939524,0.08959865358691373
27,Galactose,Aicar,0.3202859655745922,-0.7060885524030307,0.45340600636678946,0.22029409151868298,0.23797291081095065,9,0.1777160914043593,Z-score,,,,0.3202859655745922,0.23797291081095065
28,L-malate,Aicar,1.16239352230615,-1.0123333487135022,0.46067869527144967,0.21204665118450916,0.8464614199927133,9,0.16175255829335294,Z-score,,,,1.16239352230615,0.8464614199927133
29,L-alanine,Aicar,0.8752827304168805,-0.830025298823625,0.7121850835458209,0.03134934658884361,0.32609074289059153,9,0.07705564299819788,Z-score,,,,0.8752827304168805,0.32609074289059153
30,Galactose,Alanine,-0.5832213060638046,3.49157182142567,-0.9693889815101283,0.1579239982006264,0.14772021932867033,3,,Concentration [uM],,-0.0005832213060638046,0.00014772021932867033,,
31,L-malate,Alanine,-2.4235603365261538,4.662757846142727,-0.985022298743848,0.014977701256152057,0.29998397342212685,4,,Concentration [uM],,-0.0024235603365261537,0.00029998397342212684,,
32,L-alanine,Alanine,-17252.09652088157,39806.57256909442,-0.9938832269415504,6.674669529356694e-11,606.2022748175045,12,0.006463244503003323,Concentration [uM],,-17.25209652088157,0.6062022748175045,,
33,Galactose,Allantoin,0.8954528216031489,-1.203553015883815,0.9346614924776596,0.00022014741255404753,0.12874383380936238,9,0.9299177440533974,Z-score,,,,0.8954528216031489,0.12874383380936238
34,L-malate,Allantoin,1.4426600438530621,-1.4197375996988237,0.9557008685008656,5.768539210694653e-05,0.16793523378575034,9,0.9736764651989172,Z-score,,,,1.4426600438530621,0.16793523378575034
35,L-alanine,Allantoin,0.7922012101960356,-1.677356535259849,0.9979120557008162,1.3666940445309266e-09,0.01937946797782879,9,0.9959037510948258,Z-score,,,,0.7922012101960356,0.01937946797782879
36,Galactose,Alpha-glucose (cl adduct),-0.6408134444169526,0.9613432374617538,-0.9521405056099231,1.824442061185274e-06,0.06505342447307265,12,0.0009213900373702565,Z-score,,,,-0.6408134444169526,0.06505342447307265
37,L-malate,Alpha-glucose (cl adduct),,,,,,0,,,Not sufficient data,,,,
38,L-alanine,Alpha-glucose (cl adduct),,,,,,0,,,Not sufficient data,,,,
39,Galactose,Anthranilate,0.364198910979601,-1.4214215921204167,0.6641854775010281,0.05103871088695924,0.15493546790460125,9,0.9356191077387159,Z-score,,,,0.364198910979601,0.15493546790460125
40,L-malate,Anthranilate,1.8561516792200834,-1.7239889359049545,0.8843682743146069,0.0015432825124229086,0.370299123118374,9,0.8811871557351271,Z-score,,,,1.8561516792200834,0.370299123118374
41,L-alanine,Anthranilate,0.3731260826855749,-0.5955034449926374,0.5829506985663035,0.09946161030486647,0.19656317343641586,9,0.5335680971294853,Z-score,,,,0.3731260826855749,0.19656317343641586
42,Galactose,Arginine,0.03971692941548631,-0.36983930959602074,0.48558364753111954,0.10951558423592207,0.0226108844183684,12,0.8782509728328867,Z-score,,,,0.03971692941548631,0.0226108844183684
43,L-malate,Arginine,0.19165532249424513,-0.5254954428368308,0.7968776365559946,0.01013117076926934,0.054918459689236705,9,0.9850722929610035,Z-score,,,,0.19165532249424513,0.054918459689236705
44,L-alanine,Arginine,0.22580886080753776,-0.48043257530030514,0.9646595252684563,4.0912745540510874e-07,0.019505036234281466,12,0.9955063960093334,Z-score,,,,0.22580886080753776,0.019505036234281466
45,Galactose,Asparagine,-0.1275852261206179,0.7905782955708764,-0.6837605510492542,0.0422619637854623,0.05146304912611781,9,0.17058192089944416,Concentration [uM],,-0.0001275852261206179,5.146304912611781e-05,,
46,L-malate,Asparagine,0.27892907383129945,0.08155206947879247,0.9122899414728917,0.001577873943580937,0.05111952900929199,8,0.025559481672513405,Concentration [uM],,0.00027892907383129944,5.111952900929199e-05,,
47,L-alanine,Asparagine,5.821160413559797,3.61496816636385,0.7918605259235192,0.03381531599699017,2.007729492692544,7,0.027806766261261964,Concentration [uM],,0.005821160413559797,0.002007729492692544,,
48,Galactose,Aspartate,0.12074952626392277,0.11781979779357496,0.9254546826333439,4.428886655107668e-05,0.016477292772447458,11,0.8765668540083669,Concentration [uM],,0.00012074952626392277,1.6477292772447458e-05,,
49,L-malate,Aspartate,-0.511558711599941,7.330012086206138,-0.23832151931980936,0.6492857121521898,1.0423289095384345,6,0.01299395877453067,Concentration [uM],,-0.000511558711599941,0.0010423289095384345,,
50,L-alanine,Aspartate,0.029713813659494957,0.2931436614637614,0.20476906549043924,0.5232069635755989,0.04491512203120389,12,0.6681206869768463,Concentration [uM],,2.971381365949496e-05,4.491512203120389e-05,,
51,Galactose,Beta-alanine,0.028280178505571022,0.05827042246539441,0.8477608311006591,0.033000941134525216,0.00884636560823318,6,0.8603143795453123,Concentration [uM],,2.8280178505571022e-05,8.84636560823318e-06,,
52,L-malate,Beta-alanine,0.11752165575007893,0.07392361370653201,0.5252800511116928,0.14643936907339206,0.07195674508941424,9,0.572102683657468,Concentration [uM],,0.00011752165575007894,7.195674508941424e-05,,
53,L-alanine,Beta-alanine,0.4901797682445759,-0.12561589429246012,0.9957235215607837,2.739329707006632e-05,0.022739449751748166,6,0.9972026522519275,Concentration [uM],,0.0004901797682445759,2.2739449751748166e-05,,
54,Galactose,Cis-aconitate,0.10235824003196348,-0.0031438337760058,0.9889003279423997,4.6927410598673153e-07,0.0058127661641750004,9,0.9975250080481499,Concentration [uM],,0.00010235824003196347,5.8127661641750005e-06,,
55,L-malate,Cis-aconitate,0.4389141665854869,-0.057490670506424035,0.9774687953923096,5.530068380527398e-06,0.03582405160659868,9,0.9961604958889492,Concentration [uM],,0.0004389141665854869,3.5824051606598675e-05,,
56,L-alanine,Cis-aconitate,0.9137946959113523,-0.2540178939293225,0.9707207055957816,1.3742673947162551e-05,0.08546694149480005,9,0.9983118227533162,Concentration [uM],,0.0009137946959113523,8.546694149480005e-05,,
57,Galactose,Citrate,,,,,,2,,,Not sufficient data,,,,
58,L-malate,Citrate,,,,,,3,,,Not sufficient data,,,,
59,L-alanine,Citrate,-1.8524358357555968,9.692703716830426,-0.3741908336887882,0.6258091663112118,3.2462317052894454,4,0.20321010624817099,Concentration [uM],,-0.0018524358357555968,0.0032462317052894454,,
60,Galactose,Citrulline,0.028365860993785574,-0.7750951277603114,0.2823726461362637,0.3738719310284243,0.030474034977076552,12,0.8620079660221865,Z-score,,,,0.028365860993785574,0.030474034977076552
61,L-malate,Citrulline,0.09314597359738315,0.8433058396456095,0.18055628816069078,0.6420205129714057,0.19178090394404151,9,0.30459561679472114,Z-score,,,,0.09314597359738315,0.19178090394404151
62,L-alanine,Citrulline,0.21596120371852917,-0.8911983454740389,0.8282620497663059,0.0008750817835421277,0.04620195325986013,12,0.807968844144767,Z-score,,,,0.21596120371852917,0.04620195325986013
63,Galactose,Creatine,0.001071800213483301,0.0010477318030862053,0.6737387914719151,0.0326795577794781,0.0004156270968125542,10,0.8128944344648731,Concentration [uM],Some abs. conc. values calculated from standard curve,1.071800213483301e-06,4.156270968125542e-07,,
64,L-malate,Creatine,-0.00011975645118327452,0.0018665817570377445,-0.12647259839238573,0.8394004097696939,0.0005423010328394488,5,0.023478568679146047,Concentration [uM],Some abs. conc. values calculated from standard curve,-1.1975645118327453e-07,5.423010328394488e-07,,
65,L-alanine,Creatine,-0.003380730550542571,0.016647427423211042,-0.603978764719405,0.037544521737034785,0.0014107414695685445,12,0.29410309175852456,Concentration [uM],Some abs. conc. values calculated from standard curve,-3.380730550542571e-06,1.4107414695685445e-06,,
66,Galactose,Cyclic gmp,0.3840598275588056,-0.8518859207138113,0.8676252230645661,0.002435552553621005,0.08318886126329908,9,0.947995038355767,Z-score,,,,0.3840598275588056,0.08318886126329908
67,L-malate,Cyclic gmp,0.2818775902709147,-0.2709984972468763,0.21471919769852096,0.6096047078408766,0.5234370829309769,8,0.5588305787830327,Z-score,,,,0.2818775902709147,0.5234370829309769
68,L-alanine,Cyclic gmp,0.048620852881127254,-0.6513493006816373,0.552407382552712,0.19847842611629224,0.03281122187465175,7,0.862497331547442,Z-score,,,,0.048620852881127254,0.03281122187465175
69,Galactose,Deoxycarnitine (deoxy-c0),0.29691921527825765,0.22056616285154185,0.8400712096633924,0.009038954105021639,0.0782757466810869,8,0.9513072883422674,Concentration [uM],,0.00029691921527825766,7.82757466810869e-05,,
70,L-malate,Deoxycarnitine (deoxy-c0),0.9017092970340607,-0.38144346412568797,0.846832922092408,0.033393569033186556,0.2831622376374649,6,0.9045056992862771,Concentration [uM],,0.0009017092970340606,0.0002831622376374649,,
71,L-alanine,Deoxycarnitine (deoxy-c0),-0.1135375090242525,0.6330889956782225,-0.47708549375436304,0.33866660956114225,0.10457582895722117,6,0.6639270873844332,Concentration [uM],,-0.0001135375090242525,0.00010457582895722118,,
72,Galactose,Dethiobiotin,0.6942897683504698,-1.352545339816383,0.9661597273756838,2.270804799303239e-05,0.0700598396705028,9,0.985876235415712,Z-score,,,,0.6942897683504698,0.0700598396705028
73,L-malate,Dethiobiotin,1.1326306232515648,-1.2196660963959034,0.9798390661810361,3.7564778296821244e-06,0.08728805080559134,9,0.994503706988728,Z-score,,,,1.1326306232515648,0.08728805080559134
74,L-alanine,Dethiobiotin,0.4627020870171239,-1.2546372993590904,0.9926555615638489,1.1099080215031055e-07,0.021313230089032322,9,0.9995704111634572,Z-score,,,,0.4627020870171239,0.021313230089032322
75,Galactose,Dihydroorotate,0.886725563268205,-1.3028852710930399,0.9454506970170325,0.00011831476559932299,0.11547980446786651,9,0.9558639073622306,Z-score,,,,0.886725563268205,0.11547980446786651
76,L-malate,Dihydroorotate,1.3506216723774767,-1.374244058176328,0.9286493777293432,0.0002977909011979621,0.20391935343134637,9,0.9232334499698394,Z-score,,,,1.3506216723774767,0.20391935343134637
77,L-alanine,Dihydroorotate,0.8093669655472825,-1.6940155152194936,0.9970161934261207,4.76402299828591e-09,0.023684835293252084,9,0.9981060149768756,Z-score,,,,0.8093669655472825,0.023684835293252084
78,Galactose,Dihydrouracil,0.0015396136505288365,0.15268263839740048,0.0030360505054659475,0.9925285612845762,0.16036173985692165,12,0.9620827039108794,Z-score,,,,0.0015396136505288365,0.16036173985692165
79,L-malate,Dihydrouracil,1.720560642298271,-1.0384158460988464,0.7919427396996576,0.002139516514840173,0.4194978160890749,12,0.6159441076827792,Z-score,,,,1.720560642298271,0.4194978160890749
80,L-alanine,Dihydrouracil,0.5075012417480819,-0.6964006620991414,0.43510343288772246,0.15746663651507917,0.332101371259161,12,0.38706216730591814,Z-score,,,,0.5075012417480819,0.332101371259161
81,Galactose,Ethanolamine,0.5626077638159368,-0.9488394409339792,0.9991638964838189,3.2132574514616766e-15,0.007279863111098973,12,0.9999522298704014,Z-score,,,,0.5626077638159368,0.007279863111098973
82,L-malate,Ethanolamine,0.7310654294868357,-0.9538208677573539,0.9796104051518862,2.6821155618574816e-08,0.04741295463840245,12,0.9116059980485429,Z-score,,,,0.7310654294868357,0.04741295463840245
83,L-alanine,Ethanolamine,0.5568558964943437,-0.9551848543520942,0.997945880676331,2.8700634630455806e-13,0.011304218072912786,12,0.9993282560599007,Z-score,,,,0.5568558964943437,0.011304218072912786
84,Galactose,Formate,357.25472652831115,-40.82671301765117,0.6716207055264504,0.06815476907726996,160.89221666000577,8,0.8865917734163731,Concentration [uM],,0.35725472652831114,0.16089221666000578,,
85,L-malate,Formate,77.21842188735586,53.23119501967578,0.39814001613140604,0.43434565218107885,88.9565976202292,6,0.5211817484448235,Concentration [uM],,0.07721842188735586,0.0889565976202292,,
86,L-alanine,Formate,73.9535300445149,136.34159294417654,0.8575185073680182,0.0631633177225594,25.615367006057628,5,0.8216976979186086,Concentration [uM],,0.07395353004451491,0.02561536700605763,,
87,Galactose,Fructose-6-phosphate,0.6184285137965452,-1.1770539450881499,0.962275759082188,5.647412938334546e-07,0.055294283400466306,12,0.9738715322844004,Z-score,,,,0.6184285137965452,0.055294283400466306
88,L-malate,Fructose-6-phosphate,1.3058255232858562,-1.2557487861193684,0.9100874901261754,3.973134548709218e-05,0.18803500192361836,12,0.8637371811494923,Z-score,,,,1.3058255232858562,0.18803500192361836
89,L-alanine,Fructose-6-phosphate,1.3434095116167069,-1.1850883986284713,0.9629657836161801,5.155484100534549e-07,0.11894755175306258,12,0.9609478650541959,Z-score,,,,1.3434095116167069,0.11894755175306258
90,Galactose,Gamma-aminobutyrate,0.009163202652281302,0.2959596329201064,0.07410615093926226,0.9057315511877555,0.07119288765890873,5,,Concentration [uM],,9.163202652281302e-06,7.119288765890873e-05,,
91,L-malate,Gamma-aminobutyrate,0.14222372355009358,0.8154845911739813,0.13317714964479888,0.7326717430387415,0.40004365722185437,9,0.22634054008670973,Concentration [uM],,0.0001422237235500936,0.00040004365722185435,,
92,L-alanine,Gamma-aminobutyrate,2.728820928154421,3.3696339825804076,0.5486720898228009,0.12607881817876207,1.5715889974817667,9,0.06814078184572758,Concentration [uM],,0.0027288209281544212,0.0015715889974817667,,
93,Galactose,Gluconate,0.4866652495913427,-0.31320184493069686,0.6702877943983548,0.017065880887043295,0.17038532670946033,12,0.3451264487564306,Z-score,,,,0.4866652495913427,0.17038532670946033
94,L-malate,Gluconate,0.030522262902282594,-0.9000038975288525,0.9936625474156993,0.00633745258430074,0.002441439668679015,4,0.831372398720381,Z-score,,,,0.030522262902282594,0.002441439668679015
95,L-alanine,Gluconate,,,,,,1,,,Not sufficient data,,,,
96,Galactose,Glutamate,1.7859625823931384,0.7967555359950178,0.6865761396297939,0.041085968056071995,0.7148314193258085,9,0.5426429547834054,Concentration [uM],,0.0017859625823931384,0.0007148314193258085,,
97,L-malate,Glutamate,1.2275255593944379,4.251257419122685,0.39259524441651017,0.29594612941190956,1.0868961162441713,9,0.7750841809415308,Concentration [uM],,0.0012275255593944378,0.0010868961162441714,,
98,L-alanine,Glutamate,0.6254070203680643,2.7672409161387095,0.3928481874552065,0.29560714238628466,0.5533367537687519,9,0.7875048882658142,Concentration [uM],,0.0006254070203680642,0.0005533367537687519,,
99,Galactose,Glutamine,0.05530665806088497,-0.7566078882748659,0.8501803842003708,0.0009154035616780968,0.011416591379998746,11,0.6493568885990272,Z-score,Rate scaled for slope estimated on Z-scores,,,0.05530665806088497,0.011416591379998746
100,L-malate,Glutamine,0.8441422244611321,0.44975162241637634,0.5818238033364183,0.06041681519832541,0.3933340937955041,11,0.7363724308889155,Z-score,Rate scaled for slope estimated on Z-scores,,,0.8441422244611321,0.3933340937955041
101,L-alanine,Glutamine,0.5079197898313571,-0.7079820956132177,0.8801341889140394,0.00035098726112790796,0.09132024663247164,11,0.9365216280709008,Z-score,Rate scaled for slope estimated on Z-scores,0.00018977212426725488,3.411963372761633e-05,0.5079197898313571,0.09132024663247164
102,Galactose,Glycerol,-0.6601702747672792,1.310694141726679,-0.7860205675494676,0.002435594159154143,0.16419173761576644,12,0.020041041968658167,Z-score,,,,-0.6601702747672792,0.16419173761576644
103,L-malate,Glycerol,-1.1345316404988648,0.474848436899457,-0.736177290867653,0.006333864120059491,0.32982784658271763,12,0.47386075338944883,Z-score,,,,-1.1345316404988648,0.32982784658271763
104,L-alanine,Glycerol,-0.4601885634478134,0.8069066007382539,-0.45696496760440813,0.13531174515080405,0.2832640061974426,12,0.12442710156295232,Z-score,,,,-0.4601885634478134,0.2832640061974426
105,Galactose,Glycerol 3-phosphate,0.644140510099032,-1.1044241859289943,0.9766829219073486,2.5549667408432937e-07,0.04719666731512779,11,0.9787586611069358,Z-score,,,,0.644140510099032,0.04719666731512779
106,L-malate,Glycerol 3-phosphate,1.0143841150386248,-1.1047760554949013,0.925235370922517,4.486373792277833e-05,0.1386497099473465,11,0.9257109498525722,Z-score,,,,1.0143841150386248,0.1386497099473465
107,L-alanine,Glycerol 3-phosphate,0.5572570235551835,-1.1718599590463743,0.961023604552121,9.632204452283896e-06,0.056678552403843264,10,0.9822639413869934,Z-score,,,,0.5572570235551835,0.056678552403843264
108,Galactose,Glycine,,,,,,0,,,Not sufficient data,,,,
109,L-malate,Glycine,,,,,,0,,,Not sufficient data,,,,
110,L-alanine,Glycine,19.098244941126136,25.586692063971686,0.7148746908981961,0.03042433045636412,7.060713622716259,9,0.33548182421321887,Concentration [uM],,0.019098244941126136,0.007060713622716259,,
111,Galactose,Guanine,0.012752345929393612,-0.35519544259102853,0.37476344374168513,0.40750183587414895,0.014108603575448854,7,0.8608361573616494,Z-score,,,,0.012752345929393612,0.014108603575448854
112,L-malate,Guanine,-0.030075247644461598,-0.2889464189587804,-0.20270721390361668,0.700103820601523,0.0726438557088432,6,0.15208461780576815,Z-score,,,,-0.030075247644461598,0.0726438557088432
113,L-alanine,Guanine,0.014821520394623871,-0.3780405213250499,0.4981902800998934,0.31453838823871333,0.012897945349742864,6,0.3450757231680432,Z-score,,,,0.014821520394623871,0.012897945349742864
114,Galactose,Hexanoate,0.008752970507842982,0.5025991178652547,0.01811569774528006,0.9554379019494932,0.15276685024259232,12,0.6739216095290365,Z-score,,,,0.008752970507842982,0.15276685024259232
115,L-malate,Hexanoate,0.08816020270554718,-0.18210487145394086,0.0686561230545832,0.8320989616168913,0.4051047407502584,12,0.8220622439288812,Z-score,,,,0.08816020270554718,0.4051047407502584
116,L-alanine,Hexanoate,0.21437458569470275,-0.362132964626055,0.28632330064368744,0.366932770798741,0.22685190647087894,12,0.8879336622408744,Z-score,,,,0.21437458569470275,0.22685190647087894
117,Galactose,Hexoses,-7120.388851271111,39918.997973387595,-0.9197949963052651,2.2819217096379237e-05,960.5961200186002,12,0.00607736631102431,Concentration [uM],,-7.1203888512711115,0.9605961200186003,,
118,L-malate,Hexoses,,,,,,0,,,Not sufficient data,,,,
119,L-alanine,Hexoses,,,,,,1,,,Not sufficient data,,,,
120,Galactose,Histidine,-0.015421288348179329,-0.31471501086475945,-0.363693626993388,0.24518509987770165,0.012490404658352059,12,0.3600877228796328,Z-score,,,,-0.015421288348179329,0.012490404658352059
121,L-malate,Histidine,0.06554979624794748,-0.4065755553857814,0.5601384798080313,0.07311024645429735,0.03231426206053009,11,0.8442463137169205,Z-score,,,,0.06554979624794748,0.03231426206053009
122,L-alanine,Histidine,0.07035646159701646,-0.3785449960249599,0.4980495130715775,0.09938128237300616,0.03873691169248584,12,0.3495600090205654,Z-score,,,,0.07035646159701646,0.03873691169248584
123,Galactose,Homoserine,,,,,,2,,,Not sufficient data,,,,
124,L-malate,Homoserine,0.09407658659606588,-0.7217741349935747,0.936484363275546,0.0006104645938091937,0.014383107330163503,8,0.74356721144061,Z-score,,,,0.09407658659606588,0.014383107330163503
125,L-alanine,Homoserine,2.0522622332482876,-0.34268692921624533,0.9908251411193424,0.0001258808924217829,0.139965852752734,6,0.03248250747373055,Z-score,,,,2.0522622332482876,0.139965852752734
126,Galactose,Hypoxanthine,0.5741859255529382,-0.9515972580041709,0.8884444010835157,0.0002572015058391026,0.0988778059168445,11,0.870473387605227,Z-score,,,,0.5741859255529382,0.0988778059168445
127,L-malate,Hypoxanthine,1.0662800553977663,-0.8765576798778214,0.6525509463518065,0.021439482503492507,0.391543354432861,12,0.8575430629738412,Z-score,,,,1.0662800553977663,0.391543354432861
128,L-alanine,Hypoxanthine,0.2792314306573991,-0.917042426680366,0.8116855858939195,0.004353522317127934,0.07104191675063713,10,0.9226289737933601,Z-score,,,,0.2792314306573991,0.07104191675063713
129,Galactose,Inosine,0.08894132607771028,-0.38916291165197264,0.9490791966650469,2.7654830928178467e-05,0.010438029481275514,10,0.6825123403750657,Z-score,,,,0.08894132607771028,0.010438029481275514
130,L-malate,Inosine,0.11685805652966334,-0.28244648176675774,0.48564967943335274,0.15473771651670293,0.0743666594774103,10,0.5347885732653423,Z-score,,,,0.11685805652966334,0.0743666594774103
131,L-alanine,Inosine,0.05200835168694767,-0.3705203744012772,0.65918966548457,0.027366395060825645,0.01977633634918031,11,0.5410506617470007,Z-score,,,,0.05200835168694767,0.01977633634918031
132,Galactose,Isocitrate,0.20988803576288745,-0.7045964473286446,0.6424140193105538,0.03304904240928904,0.08346088434935378,11,0.5456777955207688,Z-score,Rate scaled for slope estimated on Z-scores,4.324173436473357e-05,1.719485047236147e-05,0.20988803576288745,0.08346088434935378
133,L-malate,Isocitrate,0.972242643020084,-0.9179575982730032,0.9804662700959175,0.003267646096482815,0.11260500513810298,5,0.9445580731462883,Concentration [uM],,0.000972242643020084,0.00011260500513810298,,
134,L-alanine,Isocitrate,0.6959753687172577,-0.5930241205067,0.9856325813072179,0.00030815119901834987,0.05963313509199155,6,0.9993951445396739,Concentration [uM],,0.0006959753687172577,5.963313509199155e-05,,
135,Galactose,Isoleucine,-0.013247284293248264,0.12070289008326023,-0.8478174278764143,0.03297706406483941,0.0041429196520266455,6,0.48188480937031414,Concentration [uM],,-1.3247284293248264e-05,4.1429196520266454e-06,,
136,L-malate,Isoleucine,-0.06360339202932218,0.18431903799009616,-0.8468006941644466,0.03340724501694163,0.019975952187943014,6,0.3468364839651202,Concentration [uM],,-6.360339202932218e-05,1.9975952187943013e-05,,
137,L-alanine,Isoleucine,0.4757879917272689,0.2761765162964184,0.8395210224063543,0.004642186278652207,0.11638428239475226,9,0.6913878356923839,Concentration [uM],,0.0004757879917272689,0.00011638428239475227,,
138,Galactose,Lactate,-0.15741167955483018,1.3751644454770444,-0.427545356154347,0.33865411072749435,0.14884534470220104,7,0.4095293414954091,Concentration [uM],,-0.00015741167955483017,0.00014884534470220104,,
139,L-malate,Lactate,0.11473447563354953,-0.584452275121044,0.2502400660018978,0.5160734315034736,0.16778220197730845,9,0.9959610531926315,Z-score,Rate scaled for slope estimated on Z-scores,0.0004045855227541701,0.0005916464909173788,0.11473447563354953,0.16778220197730845
140,L-alanine,Lactate,0.3714299501629156,0.7094184096171432,0.5033597812459792,0.2035036163821191,0.2603006123042144,8,0.8088059950178222,Concentration [uM],,0.0003714299501629156,0.0002603006123042144,,
141,Galactose,Leucine,0.08521009805714772,0.015411727762991961,0.5682967864431417,0.1831521353227516,0.055174401350452554,7,0.7294699344654392,Concentration [uM],,8.521009805714772e-05,5.517440135045256e-05,,
142,L-malate,Leucine,0.053718661800049125,0.015455756266304799,0.9929438981295714,0.07567165661721319,0.006415498854425805,3,0.7273480005929454,Concentration [uM],,5.3718661800049125e-05,6.415498854425805e-06,,
143,L-alanine,Leucine,0.08086757910605356,0.9701285309707463,0.3069059242208164,0.4217953048846571,0.09478473647857491,9,0.6580105690753746,Concentration [uM],,8.086757910605357e-05,9.478473647857491e-05,,
144,Galactose,Lysine,0.008470274078820415,-0.2903382524638624,0.34915287138167295,0.5646500287425255,0.013124757733121991,5,0.6483348864216394,Z-score,Rate scaled for slope estimated on Z-scores,0.00010006027781151177,0.00015504420432731284,0.008470274078820415,0.013124757733121991
145,L-malate,Lysine,0.005095924784303587,-0.2864743485991502,0.3484296110191691,0.3581307542443152,0.0051814790103878365,9,0.9931085136008252,Z-score,Rate scaled for slope estimated on Z-scores,,,0.005095924784303587,0.0051814790103878365
146,L-alanine,Lysine,-3.107936267817952,6.920982032460122,-0.832209882180582,0.010373416178165043,0.8453458224754345,8,0.009459061610800306,Concentration [uM],,-0.003107936267817952,0.0008453458224754346,,
147,Galactose,Malate,0.20290946123101003,1.4188491545262072,0.255755510071442,0.5065501037933411,0.2898936075936941,9,0.2516186091679302,Concentration [uM],,0.00020290946123101004,0.0002898936075936941,,
148,L-malate,Malate,-16505.5736370172,26767.708167427412,-0.9781821136655988,3.753666440116603e-08,1108.5374712367561,12,0.009593960165830605,Concentration [uM],,-16.505573637017203,1.1085374712367562,,
149,L-alanine,Malate,1.1053227098385447,0.5737711278375175,0.5970939644318958,0.08957596357957791,0.5612605437161156,9,0.2679607168998871,Concentration [uM],,0.0011053227098385449,0.0005612605437161156,,
150,Galactose,Methionine,0.0034297833023755023,0.005207002428203077,0.45883495863562923,0.5411650413643707,0.0046963789456042765,4,0.524820728636012,Concentration [uM],,3.4297833023755024e-06,4.6963789456042765e-06,,
151,L-malate,Methionine,0.026751163367459647,0.016268949580500645,0.6027284587751779,0.11375526162875535,0.014458360610245968,8,0.3889106186019564,Concentration [uM],,2.6751163367459648e-05,1.4458360610245969e-05,,
152,L-alanine,Methionine,0.016246111072901328,0.010828251713674426,0.6635528994741414,0.026009614456519243,0.006105613584581524,11,0.9742577809841636,Concentration [uM],,1.6246111072901327e-05,6.105613584581524e-06,,
153,Galactose,Methylthioadenosine,0.5157512714649272,-1.6023101386573837,0.9984041142364587,5.337886351553023e-10,0.011026241064363796,9,0.9998231189090899,Z-score,,,,0.5157512714649272,0.011026241064363796
154,L-malate,Methylthioadenosine,1.2889111193734548,-1.6552162040422567,0.9645855537854914,2.658397376432185e-05,0.13321676942015215,9,0.992899182739807,Z-score,,,,1.2889111193734548,0.13321676942015215
155,L-alanine,Methylthioadenosine,1.2491512975291312,-1.3927878414587955,0.9765460498884817,6.358405240217859e-06,0.1040961728679296,9,0.9646344028435222,Z-score,,,,1.2491512975291312,0.1040961728679296
156,Galactose,N-acetylglutamate,0.257963317866379,-1.0528853044468691,0.9261317388833535,4.254968427389406e-05,0.0350215903017686,11,0.92623973260472,Z-score,,,,0.257963317866379,0.0350215903017686
157,L-malate,N-acetylglutamate,2.110266540642239,-1.0606986305083024,0.9617172261287276,6.072307829226529e-07,0.19015590653225067,12,0.6899753755985059,Z-score,,,,2.110266540642239,0.19015590653225067
158,L-alanine,N-acetylglutamate,0.8540349482356774,-1.094065997846627,0.9797066228666672,1.37354162854857e-07,0.05824195245866475,11,0.993605564031864,Z-score,,,,0.8540349482356774,0.05824195245866475
159,Galactose,N-acetylserine,0.22527319740469692,-1.223347300386519,0.9402694506941093,0.00016170787341464397,0.030827439517594347,9,0.9436582649197666,Z-score,,,,0.22527319740469692,0.030827439517594347
160,L-malate,N-acetylserine,1.6833074425498065,-1.4253333646089632,0.8623459365451968,0.002777786960137774,0.3735576186256257,9,0.6292602048672085,Z-score,,,,1.6833074425498065,0.3735576186256257
161,L-alanine,N-acetylserine,1.4533082640749706,-1.3840214263216368,0.9439168073966756,0.0001301758863659934,0.192145494528737,9,0.8818564164598244,Z-score,,,,1.4533082640749706,0.192145494528737
162,Galactose,NAD,0.2272800480341111,-0.6330132391539115,0.5666607070678176,0.11163759812481949,0.12490812927659342,9,0.2528542236296955,Z-score,Rate scaled for slope estimated on Z-scores,1.0128878631752534e-05,5.5666095308638235e-06,0.2272800480341111,0.12490812927659342
163,L-malate,NAD,0.2647124375191372,-0.44384817191159376,0.43999026218371634,0.23596123714000516,0.20420192381544508,9,0.575195474394379,Z-score,Rate scaled for slope estimated on Z-scores,6.6810901388295255e-06,5.1538623281905964e-06,0.2647124375191372,0.20420192381544508
164,L-alanine,NAD,-0.35554888942324986,1.3823813357458055,-0.4104322875657019,0.27253257940238385,0.2985738406249648,9,0.3347172846063662,Z-score,Rate scaled for slope estimated on Z-scores,-8.906082192125148e-06,7.478924120218409e-06,-0.35554888942324986,0.2985738406249648
165,Galactose,Nicotinamide,-0.019288126112055715,-0.2594117313400329,-0.35912115343825823,0.2516134483564634,0.01585134448138896,12,0.2703275476969094,Z-score,,,,-0.019288126112055715,0.01585134448138896
166,L-malate,Nicotinamide,0.054015602513144086,-0.36306816361039523,0.5001447902424535,0.17032700678159296,0.03534786241593182,9,0.9100224205136185,Z-score,,,,0.054015602513144086,0.03534786241593182
167,L-alanine,Nicotinamide,0.004634150749749913,-0.3329162774887024,0.113912748007331,0.7244617158779214,0.012780906563078624,12,0.8951426383169647,Z-score,,,,0.004634150749749913,0.012780906563078624
168,Galactose,Nicotinate,0.02580982186981648,-0.721392038351647,0.4125792394355096,0.41624609592234396,0.028492377898504676,6,0.8294432897395551,Z-score,,,,0.02580982186981648,0.028492377898504676
169,L-malate,Nicotinate,0.4099301734618391,-0.6059439117255231,0.45684039480216754,0.2551423199828134,0.3258663246826525,8,0.7915364703434148,Z-score,,,,0.4099301734618391,0.3258663246826525
170,L-alanine,Nicotinate,0.4436156221872432,-0.7611289600982274,0.6383610142962429,0.0642805611044582,0.20217799223346294,9,0.6828341700231781,Z-score,,,,0.4436156221872432,0.20217799223346294
171,Galactose,O-acetylserine,-0.116862591403253,1.518727586881799,-0.2957805293736192,0.43965920296659255,0.14265160086580037,9,0.26426013854192826,Z-score,,,,-0.116862591403253,0.14265160086580037
172,L-malate,O-acetylserine,0.38886002109185214,-1.3226937770927023,0.6105895701217039,0.10786855735249219,0.205903874823529,8,0.8008716508402296,Z-score,,,,0.38886002109185214,0.205903874823529
173,L-alanine,O-acetylserine,0.5846557925941749,-0.8417976561490467,0.683403246266685,0.06168912772549638,0.25497341642275506,8,0.48759151807778967,Z-score,,,,0.5846557925941749,0.25497341642275506
174,Galactose,O-succinyl-homoserine,0.06987038922376337,-0.8807631912819438,0.8612062692600856,0.006007722253167097,0.01683420195204838,8,0.9091302526040542,Z-score,,,,0.06987038922376337,0.01683420195204838
175,L-malate,O-succinyl-homoserine,1.6701970144921368,-0.8061920198681104,0.951203938092702,8.055609404048896e-05,0.2047805768898322,9,0.8506504031984831,Z-score,,,,1.6701970144921368,0.2047805768898322
176,L-alanine,O-succinyl-homoserine,0.35563566408528247,-0.7806061619562159,0.9491702271937481,9.274510561590886e-05,0.044575492302512565,9,0.9409071083150482,Z-score,,,,0.35563566408528247,0.044575492302512565
177,Galactose,Orotate,0.6205729669479613,-1.4124907220023655,0.969023628666472,1.6710584518839988e-05,0.05977921406628572,9,0.9770045781557033,Z-score,,,,0.6205729669479613,0.05977921406628572
178,L-malate,Orotate,2.086215159170844,-1.466105461200421,0.9453036663825121,0.00011941727723800279,0.27208935120742106,9,0.9168898008299566,Z-score,,,,2.086215159170844,0.27208935120742106
179,L-alanine,Orotate,0.9902835309201495,-1.9227615215541758,0.9714220947793677,1.2633239780684924e-05,0.09145502333638775,9,0.9986469394985003,Z-score,,,,0.9902835309201495,0.09145502333638775
180,Galactose,Pantothenate,0.6558717021908246,-1.2022993733489242,0.9651964474541462,2.5028340068713503e-05,0.06716900766210654,9,0.9722944438034975,Z-score,,,,0.6558717021908246,0.06716900766210654
181,L-malate,Pantothenate,1.6385786967112168,-1.3334517713979235,0.996688139739074,6.861038561535515e-09,0.050530095040633015,9,0.9861502628514695,Z-score,,,,1.6385786967112168,0.050530095040633015
182,L-alanine,Pantothenate,0.1848306808268072,-1.2499716028154384,0.9346356696581389,0.00022044641624368127,0.026579860371954735,9,0.9726939769425983,Z-score,,,,0.1848306808268072,0.026579860371954735
183,Galactose,Phenylacetaldehyde,0.01732447415307014,-0.4384984366406932,0.18292434985121656,0.6375848794599646,0.03519242073907809,9,0.2780821313449048,Z-score,,,,0.01732447415307014,0.03519242073907809
184,L-malate,Phenylacetaldehyde,0.2197633434344167,-0.6084457558898757,0.6628836262905339,0.05166032744070783,0.0938187827301417,9,0.9935355641798905,Z-score,,,,0.2197633434344167,0.0938187827301417
185,L-alanine,Phenylacetaldehyde,0.24679658029773277,-0.5812790390051077,0.684907247160309,0.013985457742304397,0.08302608933894967,12,0.8544491717469649,Z-score,,,,0.24679658029773277,0.08302608933894967
186,Galactose,Phenylalanine,0.012177108158589878,-0.0005800242916828117,0.7759813685508905,0.003007781855562873,0.0031300706636973254,12,0.9102389261349879,Concentration [uM],Some abs. conc. values calculated from standard curve,1.2177108158589878e-05,3.1300706636973253e-06,,
187,L-malate,Phenylalanine,0.013632973992681341,-0.0025226519501762934,0.7913182035169988,0.034025376287607385,0.004710674548522921,7,0.5265908573474277,Concentration [uM],Some abs. conc. values calculated from standard curve,1.3632973992681341e-05,4.710674548522922e-06,,
188,L-alanine,Phenylalanine,0.014041800388890892,0.004716588674995241,0.5958987506847429,0.04088237394393058,0.005984089550809655,12,0.5768719412472013,Concentration [uM],Some abs. conc. values calculated from standard curve,1.4041800388890892e-05,5.9840895508096555e-06,,
189,Galactose,Proline,0.0037984748460074278,0.0006098057365561196,0.3495360122661726,0.35650168380898184,0.003848328838722261,9,0.19581222009069146,Concentration [uM],Some abs. conc. values calculated from standard curve,3.798474846007428e-06,3.8483288387222615e-06,,
190,L-malate,Proline,0.007895081779118542,0.004271676334426423,0.5853147846545678,0.09776508804374977,0.004133663780183554,9,0.9953098301594141,Concentration [uM],Some abs. conc. values calculated from standard curve,7.895081779118543e-06,4.133663780183554e-06,,
191,L-alanine,Proline,0.22929602149572614,0.11670474080753501,0.7647360885188441,0.003764379411962063,0.06109455054119868,12,0.3511002741034912,Concentration [uM],Some abs. conc. values calculated from standard curve,0.00022929602149572616,6.109455054119868e-05,,
192,Galactose,Propanoate,,,,,,2,,,Not sufficient data,,,,
193,L-malate,Propanoate,81.97096548732786,-11.978443046514627,0.923912383356883,0.0010393532045724855,13.858086647343514,8,0.9536599460518065,Concentration [uM],,0.08197096548732787,0.013858086647343514,,
194,L-alanine,Propanoate,114.25968052063772,-4.86162424092592,0.9457404331410479,0.00011616321446261507,14.837223605056558,9,0.8630474577498691,Concentration [uM],,0.11425968052063772,0.014837223605056557,,
195,Galactose,Putrescine,0.5269301345294032,-1.4062938963078118,0.6700455654592539,0.04829972238956829,0.2206433404421469,9,0.8810531742619226,Z-score,,,,0.5269301345294032,0.2206433404421469
196,L-malate,Putrescine,-0.047949665993565455,0.06962195364338486,-0.053674823318298565,0.8909167265974416,0.3371626367693828,9,0.31936863585839437,Z-score,,,,-0.047949665993565455,0.3371626367693828
197,L-alanine,Putrescine,1.2225235957665561,-0.44217208891621995,0.6742410189606098,0.04639773689022806,0.5061162106587695,9,0.22383035330097856,Z-score,,,,1.2225235957665561,0.5061162106587695
198,Galactose,Pyruvate,,,,,,0,,,Not sufficient data,,,,
199,L-malate,Pyruvate,57.95578745651077,83.33334664748946,0.5601499386660183,0.11674311393790687,32.39507545892953,9,0.28521053511699834,Concentration [uM],,0.05795578745651077,0.032395075458929536,,
200,L-alanine,Pyruvate,,,,,,0,,,Not sufficient data,,,,
201,Galactose,Quinate,0.28715473033675054,-1.2423851502342957,0.9120585147267535,0.0006088173812355551,0.04879684466679076,9,0.9612433694648396,Z-score,,,,0.28715473033675054,0.04879684466679076
202,L-malate,Quinate,1.939779492150768,-1.3428881305938174,0.9586621524533885,4.5411926417386316e-05,0.2176163175174396,9,0.87908619403122,Z-score,,,,1.939779492150768,0.2176163175174396
203,L-alanine,Quinate,0.8129785992369817,-1.4823652200894055,0.9727570450841563,4.952066767632096e-05,0.07909754618777813,8,0.9919565879661961,Z-score,,,,0.8129785992369817,0.07909754618777813
204,Galactose,S-adenosylhomocysteine,0.05962520260469833,-0.8676791013199917,0.3823456367337756,0.30984914676328346,0.05446353036533223,9,0.10618484533686345,Z-score,,,,0.05962520260469833,0.05446353036533223
205,L-malate,S-adenosylhomocysteine,1.8049298870573462,-0.9957960939235011,0.978835402831548,3.227892799013701e-08,0.11933298572458455,12,0.9827632381305587,Z-score,,,,1.8049298870573462,0.11933298572458455
206,L-alanine,S-adenosylhomocysteine,1.547096748500451,-0.7895368513334757,0.9536702323737997,6.73475032886473e-05,0.18447007193147913,9,0.9394094163778327,Z-score,,,,1.547096748500451,0.18447007193147913
207,Galactose,S-adenosylmethionine,0.480210914505135,-1.3361602573613964,0.994445382784958,4.137107840002847e-09,0.017969841204414642,10,0.9994687672288385,Z-score,,,,0.480210914505135,0.017969841204414642
208,L-malate,S-adenosylmethionine,1.1552311400073507,-1.439439287860281,0.9880332187838748,8.843765439890613e-08,0.0637606654882705,10,0.9967912487466523,Z-score,,,,1.1552311400073507,0.0637606654882705
209,L-alanine,S-adenosylmethionine,1.3355488842372993,-1.2535119140628428,0.9789194357859397,8.423219516731491e-07,0.09851968539128543,10,0.9700489899662124,Z-score,,,,1.3355488842372993,0.09851968539128543
210,Galactose,Serine,-0.011257018798122137,-0.8957831403488803,-0.09280442420824142,0.774216546455781,0.03819235116259402,12,0.9009560551478689,Z-score,Rate scaled for slope estimated on Z-scores,,,-0.011257018798122137,0.03819235116259402
211,L-malate,Serine,0.825730880508937,-0.6263465153454155,0.8000050674473576,0.005455482833794465,0.21895111181482632,10,0.8457209305462603,Z-score,Rate scaled for slope estimated on Z-scores,0.0016683711545459352,0.0004423859247972795,0.825730880508937,0.21895111181482632
212,L-alanine,Serine,0.4324756204459137,0.39783241599678726,0.7026515238889056,0.03477533518993321,0.16552681636125863,9,0.37479451549295684,Concentration [uM],,0.0004324756204459137,0.00016552681636125864,,
213,Galactose,Succinate,18.379165878173424,-16.10862026802863,0.3597817406204907,0.4836129851647534,23.831715950684995,6,0.7864207682804794,Concentration [uM],,0.018379165878173426,0.023831715950684996,,
214,L-malate,Succinate,-185.3129193524463,841.2103876314396,-0.38863041274728727,0.2118497199214871,138.93579987475343,12,0.6088970346755871,Concentration [uM],,-0.18531291935244631,0.13893579987475344,,
215,L-alanine,Succinate,5.564769299213625,-0.3939409992339842,0.37293518472755244,0.46653125723294514,6.9225331435558415,6,0.841595419669539,Concentration [uM],,0.005564769299213625,0.0069225331435558415,,
216,Galactose,Thiamine monophosphate,0.2830431900047595,-0.4054433891889377,0.7478792542878757,0.05322893194976456,0.11235598905323571,7,0.4985278070428045,Z-score,,,,0.2830431900047595,0.11235598905323571
217,L-malate,Thiamine monophosphate,,,,,,1,,,Not sufficient data,,,,
218,L-alanine,Thiamine monophosphate,,,,,,1,,,Not sufficient data,,,,
219,Galactose,Threonine,0.0016139659978797755,-1.024805396674504,0.0645056580378273,0.8690449611940473,0.0094371774374489,9,0.16113940079479294,Z-score,,,,0.0016139659978797755,0.0094371774374489
220,L-malate,Threonine,-0.43178185744498343,1.350932211235241,-0.7421334448862085,0.005712969177411383,0.12331633382488263,12,0.08886642900048689,Z-score,,,,-0.43178185744498343,0.12331633382488263
221,L-alanine,Threonine,-0.44205595070600817,1.0482963667933232,-0.9372359338562402,6.899618059501057e-06,0.05200859286860948,12,0.055911992724177156,Z-score,,,,-0.44205595070600817,0.05200859286860948
222,Galactose,Thymine,0.2966852245426658,-1.0024701287868945,0.9503203698518484,8.570302856382543e-05,0.03672983819800423,9,0.9734505893818213,Z-score,,,,0.2966852245426658,0.03672983819800423
223,L-malate,Thymine,0.2785098263938866,-1.0151468989007082,0.9504664574537331,8.483647001666452e-05,0.03442497592119044,9,0.9998867864610244,Z-score,,,,0.2785098263938866,0.03442497592119044
224,L-alanine,Thymine,0.8747754733795209,-1.0098484205670373,0.9853693106018775,1.2296174859169778e-06,0.05718756346743341,9,0.999435369575997,Z-score,,,,0.8747754733795209,0.05718756346743341
225,Galactose,Trans-aconitate,0.005562698919226019,-0.0009482404486515546,0.9506782337600661,0.00028896856280400746,0.0007409493269105592,8,0.9818530321963392,Concentration [uM],,5.562698919226019e-06,7.409493269105592e-07,,
226,L-malate,Trans-aconitate,0.012322667056276784,-0.0011410723443773443,0.9265353424799037,0.0026998531069233485,0.002237615397176951,7,0.9547430666715118,Concentration [uM],,1.2322667056276784e-05,2.2376153971769514e-06,,
227,L-alanine,Trans-aconitate,0.021347825932737253,-0.005326123227111585,0.8577088073875532,0.0064555981269901665,0.005224154205574184,8,0.9963431879599999,Concentration [uM],,2.1347825932737253e-05,5.224154205574185e-06,,
228,Galactose,Trimethylamine,-0.33249368734037626,0.23188781596969948,-0.7579899267907786,0.004282723192474278,0.09047839390567188,12,0.10305252514912297,Z-score,,,,-0.33249368734037626,0.09047839390567188
229,L-malate,Trimethylamine,-1.1235671713156499,0.5714813543015907,-0.9416437317632927,4.8302857763573465e-06,0.1270108873145391,12,0.12902539628122775,Z-score,,,,-1.1235671713156499,0.1270108873145391
230,L-alanine,Trimethylamine,0.6785641234522942,-0.029286864712464555,0.782987812273449,0.0025988216654446975,0.17047164109411525,12,0.3732715407055732,Z-score,,,,0.6785641234522942,0.17047164109411525
231,Galactose,Tyramine,0.21186548478042674,-1.3067356504917393,0.9056319797294162,0.004991137990278929,0.044366523291122395,7,0.9525056218372888,Z-score,,,,0.21186548478042674,0.044366523291122395
232,L-malate,Tyramine,0.35283510986777766,-0.7464541362784209,0.7294338826253263,0.007096598996624593,0.10463441440437181,12,0.9844919165299804,Z-score,,,,0.35283510986777766,0.10463441440437181
233,L-alanine,Tyramine,1.3223797693795405,-0.8526426495543362,0.8074997406667614,0.008488708038316136,0.3651065012409041,9,0.7836740573209003,Z-score,,,,1.3223797693795405,0.3651065012409041
234,Galactose,Tyrosine,,,,,,1,,,Not sufficient data,,,,
235,L-malate,Tyrosine,,,,,,1,,,Not sufficient data,,,,
236,L-alanine,Tyrosine,0.03280663263925048,0.013522093153512417,0.6061603191267888,0.2785003472130356,0.02485236405518526,5,0.8033688900416134,Concentration [uM],,3.280663263925048e-05,2.485236405518526e-05,,
237,Galactose,Uracil,0.11742152195467732,-0.8480040319047244,0.7945979600611878,0.018464392316709734,0.03662777985792765,8,0.8477448286988202,Z-score,,,,0.11742152195467732,0.03662777985792765
238,L-malate,Uracil,0.3255951524577568,-0.9625631407931572,0.539350673568476,0.26942231564535124,0.2541737594361089,6,0.9924759173451942,Z-score,,,,0.3255951524577568,0.2541737594361089
239,L-alanine,Uracil,0.16613668114538752,-0.8794912044118315,0.8584143652757596,0.01340416513834591,0.04439810403026744,7,0.9636512756055177,Z-score,,,,0.16613668114538752,0.04439810403026744
240,Galactose,Uridine diphosphate hexose,-0.27000270075598143,0.9086924137256982,-0.564593193600312,0.05581160338958616,0.12481902770021706,12,0.44144020396018596,Z-score,,,,-0.27000270075598143,0.12481902770021706
241,L-malate,Uridine diphosphate hexose,0.22358632207536858,-1.3899967961346646,0.4380108228401909,0.15439552451101057,0.14511270698497433,12,0.4923803959002234,Z-score,,,,0.22358632207536858,0.14511270698497433
242,L-alanine,Uridine diphosphate hexose,-0.22051829192061712,0.6208315068072908,-0.30515197014783896,0.3348033768574836,0.21762255184259605,12,0.8163089969233783,Z-score,,,,-0.22051829192061712,0.21762255184259605
243,Galactose,Uridine monophosphate,0.32264422546051735,-0.808048873971611,0.8467722935997622,0.001995963258227014,0.07166177967180917,10,0.9475547581308859,Z-score,,,,0.32264422546051735,0.07166177967180917
244,L-malate,Uridine monophosphate,1.8932144837148175,-1.1674825496309964,0.8247355016926732,0.0009626216540369647,0.41051786963302883,12,0.9348804478651285,Z-score,,,,1.8932144837148175,0.41051786963302883
245,L-alanine,Uridine monophosphate,0.8143089292751481,-1.1062343093939768,0.9121018577171419,9.114842931658703e-05,0.12200284607452666,11,0.548338389246632,Z-score,,,,0.8143089292751481,0.12200284607452666
246,Galactose,Valine,0.0022405885573628386,0.04374723886798107,0.2509199574759283,0.8385338089181359,0.00864382135111601,3,,Concentration [uM],,2.2405885573628385e-06,8.643821351116012e-06,,
247,L-malate,Valine,,,,,,1,,,Not sufficient data,,,,
248,L-alanine,Valine,-0.4579203667387751,7.434368790816333,-0.35730336451434985,0.34516628118160947,0.45242366148169066,9,0.7311927726571354,Concentration [uM],,-0.00045792036673877515,0.0004524236614816907,,
249,Galactose,Xanthine,0.14579286198371777,-0.9971166335968432,0.8483620662042667,0.007755633144675912,0.03714298882345674,8,0.9388946055488563,Z-score,,,,0.14579286198371777,0.03714298882345674
250,L-malate,Xanthine,0.24490482403609426,-0.2648672454747733,0.11832927537773505,0.8233344993875298,1.027574211158368,6,0.9156492670746804,Z-score,,,,0.24490482403609426,1.027574211158368
251,L-alanine,Xanthine,0.25689073055295275,-1.2038368531741634,0.7581080962736199,0.08069078721685846,0.11048943597363302,6,0.9769520338595524,Z-score,,,,0.25689073055295275,0.11048943597363302
252,Galactose,Xanthosine,0.3440036427215741,-1.3824487213259165,0.9654626811552576,5.970606841567156e-06,0.032821563672267684,10,0.9870744126041301,Z-score,,,,0.3440036427215741,0.032821563672267684
253,L-malate,Xanthosine,2.0617044147548356,-1.4437289448803965,0.9637998825740945,7.191607399456734e-06,0.20164996123295895,10,0.9634850715430779,Z-score,,,,2.0617044147548356,0.20164996123295895
254,L-alanine,Xanthosine,1.7176991907490322,-1.5296026712977884,0.9980629495607779,1.0512648244698629e-09,0.04046832277762149,9,0.9989429597305255,Z-score,,,,1.7176991907490322,0.04046832277762149
255,Galactose,cAMP,0.5075856020134106,-1.3519995831542337,0.9799535044012546,3.6827892468557526e-06,0.03900331599824343,9,0.9920402000631715,Z-score,,,,0.5075856020134106,0.03900331599824343
256,L-malate,cAMP,0.7807760802672025,-1.3808822426216523,0.9050531007920432,0.0007905579165129244,0.13867473831807695,9,0.9854779511101802,Z-score,,,,0.7807760802672025,0.13867473831807695
257,L-alanine,cAMP,1.4464970502895045,-1.5439862968896103,0.9963111627300094,1.000211202777134e-08,0.0470904024750145,9,0.9948886455822711,Z-score,,,,1.4464970502895045,0.0470904024750145
